{"type":"FeatureCollection","features":[{"type":"Feature","geometry":{"type":"Point","coordinates":[141.102222,41.816389]},"properties":{"name":"高岱","addr":"函館市高岱町237","org":"北海道開発局","avg":443.0,"max":456.0,"latest":436.0,"latestYear":2013,"years":3}},{"type":"Feature","geometry":{"type":"Point","coordinates":[140.215556,41.411944]},"properties":{"name":"松浦","addr":"松前郡福島町字松浦386の1","org":"北海道開発局","avg":807.3,"max":925.0,"latest":625.0,"latestYear":2013,"years":3}},{"type":"Feature","geometry":{"type":"Point","coordinates":[140.431667,41.662778]},"properties":{"name":"新道","addr":"上磯郡木古内町字新道107-20もより","org":"北海道開発局","avg":1147.0,"max":1191.0,"latest":1103.0,"latestYear":2013,"years":2}},{"type":"Feature","geometry":{"type":"Point","coordinates":[140.641111,41.975833]},"properties":{"name":"西大沼","addr":"亀田郡七飯町字西大沼","org":"北海道開発局","avg":847.5,"max":979.0,"latest":716.0,"latestYear":2013,"years":2}},{"type":"Feature","geometry":{"type":"Point","coordinates":[140.091111,42.181389]},"properties":{"name":"雲石","addr":"二海郡八雲町鉛川","org":"北海道開発局","avg":1269.3,"max":1410.0,"latest":1143.0,"latestYear":2013,"years":3}},{"type":"Feature","geometry":{"type":"Point","coordinates":[140.131667,41.977778]},"properties":{"name":"館浦","addr":"爾志郡乙部町字館浦140番の2","org":"北海道開発局","avg":353.3,"max":622.0,"latest":167.0,"latestYear":2013,"years":3}},{"type":"Feature","geometry":{"type":"Point","coordinates":[139.996389,41.637778]},"properties":{"name":"小砂子","addr":"檜山郡上ノ国町小砂子261","org":"北海道開発局","avg":425.7,"max":534.0,"latest":291.0,"latestYear":2013,"years":3}},{"type":"Feature","geometry":{"type":"Point","coordinates":[139.825556,42.593889]},"properties":{"name":"須築","addr":"久遠郡せたな町瀬棚区北島歌","org":"北海道開発局","avg":710.0,"max":863.0,"latest":557.0,"latestYear":2013,"years":2}},{"type":"Feature","geometry":{"type":"Point","coordinates":[140.462222,42.596944]},"properties":{"name":"静狩","addr":"山越郡長万部町字静狩397番1","org":"北海道開発局","avg":1053.5,"max":1119.0,"latest":988.0,"latestYear":2013,"years":2}},{"type":"Feature","geometry":{"type":"Point","coordinates":[139.911667,42.155]},"properties":{"name":"長磯","addr":"久遠郡せたな町大成区長磯","org":"北海道開発局","avg":509.3,"max":609.0,"latest":381.0,"latestYear":2013,"years":3}},{"type":"Feature","geometry":{"type":"Point","coordinates":[140.85358,42.47457]},"properties":{"name":"伊達市消防本部","addr":"北海道伊達市山下町13-1","org":"伊達市","avg":65.8,"max":70.1,"latest":61.5,"latestYear":2002,"years":2}},{"type":"Feature","geometry":{"type":"Point","coordinates":[140.879691,42.469937]},"properties":{"name":"西胆振消防組合伊達消防署","addr":"北海道伊達市松ヶ枝町13-1","org":"伊達市","avg":155.2,"max":194.2,"latest":98.0,"latestYear":2013,"years":5}},{"type":"Feature","geometry":{"type":"Point","coordinates":[141.08156,42.67649]},"properties":{"name":"大滝","addr":"北海道伊達市大滝区本町","org":"伊達市","avg":892.4,"max":1339.0,"latest":891.0,"latestYear":2013,"years":30}},{"type":"Feature","geometry":{"type":"Point","coordinates":[140.84143,42.6659]},"properties":{"name":"洞爺地区観測所","addr":"北海道虻田郡洞爺湖町大原","org":"洞爺湖町","avg":664.1,"max":910.0,"latest":718.0,"latestYear":2013,"years":23}},{"type":"Feature","geometry":{"type":"Point","coordinates":[140.59877,42.61205]},"properties":{"name":"大岸","addr":"北海道虻田郡豊浦町字大岸","org":"豊浦町","avg":598.8,"max":809.0,"latest":648.0,"latestYear":2013,"years":30}},{"type":"Feature","geometry":{"type":"Point","coordinates":[141.810912,43.429201]},"properties":{"name":"浦臼町営野球場","addr":"北海道樺戸郡浦臼町字浦臼内184-61","org":"浦臼町","avg":822.7,"max":1268.0,"latest":674.0,"latestYear":2013,"years":18}},{"type":"Feature","geometry":{"type":"Point","coordinates":[141.917996,43.158934]},"properties":{"name":"栗沢町美流渡","addr":"岩見沢市栗沢町美流渡","org":"北海道","avg":1006.4,"max":1698.0,"latest":1316.0,"latestYear":2013,"years":10}},{"type":"Feature","geometry":{"type":"Point","coordinates":[141.982645,43.146817]},"properties":{"name":"栗沢町万字","addr":"岩見沢市栗沢町万字","org":"北海道","avg":1034.1,"max":1756.0,"latest":1756.0,"latestYear":2013,"years":13}},{"type":"Feature","geometry":{"type":"Point","coordinates":[141.991832,43.246358]},"properties":{"name":"三笠市桂沢","addr":"三笠市桂沢","org":"北海道","avg":1411.3,"max":3488.0,"latest":2277.0,"latestYear":2013,"years":10}},{"type":"Feature","geometry":{"type":"Point","coordinates":[142.20774,43.612824]},"properties":{"name":"芦別市新城","addr":"芦別市新城","org":"北海道","avg":1057.1,"max":1975.0,"latest":894.0,"latestYear":2013,"years":14}},{"type":"Feature","geometry":{"type":"Point","coordinates":[142.184878,43.516834]},"properties":{"name":"芦別市奥芦別","addr":"芦別市奥芦別","org":"北海道","avg":987.1,"max":1831.0,"latest":1672.0,"latestYear":2013,"years":13}},{"type":"Feature","geometry":{"type":"Point","coordinates":[141.693693,43.6884]},"properties":{"name":"雨竜町国領","addr":"雨竜郡雨竜町国領","org":"北海道","avg":959.0,"max":1920.0,"latest":1920.0,"latestYear":2011,"years":11}},{"type":"Feature","geometry":{"type":"Point","coordinates":[142.01456,43.49462]},"properties":{"name":"歌志内市中村","addr":"歌志内市中村","org":"北海道","avg":1042.8,"max":2078.0,"latest":2078.0,"latestYear":2013,"years":13}},{"type":"Feature","geometry":{"type":"Point","coordinates":[141.990199,43.468729]},"properties":{"name":"上砂川町上砂川","addr":"空知郡上砂川町上砂川","org":"北海道","avg":906.1,"max":2049.0,"latest":2049.0,"latestYear":2013,"years":14}},{"type":"Feature","geometry":{"type":"Point","coordinates":[141.881327,43.427984]},"properties":{"name":"奈井江町奈井江","addr":"空知郡奈井江町奈井江","org":"北海道","avg":892.0,"max":1717.0,"latest":1571.0,"latestYear":2013,"years":18}},{"type":"Feature","geometry":{"type":"Point","coordinates":[142.042152,43.814896]},"properties":{"name":"深川市多度志","addr":"深川市多度志","org":"北海道","avg":1017.2,"max":1195.0,"latest":995.0,"latestYear":2000,"years":6}},{"type":"Feature","geometry":{"type":"Point","coordinates":[141.87363,43.84547]},"properties":{"name":"沼田町恵比島","addr":"雨竜郡沼田町恵比島","org":"北海道","avg":1229.8,"max":2193.0,"latest":1935.0,"latestYear":2013,"years":14}},{"type":"Feature","geometry":{"type":"Point","coordinates":[141.932651,43.807412]},"properties":{"name":"沼田町達布峠","addr":"雨竜郡沼田町達布峠","org":"北海道","avg":1422.9,"max":4303.0,"latest":1858.0,"latestYear":2013,"years":14}},{"type":"Feature","geometry":{"type":"Point","coordinates":[142.053418,43.722338]},"properties":{"name":"深川市上湯内","addr":"深川市上湯内","org":"北海道","avg":950.1,"max":1601.0,"latest":1386.0,"latestYear":2013,"years":14}},{"type":"Feature","geometry":{"type":"Point","coordinates":[141.881907,43.768172]},"properties":{"name":"北竜町御料峠","addr":"雨竜郡北竜町御料峠","org":"北海道","avg":1493.1,"max":3175.0,"latest":2451.0,"latestYear":2013,"years":17}},{"type":"Feature","geometry":{"type":"Point","coordinates":[142.151359,44.009155]},"properties":{"name":"幌加内町江丹別峠","addr":"雨竜郡幌加内町江丹別峠","org":"北海道","avg":997.7,"max":1733.0,"latest":618.0,"latestYear":2009,"years":10}},{"type":"Feature","geometry":{"type":"Point","coordinates":[142.151359,44.009155]},"properties":{"name":"幌加内町和寒峠","addr":"雨竜郡幌加内町和寒峠","org":"北海道","avg":856.3,"max":1483.0,"latest":603.0,"latestYear":2009,"years":10}},{"type":"Feature","geometry":{"type":"Point","coordinates":[142.262036,44.36339]},"properties":{"name":"幌加内町母子里","addr":"雨竜郡幌加内町母子里","org":"北海道","avg":1007.2,"max":1866.0,"latest":661.0,"latestYear":2009,"years":10}},{"type":"Feature","geometry":{"type":"Point","coordinates":[141.491915,43.428624]},"properties":{"name":"厚田村発足","addr":"石狩市厚田区厚田発足","org":"北海道","avg":1041.2,"max":1758.0,"latest":1573.0,"latestYear":2013,"years":14}},{"type":"Feature","geometry":{"type":"Point","coordinates":[141.493611,43.094618]},"properties":{"name":"江別市西インター","addr":"北海道江別市元野幌","org":"北海道","avg":732.3,"max":1301.0,"latest":1152.0,"latestYear":2013,"years":18}},{"type":"Feature","geometry":{"type":"Point","coordinates":[141.47756,43.243689]},"properties":{"name":"当別町上当別","addr":"石狩郡当別町上当別","org":"北海道","avg":646.9,"max":1380.0,"latest":962.0,"latestYear":2013,"years":14}},{"type":"Feature","geometry":{"type":"Point","coordinates":[141.420518,43.185939]},"properties":{"name":"当別町美登江","addr":"石狩郡当別町美登江","org":"北海道","avg":752.5,"max":1244.0,"latest":1244.0,"latestYear":2013,"years":14}},{"type":"Feature","geometry":{"type":"Point","coordinates":[141.576263,43.218856]},"properties":{"name":"新篠津村36線","addr":"石狩郡新篠津村36線","org":"北海道","avg":1474.9,"max":2806.0,"latest":2702.0,"latestYear":2013,"years":14}},{"type":"Feature","geometry":{"type":"Point","coordinates":[141.516781,43.223245]},"properties":{"name":"当別町玉の湯","addr":"石狩郡当別町玉の湯","org":"北海道","avg":1084.9,"max":1862.0,"latest":1521.0,"latestYear":2013,"years":14}},{"type":"Feature","geometry":{"type":"Point","coordinates":[141.56236,43.319737]},"properties":{"name":"当別町青山中央","addr":"石狩郡当別町青山中央","org":"北海道","avg":981.1,"max":1651.0,"latest":1344.0,"latestYear":2013,"years":17}},{"type":"Feature","geometry":{"type":"Point","coordinates":[141.995321,43.079211]},"properties":{"name":"夕張市丁未","addr":"夕張市丁未","org":"北海道","avg":1097.7,"max":2058.0,"latest":2058.0,"latestYear":2013,"years":14}},{"type":"Feature","geometry":{"type":"Point","coordinates":[141.967357,43.024654]},"properties":{"name":"夕張市千代田","addr":"夕張市千代田","org":"北海道","avg":647.9,"max":1026.0,"latest":363.0,"latestYear":2006,"years":8}},{"type":"Feature","geometry":{"type":"Point","coordinates":[141.560813,42.89373]},"properties":{"name":"恵庭市柏木町","addr":"恵庭市柏木町","org":"北海道","avg":898.7,"max":2606.0,"latest":2058.0,"latestYear":2013,"years":14}},{"type":"Feature","geometry":{"type":"Point","coordinates":[141.483863,42.845166]},"properties":{"name":"恵庭市盤尻","addr":"恵庭市盤尻","org":"北海道","avg":644.4,"max":1206.0,"latest":683.0,"latestYear":2012,"years":12}},{"type":"Feature","geometry":{"type":"Point","coordinates":[141.48297,42.79776]},"properties":{"name":"千歳市水明郷","addr":"千歳市水明郷","org":"北海道","avg":938.7,"max":2123.0,"latest":1572.0,"latestYear":2013,"years":14}},{"type":"Feature","geometry":{"type":"Point","coordinates":[141.563414,43.010925]},"properties":{"name":"北広島市北の里","addr":"北広島市北の里","org":"北海道","avg":704.7,"max":1352.0,"latest":1178.0,"latestYear":2012,"years":16}},{"type":"Feature","geometry":{"type":"Point","coordinates":[140.945201,42.578282]},"properties":{"name":"壮瞥町久保内","addr":"有珠郡壮瞥町久保内","org":"北海道","avg":416.8,"max":574.0,"latest":380.0,"latestYear":2000,"years":6}},{"type":"Feature","geometry":{"type":"Point","coordinates":[142.68333,42.269163]},"properties":{"name":"三石町歌笛","addr":"日高郡新ひだか町三石歌笛","org":"北海道","avg":103.7,"max":127.0,"latest":49.0,"latestYear":2000,"years":6}},{"type":"Feature","geometry":{"type":"Point","coordinates":[140.88345,42.54979]},"properties":{"name":"壮瞥町オロフレ峠","addr":"有珠郡壮瞥町オロフレ峠","org":"北海道","avg":1314.4,"max":3221.0,"latest":1501.0,"latestYear":2013,"years":13}},{"type":"Feature","geometry":{"type":"Point","coordinates":[141.13949,42.677074]},"properties":{"name":"大滝村ホロホロ峠","addr":"伊達市大滝区三階滝町","org":"北海道","avg":921.8,"max":2557.0,"latest":1148.0,"latestYear":2013,"years":10}},{"type":"Feature","geometry":{"type":"Point","coordinates":[142.36937,42.34054]},"properties":{"name":"静内町静内","addr":"日高郡新ひだか町","org":"北海道","avg":404.1,"max":801.0,"latest":262.0,"latestYear":2013,"years":12}},{"type":"Feature","geometry":{"type":"Point","coordinates":[143.20276,41.9649]},"properties":{"name":"えりも町東洋","addr":"幌泉郡えりも町東洋","org":"北海道","avg":243.2,"max":526.0,"latest":174.0,"latestYear":2013,"years":9}},{"type":"Feature","geometry":{"type":"Point","coordinates":[142.569873,43.901379]},"properties":{"name":"愛別町南町1区","addr":"上川郡愛別町南町1区","org":"北海道","avg":732.8,"max":955.0,"latest":815.0,"latestYear":2000,"years":6}},{"type":"Feature","geometry":{"type":"Point","coordinates":[142.240871,43.890344]},"properties":{"name":"旭川市江丹別町中央95","addr":"旭川市江丹別町中央95","org":"北海道","avg":948.6,"max":1204.0,"latest":980.0,"latestYear":2001,"years":7}},{"type":"Feature","geometry":{"type":"Point","coordinates":[142.348352,43.836247]},"properties":{"name":"鷹栖町10線7号","addr":"上川郡鷹栖町10線7号","org":"北海道","avg":564.8,"max":697.0,"latest":567.0,"latestYear":2000,"years":6}},{"type":"Feature","geometry":{"type":"Point","coordinates":[142.798235,43.652495]},"properties":{"name":"東川町勇駒別","addr":"上川郡東川町勇駒別","org":"北海道","avg":2516.1,"max":2910.0,"latest":2795.0,"latestYear":2001,"years":7}},{"type":"Feature","geometry":{"type":"Point","coordinates":[142.524874,43.826675]},"properties":{"name":"当麻町5条東4丁目","addr":"上川郡当麻町5条東4丁目","org":"北海道","avg":639.8,"max":777.0,"latest":591.0,"latestYear":2000,"years":6}},{"type":"Feature","geometry":{"type":"Point","coordinates":[142.486999,44.135861]},"properties":{"name":"士別市上士別町12線","addr":"士別市上士別町12線","org":"北海道","avg":330.7,"max":382.0,"latest":329.0,"latestYear":2001,"years":7}},{"type":"Feature","geometry":{"type":"Point","coordinates":[142.261264,44.145337]},"properties":{"name":"士別市温根別町10線","addr":"士別市温根別町10線","org":"北海道","avg":911.1,"max":1074.0,"latest":978.0,"latestYear":2001,"years":7}},{"type":"Feature","geometry":{"type":"Point","coordinates":[142.401117,44.180525]},"properties":{"name":"士別市東7条2丁目","addr":"士別市東7条2丁目","org":"北海道","avg":641.9,"max":814.0,"latest":693.0,"latestYear":2001,"years":7}},{"type":"Feature","geometry":{"type":"Point","coordinates":[142.36646,44.29721]},"properties":{"name":"風連町瑞生3592","addr":"上川郡風連町瑞生3592","org":"北海道","avg":602.9,"max":892.0,"latest":581.0,"latestYear":2001,"years":7}},{"type":"Feature","geometry":{"type":"Point","coordinates":[142.603345,44.117251]},"properties":{"name":"朝日町上紋峠","addr":"士別市朝日町上紋峠","org":"北海道","avg":1414.8,"max":1755.0,"latest":1755.0,"latestYear":2013,"years":12}},{"type":"Feature","geometry":{"type":"Point","coordinates":[142.75011,44.09206]},"properties":{"name":"朝日町岩尾内","addr":"士別市朝日町岩尾内","org":"北海道","avg":3448.0,"max":8909.0,"latest":1429.0,"latestYear":2013,"years":9}},{"type":"Feature","geometry":{"type":"Point","coordinates":[142.46794,43.45579]},"properties":{"name":"上富良野町吹上","addr":"空知郡上富良野町吹上","org":"北海道","avg":1603.5,"max":4703.0,"latest":4703.0,"latestYear":2013,"years":12}},{"type":"Feature","geometry":{"type":"Point","coordinates":[142.05536,44.65305]},"properties":{"name":"中川町共和","addr":"中川郡中川町共和","org":"北海道","avg":1095.3,"max":1444.0,"latest":1444.0,"latestYear":2000,"years":6}},{"type":"Feature","geometry":{"type":"Point","coordinates":[142.08044,44.84443]},"properties":{"name":"中川町中川","addr":"中川郡中川町中川","org":"北海道","avg":673.3,"max":913.0,"latest":753.0,"latestYear":2000,"years":6}},{"type":"Feature","geometry":{"type":"Point","coordinates":[142.34752,42.99415]},"properties":{"name":"占冠村トマム","addr":"勇払郡占冠村トマム","org":"北海道","avg":644.2,"max":934.0,"latest":737.0,"latestYear":2013,"years":12}},{"type":"Feature","geometry":{"type":"Point","coordinates":[142.34752,42.99415]},"properties":{"name":"占冠村ニニウ","addr":"勇払郡占冠村ニニウ","org":"北海道","avg":741.8,"max":1319.0,"latest":975.0,"latestYear":2013,"years":12}},{"type":"Feature","geometry":{"type":"Point","coordinates":[142.57158,44.5441]},"properties":{"name":"美深町仁宇布","addr":"中川郡美深町仁宇布","org":"北海道","avg":895.8,"max":1202.0,"latest":1117.0,"latestYear":2000,"years":6}},{"type":"Feature","geometry":{"type":"Point","coordinates":[142.34041,44.48428]},"properties":{"name":"美深町西町","addr":"中川郡美深町西町","org":"北海道","avg":975.8,"max":1207.0,"latest":1022.0,"latestYear":2000,"years":6}},{"type":"Feature","geometry":{"type":"Point","coordinates":[142.34041,44.48428]},"properties":{"name":"美深町松山峠","addr":"中川郡美深町松山峠","org":"北海道","avg":1244.6,"max":1733.0,"latest":1733.0,"latestYear":2013,"years":11}},{"type":"Feature","geometry":{"type":"Point","coordinates":[142.46371,44.35567]},"properties":{"name":"名寄市知恵文","addr":"名寄市知恵文","org":"北海道","avg":641.5,"max":774.0,"latest":738.0,"latestYear":2000,"years":6}},{"type":"Feature","geometry":{"type":"Point","coordinates":[142.37769,44.36398]},"properties":{"name":"名寄市瑞穂","addr":"名寄市瑞穂","org":"北海道","avg":1315.5,"max":2018.0,"latest":1866.0,"latestYear":2013,"years":13}},{"type":"Feature","geometry":{"type":"Point","coordinates":[142.26442,44.73137]},"properties":{"name":"音威子府村音威子府","addr":"中川郡音威子府村音威子府","org":"北海道","avg":810.5,"max":972.0,"latest":967.0,"latestYear":2000,"years":6}},{"type":"Feature","geometry":{"type":"Point","coordinates":[142.2625,44.69129]},"properties":{"name":"音威子府村咲来峠","addr":"中川郡音威子府村咲来峠","org":"北海道","avg":1184.3,"max":1809.0,"latest":1111.0,"latestYear":2013,"years":10}},{"type":"Feature","geometry":{"type":"Point","coordinates":[140.99377,43.190414]},"properties":{"name":"小樽市朝里峠","addr":"小樽市朝里峠","org":"北海道","avg":1179.6,"max":1993.0,"latest":1993.0,"latestYear":2013,"years":18}},{"type":"Feature","geometry":{"type":"Point","coordinates":[140.68782,42.804528]},"properties":{"name":"ニセコ町五色温泉","addr":"虻田郡ニセコ町五色温泉","org":"北海道","avg":2209.3,"max":2728.0,"latest":2241.0,"latestYear":2000,"years":6}},{"type":"Feature","geometry":{"type":"Point","coordinates":[140.600416,42.789678]},"properties":{"name":"蘭越町昆布","addr":"磯谷郡蘭越町昆布","org":"北海道","avg":1161.8,"max":1555.0,"latest":1178.0,"latestYear":2000,"years":6}},{"type":"Feature","geometry":{"type":"Point","coordinates":[140.189206,42.744116]},"properties":{"name":"島牧村月越","addr":"島牧郡島牧村月越","org":"北海道","avg":698.4,"max":1371.0,"latest":1193.0,"latestYear":2013,"years":13}},{"type":"Feature","geometry":{"type":"Point","coordinates":[140.61082,42.81673]},"properties":{"name":"蘭越町湯の里","addr":"磯谷郡蘭越町湯の里","org":"北海道","avg":1536.4,"max":2148.0,"latest":1918.0,"latestYear":2013,"years":10}},{"type":"Feature","geometry":{"type":"Point","coordinates":[140.763133,43.153666]},"properties":{"name":"仁木町冷水","addr":"余市郡仁木町冷水","org":"北海道","avg":2618.6,"max":5459.0,"latest":2821.0,"latestYear":2013,"years":11}},{"type":"Feature","geometry":{"type":"Point","coordinates":[140.639822,43.265207]},"properties":{"name":"古平町サカサ川","addr":"古平郡古平町サカサ川","org":"北海道","avg":5562.6,"max":9734.0,"latest":1968.0,"latestYear":2013,"years":10}},{"type":"Feature","geometry":{"type":"Point","coordinates":[140.639822,43.265207]},"properties":{"name":"古平町廻り淵","addr":"古平郡古平町廻り淵","org":"北海道","avg":2536.9,"max":7048.0,"latest":1824.0,"latestYear":2013,"years":10}},{"type":"Feature","geometry":{"type":"Point","coordinates":[140.639822,43.265207]},"properties":{"name":"古平町望海橋","addr":"古平郡古平町望海橋","org":"北海道","avg":1422.0,"max":1422.0,"latest":1422.0,"latestYear":2004,"years":1}},{"type":"Feature","geometry":{"type":"Point","coordinates":[140.486481,43.181422]},"properties":{"name":"神恵内村当丸","addr":"古宇郡神恵内村当丸","org":"北海道","avg":3323.5,"max":8576.0,"latest":2899.0,"latestYear":2010,"years":14}},{"type":"Feature","geometry":{"type":"Point","coordinates":[140.486481,43.181422]},"properties":{"name":"神恵内村大雪崩","addr":"古宇郡神恵内村大雪崩","org":"北海道","avg":1347.4,"max":2899.0,"latest":1071.0,"latestYear":2013,"years":10}},{"type":"Feature","geometry":{"type":"Point","coordinates":[140.544081,43.313423]},"properties":{"name":"積丹町婦美","addr":"積丹郡積丹町婦美","org":"北海道","avg":584.5,"max":771.0,"latest":510.0,"latestYear":2000,"years":6}},{"type":"Feature","geometry":{"type":"Point","coordinates":[140.61272,43.036425]},"properties":{"name":"共和町発足","addr":"岩内郡共和町発足","org":"北海道","avg":458.3,"max":613.0,"latest":283.0,"latestYear":2000,"years":6}},{"type":"Feature","geometry":{"type":"Point","coordinates":[140.649793,42.814069]},"properties":{"name":"ニセコ町ニセコ","addr":"虻田郡ニセコ町ニセコ","org":"北海道","avg":1062.2,"max":1445.0,"latest":1057.0,"latestYear":2000,"years":6}},{"type":"Feature","geometry":{"type":"Point","coordinates":[140.80321,42.764283]},"properties":{"name":"真狩村真狩","addr":"虻田郡真狩村真狩","org":"北海道","avg":1088.7,"max":1388.0,"latest":1140.0,"latestYear":2000,"years":6}},{"type":"Feature","geometry":{"type":"Point","coordinates":[140.81404,41.9892]},"properties":{"name":"鹿部町鹿部","addr":"茅部郡鹿部町鹿部","org":"北海道","avg":623.9,"max":1619.0,"latest":821.0,"latestYear":2011,"years":7}},{"type":"Feature","geometry":{"type":"Point","coordinates":[140.90944,41.87063]},"properties":{"name":"函館市紅葉山","addr":"函館市紅葉山","org":"北海道","avg":254.3,"max":355.0,"latest":317.0,"latestYear":2009,"years":15}},{"type":"Feature","geometry":{"type":"Point","coordinates":[140.396993,41.704582]},"properties":{"name":"木古内町中野","addr":"上磯郡木古内町中野","org":"北海道","avg":509.6,"max":628.0,"latest":450.0,"latestYear":2001,"years":7}},{"type":"Feature","geometry":{"type":"Point","coordinates":[140.43776,41.67843]},"properties":{"name":"木古内町稲穂峠","addr":"上磯郡木古内町稲穂峠","org":"北海道","avg":924.9,"max":1937.0,"latest":839.0,"latestYear":2013,"years":11}},{"type":"Feature","geometry":{"type":"Point","coordinates":[140.419299,41.531276]},"properties":{"name":"知内町小谷石","addr":"上磯郡知内町小谷石","org":"北海道","avg":720.9,"max":1999.0,"latest":617.0,"latestYear":2013,"years":9}},{"type":"Feature","geometry":{"type":"Point","coordinates":[140.34158,41.507497]},"properties":{"name":"福島町岩部","addr":"松前郡福島町岩部","org":"北海道","avg":638.4,"max":1297.0,"latest":1158.0,"latestYear":2013,"years":9}},{"type":"Feature","geometry":{"type":"Point","coordinates":[140.586573,42.10809]},"properties":{"name":"森町新川町","addr":"茅部郡森町新川町","org":"北海道","avg":166.2,"max":227.0,"latest":52.0,"latestYear":2000,"years":6}},{"type":"Feature","geometry":{"type":"Point","coordinates":[140.156675,42.287397]},"properties":{"name":"八雲町上八雲","addr":"二海郡八雲町上八雲","org":"北海道","avg":1007.2,"max":1886.0,"latest":1886.0,"latestYear":2013,"years":12}},{"type":"Feature","geometry":{"type":"Point","coordinates":[140.273423,42.254281]},"properties":{"name":"八雲町山蕗トンネル","addr":"二海郡八雲町山蕗トンネル","org":"北海道","avg":687.3,"max":1241.0,"latest":1149.0,"latestYear":2013,"years":18}},{"type":"Feature","geometry":{"type":"Point","coordinates":[140.241599,42.579344]},"properties":{"name":"長万部町大峯","addr":"山越郡長万部町大峯","org":"北海道","avg":1080.3,"max":1707.0,"latest":1486.0,"latestYear":2013,"years":9}},{"type":"Feature","geometry":{"type":"Point","coordinates":[140.243591,41.750832]},"properties":{"name":"上ノ国町湯ノ岱","addr":"檜山郡上ノ国町湯ノ岱","org":"北海道","avg":605.0,"max":996.0,"latest":466.0,"latestYear":2001,"years":7}},{"type":"Feature","geometry":{"type":"Point","coordinates":[139.999609,42.318592]},"properties":{"name":"今金町日進峠","addr":"瀬棚郡今金町日進峠","org":"北海道","avg":655.7,"max":979.0,"latest":521.0,"latestYear":2013,"years":12}},{"type":"Feature","geometry":{"type":"Point","coordinates":[139.999609,42.318592]},"properties":{"name":"今金町日進","addr":"瀬棚郡今金町日進","org":"北海道","avg":901.2,"max":1028.0,"latest":969.0,"latestYear":2000,"years":6}},{"type":"Feature","geometry":{"type":"Point","coordinates":[139.798314,42.284539]},"properties":{"name":"大成町太田","addr":"久遠郡せたな町大成区太田","org":"北海道","avg":151.6,"max":274.0,"latest":16.0,"latestYear":2013,"years":9}},{"type":"Feature","geometry":{"type":"Point","coordinates":[140.185678,42.47727]},"properties":{"name":"今金町美利河","addr":"瀬棚郡今金町美利河","org":"北海道","avg":578.5,"max":869.0,"latest":407.0,"latestYear":2007,"years":13}},{"type":"Feature","geometry":{"type":"Point","coordinates":[139.512915,42.172339]},"properties":{"name":"奥尻町奥尻","addr":"奥尻郡奥尻町奥尻","org":"北海道","avg":414.7,"max":897.0,"latest":511.0,"latestYear":2011,"years":16}},{"type":"Feature","geometry":{"type":"Point","coordinates":[144.09395,43.82131]},"properties":{"name":"美幌町元町5-113","addr":"網走郡美幌町元町5-113","org":"北海道","avg":245.5,"max":286.0,"latest":235.0,"latestYear":2000,"years":6}},{"type":"Feature","geometry":{"type":"Point","coordinates":[144.51115,43.70882]},"properties":{"name":"清里町緑","addr":"斜里郡清里町緑","org":"北海道","avg":277.6,"max":337.0,"latest":309.0,"latestYear":2001,"years":7}},{"type":"Feature","geometry":{"type":"Point","coordinates":[143.61499,44.22804]},"properties":{"name":"湧別町緑町","addr":"紋別郡湧別町緑町","org":"北海道","avg":323.0,"max":403.0,"latest":369.0,"latestYear":2000,"years":6}},{"type":"Feature","geometry":{"type":"Point","coordinates":[143.12451,44.47043]},"properties":{"name":"興部町興部","addr":"紋別郡興部町興部","org":"北海道","avg":244.7,"max":405.0,"latest":405.0,"latestYear":2000,"years":6}},{"type":"Feature","geometry":{"type":"Point","coordinates":[142.73845,44.53574]},"properties":{"name":"雄武町上幌内","addr":"紋別郡雄武町上幌内","org":"北海道","avg":804.3,"max":1226.0,"latest":387.0,"latestYear":2000,"years":6}},{"type":"Feature","geometry":{"type":"Point","coordinates":[142.85591,44.61959]},"properties":{"name":"雄武町幌内","addr":"紋別郡雄武町幌内","org":"北海道","avg":426.3,"max":591.0,"latest":591.0,"latestYear":2000,"years":6}},{"type":"Feature","geometry":{"type":"Point","coordinates":[144.02626,43.70613]},"properties":{"name":"津別町鹿子峠","addr":"網走郡津別町鹿子峠","org":"北海道","avg":447.7,"max":941.0,"latest":905.0,"latestYear":2013,"years":18}},{"type":"Feature","geometry":{"type":"Point","coordinates":[144.4697,43.85751]},"properties":{"name":"小清水町小清水峠","addr":"斜里郡小清水町小清水峠","org":"北海道","avg":1188.2,"max":2549.0,"latest":2369.0,"latestYear":2013,"years":12}},{"type":"Feature","geometry":{"type":"Point","coordinates":[144.27304,44.02047]},"properties":{"name":"網走市網走端野","addr":"網走市網走端野","org":"北海道","avg":1866.9,"max":7128.0,"latest":7128.0,"latestYear":2011,"years":9}},{"type":"Feature","geometry":{"type":"Point","coordinates":[143.97499,44.12691]},"properties":{"name":"常呂町北見常呂","addr":"北見市常呂町北見常呂","org":"北海道","avg":858.7,"max":2124.0,"latest":2124.0,"latestYear":2013,"years":12}},{"type":"Feature","geometry":{"type":"Point","coordinates":[143.6817,43.64605]},"properties":{"name":"訓子府町美園峠","addr":"常呂郡訓子府町美園峠","org":"北海道","avg":1495.0,"max":1495.0,"latest":1495.0,"latestYear":2011,"years":1}},{"type":"Feature","geometry":{"type":"Point","coordinates":[143.56615,44.14968]},"properties":{"name":"湧別町武勇峠","addr":"紋別郡湧別町武勇峠","org":"北海道","avg":533.2,"max":1179.0,"latest":1179.0,"latestYear":2013,"years":17}},{"type":"Feature","geometry":{"type":"Point","coordinates":[143.13795,43.89791]},"properties":{"name":"遠軽町上原峠","addr":"紋別郡遠軽町上原峠","org":"北海道","avg":689.9,"max":1316.0,"latest":1316.0,"latestYear":2013,"years":9}},{"type":"Feature","geometry":{"type":"Point","coordinates":[142.85591,44.61959]},"properties":{"name":"雄武町幌内越峠","addr":"紋別郡雄武町幌内越峠","org":"北海道","avg":1419.6,"max":3158.0,"latest":3158.0,"latestYear":2013,"years":10}},{"type":"Feature","geometry":{"type":"Point","coordinates":[143.07922,44.1946]},"properties":{"name":"滝上町札久留峠","addr":"紋別郡滝上町札久留峠","org":"北海道","avg":3883.3,"max":8823.0,"latest":5578.0,"latestYear":2013,"years":10}},{"type":"Feature","geometry":{"type":"Point","coordinates":[142.96686,42.81525]},"properties":{"name":"芽室町上美生","addr":"河西郡芽室町上美生","org":"北海道","avg":332.7,"max":574.0,"latest":247.0,"latestYear":2001,"years":7}},{"type":"Feature","geometry":{"type":"Point","coordinates":[143.33092,42.78307]},"properties":{"name":"幕別町糠内","addr":"中川郡幕別町糠内","org":"北海道","avg":209.0,"max":306.0,"latest":149.0,"latestYear":2001,"years":7}},{"type":"Feature","geometry":{"type":"Point","coordinates":[142.99013,43.09903]},"properties":{"name":"鹿追町然別湖畔","addr":"河東郡鹿追町然別湖畔","org":"北海道","avg":468.9,"max":642.0,"latest":478.0,"latestYear":2001,"years":7}},{"type":"Feature","geometry":{"type":"Point","coordinates":[142.83879,43.07944]},"properties":{"name":"新得町トムラウシ","addr":"上川郡新得町トムラウシ","org":"北海道","avg":330.7,"max":494.0,"latest":272.0,"latestYear":2011,"years":16}},{"type":"Feature","geometry":{"type":"Point","coordinates":[143.47874,42.7952]},"properties":{"name":"豊頃町茂岩","addr":"中川郡豊頃町茂岩","org":"北海道","avg":169.2,"max":233.0,"latest":161.0,"latestYear":2000,"years":5}},{"type":"Feature","geometry":{"type":"Point","coordinates":[143.10599,42.58422]},"properties":{"name":"更別村更南","addr":"河西郡更別村更南","org":"北海道","avg":1046.2,"max":2259.0,"latest":808.0,"latestYear":2012,"years":4}},{"type":"Feature","geometry":{"type":"Point","coordinates":[143.3539,42.908]},"properties":{"name":"幕別町農野牛","addr":"中川郡幕別町農野牛","org":"北海道","avg":638.0,"max":866.0,"latest":743.0,"latestYear":2012,"years":4}},{"type":"Feature","geometry":{"type":"Point","coordinates":[143.37381,42.69105]},"properties":{"name":"豊頃町薄別","addr":"中川郡豊頃町薄別","org":"北海道","avg":749.8,"max":1284.0,"latest":690.0,"latestYear":2013,"years":5}},{"type":"Feature","geometry":{"type":"Point","coordinates":[144.29359,43.06202]},"properties":{"name":"釧路市北斗","addr":"釧路市北斗","org":"北海道","avg":345.7,"max":562.0,"latest":562.0,"latestYear":2013,"years":7}},{"type":"Feature","geometry":{"type":"Point","coordinates":[145.79604,43.37617]},"properties":{"name":"根室市納沙布","addr":"根室市納沙布","org":"北海道","avg":314.6,"max":972.0,"latest":972.0,"latestYear":2013,"years":9}},{"type":"Feature","geometry":{"type":"Point","coordinates":[144.45216,43.49985]},"properties":{"name":"弟子屈町摩周","addr":"川上郡弟子屈町摩周","org":"北海道","avg":875.4,"max":2214.0,"latest":1477.0,"latestYear":2013,"years":10}},{"type":"Feature","geometry":{"type":"Point","coordinates":[144.54158,43.24993]},"properties":{"name":"標茶町オソツベツ","addr":"川上郡標茶町オソツベツ","org":"北海道","avg":409.3,"max":735.0,"latest":735.0,"latestYear":2011,"years":7}},{"type":"Feature","geometry":{"type":"Point","coordinates":[145.18791,44.02666]},"properties":{"name":"羅臼町羅臼","addr":"目梨郡羅臼町羅臼","org":"北海道","avg":661.3,"max":1625.0,"latest":1625.0,"latestYear":2011,"years":6}},{"type":"Feature","geometry":{"type":"Point","coordinates":[144.97139,43.55628]},"properties":{"name":"中標津町清里峠","addr":"標津郡中標津町清里峠","org":"北海道","avg":764.3,"max":1637.0,"latest":1122.0,"latestYear":2012,"years":7}},{"type":"Feature","geometry":{"type":"Point","coordinates":[144.46799,42.99596]},"properties":{"name":"釧路町賤夫向","addr":"釧路郡釧路町賤夫向","org":"北海道","avg":161.5,"max":273.0,"latest":273.0,"latestYear":2012,"years":4}},{"type":"Feature","geometry":{"type":"Point","coordinates":[141.68559,44.01741]},"properties":{"name":"小平町小平","addr":"留萌郡小平町小平","org":"北海道","avg":1005.8,"max":1236.0,"latest":1030.0,"latestYear":2001,"years":5}},{"type":"Feature","geometry":{"type":"Point","coordinates":[141.98306,44.09879]},"properties":{"name":"小平町川上","addr":"留萌郡小平町川上","org":"北海道","avg":1064.5,"max":1220.0,"latest":1220.0,"latestYear":2000,"years":4}},{"type":"Feature","geometry":{"type":"Point","coordinates":[141.8902,44.21555]},"properties":{"name":"苫前町霧平峠","addr":"苫前郡苫前町霧平峠","org":"北海道","avg":1246.2,"max":1804.0,"latest":1631.0,"latestYear":2013,"years":13}},{"type":"Feature","geometry":{"type":"Point","coordinates":[141.85027,44.05072]},"properties":{"name":"小平町達布","addr":"留萌郡小平町達布","org":"北海道","avg":965.1,"max":1262.0,"latest":1000.0,"latestYear":2005,"years":11}},{"type":"Feature","geometry":{"type":"Point","coordinates":[141.63121,43.80324]},"properties":{"name":"増毛町信砂御料","addr":"増毛郡増毛町信砂御料","org":"北海道","avg":1180.5,"max":1887.0,"latest":1243.0,"latestYear":2005,"years":11}},{"type":"Feature","geometry":{"type":"Point","coordinates":[141.49655,43.77213]},"properties":{"name":"増毛町暑寒沢","addr":"増毛郡増毛町暑寒沢","org":"北海道","avg":1169.0,"max":1842.0,"latest":1140.0,"latestYear":2005,"years":7}},{"type":"Feature","geometry":{"type":"Point","coordinates":[141.67227,43.93486]},"properties":{"name":"留萌市東雲町","addr":"留萌市東雲町","org":"北海道","avg":1282.1,"max":3611.0,"latest":3611.0,"latestYear":2004,"years":10}},{"type":"Feature","geometry":{"type":"Point","coordinates":[141.63763,43.94085]},"properties":{"name":"留萌市奥幌糠","addr":"留萌市奥幌糠","org":"北海道","avg":1145.8,"max":1592.0,"latest":1592.0,"latestYear":2000,"years":4}},{"type":"Feature","geometry":{"type":"Point","coordinates":[141.63763,43.94085]},"properties":{"name":"留萌市峠下","addr":"留萌市峠下","org":"北海道","avg":852.2,"max":954.0,"latest":954.0,"latestYear":2001,"years":4}},{"type":"Feature","geometry":{"type":"Point","coordinates":[141.88164,44.31468]},"properties":{"name":"羽幌町上羽幌","addr":"苫前郡羽幌町上羽幌","org":"北海道","avg":648.1,"max":1365.0,"latest":725.0,"latestYear":2010,"years":16}},{"type":"Feature","geometry":{"type":"Point","coordinates":[141.84305,44.36853]},"properties":{"name":"羽幌町曙","addr":"苫前郡羽幌町曙","org":"北海道","avg":665.6,"max":1110.0,"latest":550.0,"latestYear":2010,"years":16}},{"type":"Feature","geometry":{"type":"Point","coordinates":[141.30922,44.42644]},"properties":{"name":"羽幌町天売","addr":"苫前郡羽幌町天売","org":"北海道","avg":809.7,"max":1200.0,"latest":733.0,"latestYear":2001,"years":7}},{"type":"Feature","geometry":{"type":"Point","coordinates":[141.39708,44.43887]},"properties":{"name":"羽幌町焼尻","addr":"苫前郡羽幌町焼尻","org":"北海道","avg":647.8,"max":1326.0,"latest":485.0,"latestYear":2010,"years":16}},{"type":"Feature","geometry":{"type":"Point","coordinates":[141.77454,44.18861]},"properties":{"name":"苫前町三渓","addr":"苫前郡苫前町三渓","org":"北海道","avg":883.6,"max":1907.0,"latest":944.0,"latestYear":2010,"years":16}},{"type":"Feature","geometry":{"type":"Point","coordinates":[141.79161,44.71978]},"properties":{"name":"遠別町本町","addr":"天塩郡遠別町本町","org":"北海道","avg":549.9,"max":861.0,"latest":629.0,"latestYear":2004,"years":7}},{"type":"Feature","geometry":{"type":"Point","coordinates":[141.94316,44.62078]},"properties":{"name":"遠別町東野","addr":"天塩郡遠別町東野","org":"北海道","avg":793.9,"max":1129.0,"latest":217.0,"latestYear":2003,"years":9}},{"type":"Feature","geometry":{"type":"Point","coordinates":[141.968,44.5463]},"properties":{"name":"遠別町大成","addr":"天塩郡遠別町大成","org":"北海道","avg":1156.0,"max":2054.0,"latest":1141.0,"latestYear":2001,"years":4}},{"type":"Feature","geometry":{"type":"Point","coordinates":[141.79201,44.72226]},"properties":{"name":"遠別町咲花","addr":"天塩郡遠別町咲花","org":"北海道","avg":824.6,"max":1383.0,"latest":1074.0,"latestYear":2013,"years":11}},{"type":"Feature","geometry":{"type":"Point","coordinates":[141.74492,44.8881]},"properties":{"name":"天塩町泉源","addr":"天塩郡天塩町泉源","org":"北海道","avg":708.4,"max":1361.0,"latest":335.0,"latestYear":2002,"years":8}},{"type":"Feature","geometry":{"type":"Point","coordinates":[141.74492,44.8881]},"properties":{"name":"天塩町六志内","addr":"天塩郡天塩町六志内","org":"北海道","avg":560.3,"max":967.0,"latest":268.0,"latestYear":2004,"years":7}},{"type":"Feature","geometry":{"type":"Point","coordinates":[142.04636,45.05783]},"properties":{"name":"幌延町上問寒_他","addr":"天塩郡幌延町上問寒","org":"北海道","avg":893.9,"max":2171.0,"latest":160.0,"latestYear":2003,"years":9}},{"type":"Feature","geometry":{"type":"Point","coordinates":[141.73572,45.03314]},"properties":{"name":"幌延町新興","addr":"天塩郡幌延町新興","org":"北海道","avg":656.3,"max":982.0,"latest":269.0,"latestYear":2003,"years":6}},{"type":"Feature","geometry":{"type":"Point","coordinates":[141.89085,45.01]},"properties":{"name":"幌延町上幌延","addr":"天塩郡幌延町上幌延","org":"北海道","avg":1878.4,"max":3996.0,"latest":1899.0,"latestYear":2013,"years":14}},{"type":"Feature","geometry":{"type":"Point","coordinates":[142.04636,45.05783]},"properties":{"name":"幌延町上問寒_情","addr":"天塩郡幌延町上問寒","org":"北海道","avg":685.4,"max":1379.0,"latest":863.0,"latestYear":2013,"years":14}},{"type":"Feature","geometry":{"type":"Point","coordinates":[141.73572,45.03314]},"properties":{"name":"幌延町知駒峠","addr":"天塩郡幌延町知駒峠","org":"北海道","avg":1598.7,"max":5139.0,"latest":1984.0,"latestYear":2013,"years":14}},{"type":"Feature","geometry":{"type":"Point","coordinates":[141.68495,45.00729]},"properties":{"name":"幌延町浜里","addr":"天塩郡幌延町浜里","org":"北海道","avg":1348.0,"max":3085.0,"latest":1333.0,"latestYear":2013,"years":8}},{"type":"Feature","geometry":{"type":"Point","coordinates":[141.73572,45.03314]},"properties":{"name":"幌延町熊越峠","addr":"天塩郡幌延町熊越峠","org":"北海道","avg":917.1,"max":1641.0,"latest":1137.0,"latestYear":2013,"years":14}},{"type":"Feature","geometry":{"type":"Point","coordinates":[141.67052,45.26875]},"properties":{"name":"稚内市抜海","addr":"稚内市抜海","org":"北海道","avg":728.0,"max":1334.0,"latest":984.0,"latestYear":2013,"years":12}},{"type":"Feature","geometry":{"type":"Point","coordinates":[141.67395,45.4156]},"properties":{"name":"稚内市上豊別","addr":"稚内市上豊別","org":"北海道","avg":1148.7,"max":2085.0,"latest":1338.0,"latestYear":2013,"years":12}},{"type":"Feature","geometry":{"type":"Point","coordinates":[142.10318,45.33524]},"properties":{"name":"猿払村鬼志別","addr":"宗谷郡猿払村鬼志別","org":"北海道","avg":770.1,"max":1447.0,"latest":966.0,"latestYear":2013,"years":16}},{"type":"Feature","geometry":{"type":"Point","coordinates":[141.65764,45.21592]},"properties":{"name":"豊富町曲淵","addr":"天塩郡豊富町曲淵","org":"北海道","avg":947.9,"max":1858.0,"latest":1134.0,"latestYear":2013,"years":12}},{"type":"Feature","geometry":{"type":"Point","coordinates":[141.75597,45.10376]},"properties":{"name":"豊富町西豊富","addr":"天塩郡豊富町西豊富","org":"北海道","avg":1049.7,"max":2072.0,"latest":1279.0,"latestYear":2013,"years":12}},{"type":"Feature","geometry":{"type":"Point","coordinates":[141.65764,45.21592]},"properties":{"name":"豊富町日曹","addr":"天塩郡豊富町日曹","org":"北海道","avg":959.5,"max":1401.0,"latest":1209.0,"latestYear":2013,"years":12}},{"type":"Feature","geometry":{"type":"Point","coordinates":[141.65764,45.21592]},"properties":{"name":"豊富町庄内","addr":"天塩郡豊富町庄内","org":"北海道","avg":442.7,"max":689.0,"latest":414.0,"latestYear":2000,"years":6}},{"type":"Feature","geometry":{"type":"Point","coordinates":[142.56152,44.68931]},"properties":{"name":"歌登町大曲","addr":"枝幸郡歌登町大曲","org":"北海道","avg":940.2,"max":1396.0,"latest":1227.0,"latestYear":2013,"years":12}},{"type":"Feature","geometry":{"type":"Point","coordinates":[142.23769,44.96646]},"properties":{"name":"中頓別町上知駒","addr":"枝幸郡中頓別町上知駒","org":"北海道","avg":1143.1,"max":1664.0,"latest":1284.0,"latestYear":2013,"years":11}},{"type":"Feature","geometry":{"type":"Point","coordinates":[142.3568,44.92412]},"properties":{"name":"中頓別町字兵安","addr":"枝幸郡中頓別町字兵安","org":"北海道","avg":1036.4,"max":1472.0,"latest":1472.0,"latestYear":2013,"years":12}},{"type":"Feature","geometry":{"type":"Point","coordinates":[142.36119,45.12327]},"properties":{"name":"浜頓別町オサツナイ","addr":"枝幸郡浜頓別町オサツナイ","org":"北海道","avg":908.1,"max":1466.0,"latest":1109.0,"latestYear":2013,"years":12}},{"type":"Feature","geometry":{"type":"Point","coordinates":[141.14685,45.18324]},"properties":{"name":"利尻町野中","addr":"利尻郡利尻町野中","org":"北海道","avg":862.8,"max":1263.0,"latest":1123.0,"latestYear":2013,"years":12}},{"type":"Feature","geometry":{"type":"Point","coordinates":[141.20787,45.25192]},"properties":{"name":"利尻富士町大磯","addr":"利尻郡利尻富士町大磯","org":"北海道","avg":1609.8,"max":4429.0,"latest":3041.0,"latestYear":2013,"years":12}},{"type":"Feature","geometry":{"type":"Point","coordinates":[141.20787,45.25192]},"properties":{"name":"利尻富士町二つ石","addr":"利尻郡利尻富士町二つ石","org":"北海道","avg":1183.8,"max":2747.0,"latest":1030.0,"latestYear":2013,"years":12}},{"type":"Feature","geometry":{"type":"Point","coordinates":[141.20787,45.25192]},"properties":{"name":"利尻富士町鰊泊","addr":"利尻郡利尻富士町鰊泊","org":"北海道","avg":1764.7,"max":5136.0,"latest":2709.0,"latestYear":2013,"years":11}},{"type":"Feature","geometry":{"type":"Point","coordinates":[141.01569,45.42297]},"properties":{"name":"礼文町大備","addr":"礼文郡礼文町大備","org":"北海道","avg":762.0,"max":762.0,"latest":762.0,"latestYear":2000,"years":1}},{"type":"Feature","geometry":{"type":"Point","coordinates":[141.0041,45.35561]},"properties":{"name":"礼文町起登臼","addr":"礼文郡礼文町起登臼","org":"北海道","avg":666.2,"max":1121.0,"latest":960.0,"latestYear":2013,"years":12}},{"type":"Feature","geometry":{"type":"Point","coordinates":[141.0041,45.35561]},"properties":{"name":"礼文町香深","addr":"礼文郡礼文町香深","org":"北海道","avg":719.3,"max":1314.0,"latest":1239.0,"latestYear":2013,"years":12}},{"type":"Feature","geometry":{"type":"Point","coordinates":[141.0041,45.35561]},"properties":{"name":"礼文町元地","addr":"礼文郡礼文町元地","org":"北海道","avg":638.2,"max":1624.0,"latest":696.0,"latestYear":2010,"years":9}},{"type":"Feature","geometry":{"type":"Point","coordinates":[141.0041,45.35561]},"properties":{"name":"礼文町須古頓","addr":"礼文郡礼文町須古頓","org":"北海道","avg":562.8,"max":1416.0,"latest":589.0,"latestYear":2013,"years":12}},{"type":"Feature","geometry":{"type":"Point","coordinates":[143.191667,43.366667]},"properties":{"name":"ぬかびら源泉郷","addr":"河東郡上士幌町ぬかびら源泉郷北区","org":"国土交通省気象庁","avg":514.6,"max":756.0,"latest":343.0,"latestYear":2013,"years":30}},{"type":"Feature","geometry":{"type":"Point","coordinates":[144.085,43.436667]},"properties":{"name":"阿寒湖畔","addr":"釧路市阿寒町阿寒湖温泉","org":"国土交通省気象庁","avg":595.7,"max":891.0,"latest":455.0,"latestYear":2013,"years":28}},{"type":"Feature","geometry":{"type":"Point","coordinates":[142.393333,42.628333]},"properties":{"name":"旭","addr":"沙流郡平取町旭地区","org":"国土交通省気象庁","avg":258.5,"max":466.0,"latest":214.0,"latestYear":2013,"years":10}},{"type":"Feature","geometry":{"type":"Point","coordinates":[142.371667,43.756667]},"properties":{"name":"旭川","addr":"旭川市宮前通東　旭川地方気象台","org":"国土交通省気象庁","avg":623.5,"max":974.0,"latest":541.0,"latestYear":2013,"years":62}},{"type":"Feature","geometry":{"type":"Point","coordinates":[142.19,43.516667]},"properties":{"name":"芦別","addr":"芦別市北1条東","org":"国土交通省気象庁","avg":702.8,"max":1342.0,"latest":617.0,"latestYear":2013,"years":33}},{"type":"Feature","geometry":{"type":"Point","coordinates":[141.828333,42.813333]},"properties":{"name":"安平","addr":"勇払郡安平町安平","org":"国土交通省気象庁","avg":441.8,"max":669.0,"latest":294.0,"latestYear":2013,"years":31}},{"type":"Feature","geometry":{"type":"Point","coordinates":[144.981667,44.051667]},"properties":{"name":"宇登呂","addr":"斜里郡斜里町ウトロ高原","org":"国土交通省気象庁","avg":652.2,"max":857.0,"latest":857.0,"latestYear":2013,"years":26}},{"type":"Feature","geometry":{"type":"Point","coordinates":[141.7,44.363333]},"properties":{"name":"羽幌","addr":"苫前郡羽幌町南3条　羽幌特別地域気象観測所","org":"国土交通省気象庁","avg":506.3,"max":825.0,"latest":532.0,"latestYear":2013,"years":62}},{"type":"Feature","geometry":{"type":"Point","coordinates":[142.776667,42.161667]},"properties":{"name":"浦河","addr":"浦河郡浦河町潮見町　浦河特別地域気象観測所","org":"国土交通省気象庁","avg":108.5,"max":178.0,"latest":107.0,"latestYear":2013,"years":62}},{"type":"Feature","geometry":{"type":"Point","coordinates":[143.656667,42.808333]},"properties":{"name":"浦幌","addr":"十勝郡浦幌町桜町","org":"国土交通省気象庁","avg":315.0,"max":504.0,"latest":156.0,"latestYear":2013,"years":29}},{"type":"Feature","geometry":{"type":"Point","coordinates":[143.54,44.053333]},"properties":{"name":"遠軽","addr":"紋別郡遠軽町東町","org":"国土交通省気象庁","avg":579.9,"max":1003.0,"latest":579.0,"latestYear":2013,"years":30}},{"type":"Feature","geometry":{"type":"Point","coordinates":[142.265,44.726667]},"properties":{"name":"音威子府","addr":"中川郡音威子府村音威子府","org":"国土交通省気象庁","avg":1267.5,"max":1717.0,"latest":999.0,"latestYear":2013,"years":32}},{"type":"Feature","geometry":{"type":"Point","coordinates":[142.623333,44.301667]},"properties":{"name":"下川","addr":"上川郡下川町西町","org":"国土交通省気象庁","avg":880.8,"max":1220.0,"latest":583.0,"latestYear":2013,"years":31}},{"type":"Feature","geometry":{"type":"Point","coordinates":[142.48,44.841667]},"properties":{"name":"歌登","addr":"枝幸郡枝幸町歌登東町","org":"国土交通省気象庁","avg":943.9,"max":1326.0,"latest":779.0,"latestYear":2013,"years":32}},{"type":"Feature","geometry":{"type":"Point","coordinates":[143.043333,42.9]},"properties":{"name":"芽室","addr":"河西郡芽室町西3条南","org":"国土交通省気象庁","avg":421.7,"max":579.0,"latest":243.0,"latestYear":2013,"years":27}},{"type":"Feature","geometry":{"type":"Point","coordinates":[141.785,43.211667]},"properties":{"name":"岩見沢","addr":"岩見沢市5条東　岩見沢特別地域気象観測所","org":"国土交通省気象庁","avg":737.2,"max":1112.0,"latest":690.0,"latestYear":2013,"years":62}},{"type":"Feature","geometry":{"type":"Point","coordinates":[140.948333,42.793333]},"properties":{"name":"喜茂別","addr":"虻田郡喜茂別町伏見","org":"国土交通省気象庁","avg":1044.3,"max":1444.0,"latest":742.0,"latestYear":2013,"years":33}},{"type":"Feature","geometry":{"type":"Point","coordinates":[142.568333,43.168333]},"properties":{"name":"幾寅","addr":"空知郡南富良野町幾寅","org":"国土交通省気象庁","avg":625.2,"max":809.0,"latest":515.0,"latestYear":2013,"years":32}},{"type":"Feature","geometry":{"type":"Point","coordinates":[140.603333,42.98]},"properties":{"name":"共和","addr":"岩内郡共和町南幌似","org":"国土交通省気象庁","avg":720.8,"max":1045.0,"latest":530.0,"latestYear":2013,"years":30}},{"type":"Feature","geometry":{"type":"Point","coordinates":[140.756667,42.9]},"properties":{"name":"倶知安","addr":"虻田郡倶知安町南1条東　倶知安特別地域気象観測所","org":"国土交通省気象庁","avg":1197.7,"max":2017.0,"latest":949.0,"latestYear":2013,"years":62}},{"type":"Feature","geometry":{"type":"Point","coordinates":[144.376667,42.985]},"properties":{"name":"釧路","addr":"釧路市幸町　釧路地方気象台","org":"国土交通省気象庁","avg":144.3,"max":270.0,"latest":90.0,"latestYear":2013,"years":62}},{"type":"Feature","geometry":{"type":"Point","coordinates":[139.985,42.128333]},"properties":{"name":"熊石","addr":"二海郡八雲町熊石根崎町","org":"国土交通省気象庁","avg":545.1,"max":921.0,"latest":316.0,"latestYear":2013,"years":32}},{"type":"Feature","geometry":{"type":"Point","coordinates":[141.565,42.926667]},"properties":{"name":"恵庭島松","addr":"恵庭市下島松","org":"国土交通省気象庁","avg":569.8,"max":987.0,"latest":407.0,"latestYear":2013,"years":33}},{"type":"Feature","geometry":{"type":"Point","coordinates":[141.721667,44.265]},"properties":{"name":"古丹別","addr":"苫前郡苫前町古丹別","org":"国土交通省気象庁","avg":752.3,"max":1042.0,"latest":572.0,"latestYear":2013,"years":31}},{"type":"Feature","geometry":{"type":"Point","coordinates":[145.258333,43.231667]},"properties":{"name":"厚床","addr":"根室市厚床","org":"国土交通省気象庁","avg":372.5,"max":495.0,"latest":349.0,"latestYear":2013,"years":28}},{"type":"Feature","geometry":{"type":"Point","coordinates":[141.436667,43.396667]},"properties":{"name":"厚田","addr":"石狩市厚田区別狩","org":"国土交通省気象庁","avg":793.0,"max":1256.0,"latest":659.0,"latestYear":2013,"years":33}},{"type":"Feature","geometry":{"type":"Point","coordinates":[143.316667,42.293333]},"properties":{"name":"広尾","addr":"広尾郡広尾町並木通東　広尾特別地域気象観測所","org":"国土交通省気象庁","avg":320.3,"max":552.0,"latest":265.0,"latestYear":2013,"years":57}},{"type":"Feature","geometry":{"type":"Point","coordinates":[140.123333,41.866667]},"properties":{"name":"江差","addr":"檜山郡江差町姥神町　江差特別地域気象観測所","org":"国土交通省気象庁","avg":171.7,"max":570.0,"latest":207.0,"latestYear":2013,"years":62}},{"type":"Feature","geometry":{"type":"Point","coordinates":[140.821667,41.77]},"properties":{"name":"高松","addr":"函館市高松町　函館空港出張所","org":"国土交通省気象庁","avg":211.6,"max":329.0,"latest":300.0,"latestYear":2013,"years":8}},{"type":"Feature","geometry":{"type":"Point","coordinates":[140.31,42.663333]},"properties":{"name":"黒松内","addr":"寿都郡黒松内町黒松内","org":"国土交通省気象庁","avg":923.4,"max":1465.0,"latest":715.0,"latestYear":2013,"years":33}},{"type":"Feature","geometry":{"type":"Point","coordinates":[140.008333,42.428333]},"properties":{"name":"今金","addr":"瀬棚郡今金町今金","org":"国土交通省気象庁","avg":660.1,"max":898.0,"latest":645.0,"latestYear":2013,"years":32}},{"type":"Feature","geometry":{"type":"Point","coordinates":[145.585,43.33]},"properties":{"name":"根室","addr":"根室市弥栄町　根室特別地域気象観測所","org":"国土交通省気象庁","avg":133.2,"max":273.0,"latest":273.0,"latestYear":2013,"years":62}},{"type":"Feature","geometry":{"type":"Point","coordinates":[144.96,43.576667]},"properties":{"name":"根室中標津","addr":"標津郡中標津町字中標津　中標津空港出張所","org":"国土交通省気象庁","avg":271.9,"max":340.0,"latest":291.0,"latestYear":2013,"years":8}},{"type":"Feature","geometry":{"type":"Point","coordinates":[143.76,44.018333]},"properties":{"name":"佐呂間","addr":"常呂郡佐呂間町西富","org":"国土交通省気象庁","avg":579.5,"max":802.0,"latest":569.0,"latestYear":2013,"years":26}},{"type":"Feature","geometry":{"type":"Point","coordinates":[141.328333,43.06]},"properties":{"name":"札幌","addr":"札幌市中央区北2条西　札幌管区気象台","org":"国土交通省気象庁","avg":488.4,"max":668.0,"latest":476.0,"latestYear":2013,"years":62}},{"type":"Feature","geometry":{"type":"Point","coordinates":[140.975,42.311667]},"properties":{"name":"室蘭","addr":"室蘭市山手町　室蘭地方気象台","org":"国土交通省気象庁","avg":138.3,"max":257.0,"latest":163.0,"latestYear":2013,"years":62}},{"type":"Feature","geometry":{"type":"Point","coordinates":[144.7,43.885]},"properties":{"name":"斜里","addr":"斜里郡斜里町以久科南","org":"国土交通省気象庁","avg":617.9,"max":898.0,"latest":416.0,"latestYear":2013,"years":29}},{"type":"Feature","geometry":{"type":"Point","coordinates":[142.161667,44.281667]},"properties":{"name":"朱鞠内","addr":"雨竜郡幌加内町朱鞠内","org":"国土交通省気象庁","avg":1300.2,"max":1632.0,"latest":1222.0,"latestYear":2013,"years":33}},{"type":"Feature","geometry":{"type":"Point","coordinates":[140.223333,42.795]},"properties":{"name":"寿都","addr":"寿都郡寿都町新栄町　寿都特別地域気象観測所","org":"国土交通省気象庁","avg":329.1,"max":659.0,"latest":448.0,"latestYear":2013,"years":62}},{"type":"Feature","geometry":{"type":"Point","coordinates":[141.77,44.523333]},"properties":{"name":"初山別","addr":"苫前郡初山別村初山別","org":"国土交通省気象庁","avg":720.2,"max":1139.0,"latest":549.0,"latestYear":2013,"years":32}},{"type":"Feature","geometry":{"type":"Point","coordinates":[144.163333,43.88]},"properties":{"name":"女満別","addr":"網走郡大空町女満別中央　女満別空港出張所","org":"国土交通省気象庁","avg":316.4,"max":398.0,"latest":398.0,"latestYear":2013,"years":8}},{"type":"Feature","geometry":{"type":"Point","coordinates":[141.216667,42.963333]},"properties":{"name":"小金湯","addr":"札幌市南区小金湯","org":"国土交通省気象庁","avg":892.5,"max":1330.0,"latest":630.0,"latestYear":2013,"years":33}},{"type":"Feature","geometry":{"type":"Point","coordinates":[141.015,43.181667]},"properties":{"name":"小樽","addr":"小樽市勝納町　小樽特別地域気象観測所","org":"国土交通省気象庁","avg":580.3,"max":800.0,"latest":665.0,"latestYear":2013,"years":62}},{"type":"Feature","geometry":{"type":"Point","coordinates":[141.851667,45.248333]},"properties":{"name":"沼川","addr":"稚内市声問村字沼川","org":"国土交通省気象庁","avg":832.7,"max":1152.0,"latest":569.0,"latestYear":2013,"years":31}},{"type":"Feature","geometry":{"type":"Point","coordinates":[143.096667,42.641667]},"properties":{"name":"上札内","addr":"河西郡中札内村元札内西1線","org":"国土交通省気象庁","avg":637.2,"max":823.0,"latest":368.0,"latestYear":2013,"years":30}},{"type":"Feature","geometry":{"type":"Point","coordinates":[143.303333,43.235]},"properties":{"name":"上士幌","addr":"河東郡上士幌町東4線","org":"国土交通省気象庁","avg":390.0,"max":531.0,"latest":205.0,"latestYear":2013,"years":27}},{"type":"Feature","geometry":{"type":"Point","coordinates":[142.753333,43.846667]},"properties":{"name":"上川","addr":"上川郡上川町栄町","org":"国土交通省気象庁","avg":902.3,"max":1681.0,"latest":644.0,"latestYear":2013,"years":32}},{"type":"Feature","geometry":{"type":"Point","coordinates":[141.645,43.22]},"properties":{"name":"新篠津","addr":"石狩郡新篠津村第46線北","org":"国土交通省気象庁","avg":844.8,"max":1146.0,"latest":828.0,"latestYear":2013,"years":33}},{"type":"Feature","geometry":{"type":"Point","coordinates":[142.84,43.076667]},"properties":{"name":"新得","addr":"上川郡新得町4条南","org":"国土交通省気象庁","avg":586.7,"max":1023.0,"latest":327.0,"latestYear":2013,"years":30}},{"type":"Feature","geometry":{"type":"Point","coordinates":[140.588333,42.066667]},"properties":{"name":"森","addr":"茅部郡森町姫川","org":"国土交通省気象庁","avg":443.1,"max":563.0,"latest":482.0,"latestYear":2013,"years":13}},{"type":"Feature","geometry":{"type":"Point","coordinates":[142.073333,43.718333]},"properties":{"name":"深川","addr":"深川市一已町一已","org":"国土交通省気象庁","avg":987.7,"max":1957.0,"latest":676.0,"latestYear":2013,"years":33}},{"type":"Feature","geometry":{"type":"Point","coordinates":[141.8,45.403333]},"properties":{"name":"声問","addr":"稚内市大字声問村字声問　稚内空港出張所","org":"国土交通省気象庁","avg":539.1,"max":724.0,"latest":445.0,"latestYear":2013,"years":8}},{"type":"Feature","geometry":{"type":"Point","coordinates":[142.935,44.331667]},"properties":{"name":"西興部","addr":"紋別郡西興部村西興部","org":"国土交通省気象庁","avg":654.9,"max":984.0,"latest":622.0,"latestYear":2013,"years":29}},{"type":"Feature","geometry":{"type":"Point","coordinates":[142.361667,42.343333]},"properties":{"name":"静内","addr":"日高郡新ひだか町静内山手町","org":"国土交通省気象庁","avg":179.5,"max":351.0,"latest":351.0,"latestYear":2013,"years":26}},{"type":"Feature","geometry":{"type":"Point","coordinates":[141.37,43.193333]},"properties":{"name":"石狩","addr":"石狩市生振","org":"国土交通省気象庁","avg":659.9,"max":892.0,"latest":695.0,"latestYear":2013,"years":27}},{"type":"Feature","geometry":{"type":"Point","coordinates":[140.82,43.083333]},"properties":{"name":"赤井川","addr":"余市郡赤井川村赤井川","org":"国土交通省気象庁","avg":980.2,"max":1264.0,"latest":1004.0,"latestYear":2013,"years":26}},{"type":"Feature","geometry":{"type":"Point","coordinates":[140.271667,41.558333]},"properties":{"name":"千軒","addr":"松前郡福島町千軒","org":"国土交通省気象庁","avg":795.6,"max":1125.0,"latest":728.0,"latestYear":2013,"years":32}},{"type":"Feature","geometry":{"type":"Point","coordinates":[141.691667,42.775]},"properties":{"name":"千歳","addr":"千歳市美々　新千歳航空測候所","org":"国土交通省気象庁","avg":239.1,"max":296.0,"latest":227.0,"latestYear":2013,"years":8}},{"type":"Feature","geometry":{"type":"Point","coordinates":[142.395,42.978333]},"properties":{"name":"占冠","addr":"勇払郡占冠村シムカップ","org":"国土交通省気象庁","avg":820.8,"max":1345.0,"latest":475.0,"latestYear":2013,"years":32}},{"type":"Feature","geometry":{"type":"Point","coordinates":[144.456667,43.616667]},"properties":{"name":"川湯","addr":"川上郡弟子屈町川湯駅前","org":"国土交通省気象庁","avg":526.5,"max":746.0,"latest":475.0,"latestYear":2013,"years":29}},{"type":"Feature","geometry":{"type":"Point","coordinates":[142.93,43.753333]},"properties":{"name":"層雲峡","addr":"上川郡上川町層雲峡高山","org":"国土交通省気象庁","avg":919.6,"max":1227.0,"latest":781.0,"latestYear":2013,"years":30}},{"type":"Feature","geometry":{"type":"Point","coordinates":[144.778333,43.09]},"properties":{"name":"太田","addr":"厚岸郡厚岸町太田","org":"国土交通省気象庁","avg":408.6,"max":611.0,"latest":241.0,"latestYear":2013,"years":28}},{"type":"Feature","geometry":{"type":"Point","coordinates":[143.216667,42.733333]},"properties":{"name":"帯広泉","addr":"帯広市泉町西9線中　帯広空港出張所","org":"国土交通省気象庁","avg":289.6,"max":377.0,"latest":262.0,"latestYear":2013,"years":8}},{"type":"Feature","geometry":{"type":"Point","coordinates":[140.643333,42.59]},"properties":{"name":"大岸","addr":"虻田郡豊浦町大岸","org":"国土交通省気象庁","avg":599.2,"max":809.0,"latest":704.0,"latestYear":2013,"years":31}},{"type":"Feature","geometry":{"type":"Point","coordinates":[143.273333,42.5]},"properties":{"name":"大樹","addr":"広尾郡大樹町柏木町","org":"国土交通省気象庁","avg":681.1,"max":1774.0,"latest":268.0,"latestYear":2013,"years":29}},{"type":"Feature","geometry":{"type":"Point","coordinates":[140.715,41.976667]},"properties":{"name":"大沼","addr":"亀田郡七飯町上軍川","org":"国土交通省気象庁","avg":528.5,"max":745.0,"latest":303.0,"latestYear":2013,"years":32}},{"type":"Feature","geometry":{"type":"Point","coordinates":[141.078333,42.67]},"properties":{"name":"大滝","addr":"伊達市大滝区本町","org":"国土交通省気象庁","avg":889.0,"max":1381.0,"latest":931.0,"latestYear":2013,"years":31}},{"type":"Feature","geometry":{"type":"Point","coordinates":[143.061667,44.176667]},"properties":{"name":"滝上","addr":"紋別郡滝上町滝ノ上原野5線南","org":"国土交通省気象庁","avg":687.8,"max":963.0,"latest":573.0,"latestYear":2013,"years":30}},{"type":"Feature","geometry":{"type":"Point","coordinates":[141.938333,43.57]},"properties":{"name":"滝川","addr":"滝川市南滝の川","org":"国土交通省気象庁","avg":902.4,"max":1282.0,"latest":737.0,"latestYear":2013,"years":32}},{"type":"Feature","geometry":{"type":"Point","coordinates":[141.678333,45.415]},"properties":{"name":"稚内","addr":"稚内市開運　稚内地方気象台","org":"国土交通省気象庁","avg":435.1,"max":684.0,"latest":361.0,"latestYear":2013,"years":62}},{"type":"Feature","geometry":{"type":"Point","coordinates":[142.948333,42.223333]},"properties":{"name":"中杵臼","addr":"浦河郡浦河町上杵臼","org":"国土交通省気象庁","avg":416.0,"max":592.0,"latest":492.0,"latestYear":2013,"years":30}},{"type":"Feature","geometry":{"type":"Point","coordinates":[144.141667,43.198333]},"properties":{"name":"中徹別","addr":"釧路市阿寒町徹別原野34線","org":"国土交通省気象庁","avg":363.3,"max":523.0,"latest":183.0,"latestYear":2013,"years":26}},{"type":"Feature","geometry":{"type":"Point","coordinates":[142.28,44.965]},"properties":{"name":"中頓別","addr":"枝幸郡中頓別町上駒","org":"国土交通省気象庁","avg":939.7,"max":1259.0,"latest":737.0,"latestYear":2013,"years":32}},{"type":"Feature","geometry":{"type":"Point","coordinates":[144.978333,43.543333]},"properties":{"name":"中標津","addr":"標津郡中標津町桜ケ丘","org":"国土交通省気象庁","avg":467.8,"max":663.0,"latest":327.0,"latestYear":2013,"years":29}},{"type":"Feature","geometry":{"type":"Point","coordinates":[140.381667,42.523333]},"properties":{"name":"長万部","addr":"山越郡長万部町栄原","org":"国土交通省気象庁","avg":618.2,"max":1064.0,"latest":606.0,"latestYear":2013,"years":32}},{"type":"Feature","geometry":{"type":"Point","coordinates":[144.033333,43.701667]},"properties":{"name":"津別","addr":"網走郡津別町豊永","org":"国土交通省気象庁","avg":518.4,"max":1869.0,"latest":379.0,"latestYear":2013,"years":27}},{"type":"Feature","geometry":{"type":"Point","coordinates":[144.191667,43.04]},"properties":{"name":"鶴丘","addr":"釧路市鶴丘　釧路空港出張所","org":"国土交通省気象庁","avg":155.4,"max":212.0,"latest":169.0,"latestYear":2013,"years":8}},{"type":"Feature","geometry":{"type":"Point","coordinates":[144.325,43.231667]},"properties":{"name":"鶴居","addr":"阿寒郡鶴居村鶴居東","org":"国土交通省気象庁","avg":370.4,"max":508.0,"latest":166.0,"latestYear":2013,"years":29}},{"type":"Feature","geometry":{"type":"Point","coordinates":[141.761667,44.893333]},"properties":{"name":"天塩","addr":"天塩郡天塩町川口","org":"国土交通省気象庁","avg":830.7,"max":1205.0,"latest":537.0,"latestYear":2013,"years":32}},{"type":"Feature","geometry":{"type":"Point","coordinates":[141.118333,42.458333]},"properties":{"name":"登別","addr":"登別市札内町","org":"国土交通省気象庁","avg":459.8,"max":632.0,"latest":538.0,"latestYear":2013,"years":26}},{"type":"Feature","geometry":{"type":"Point","coordinates":[142.446667,43.67]},"properties":{"name":"東神楽","addr":"上川郡東神楽町東2線　旭川空港出張所","org":"国土交通省気象庁","avg":417.9,"max":517.0,"latest":508.0,"latestYear":2013,"years":8}},{"type":"Feature","geometry":{"type":"Point","coordinates":[141.546667,42.623333]},"properties":{"name":"苫小牧","addr":"苫小牧市しらかば町　苫小牧特別地域気象観測所","org":"国土交通省気象庁","avg":142.0,"max":256.0,"latest":161.0,"latestYear":2013,"years":62}},{"type":"Feature","geometry":{"type":"Point","coordinates":[142.441667,42.876667]},"properties":{"name":"日高","addr":"沙流郡日高町本町東","org":"国土交通省気象庁","avg":532.9,"max":790.0,"latest":324.0,"latestYear":2013,"years":30}},{"type":"Feature","geometry":{"type":"Point","coordinates":[144.061667,42.97]},"properties":{"name":"白糠","addr":"白糠郡白糠町茶路西1線","org":"国土交通省気象庁","avg":326.0,"max":461.0,"latest":162.0,"latestYear":2013,"years":28}},{"type":"Feature","geometry":{"type":"Point","coordinates":[143.153333,43.865]},"properties":{"name":"白滝","addr":"紋別郡遠軽町白滝北支湧別","org":"国土交通省気象庁","avg":638.4,"max":919.0,"latest":523.0,"latestYear":2013,"years":30}},{"type":"Feature","geometry":{"type":"Point","coordinates":[141.351667,42.543333]},"properties":{"name":"白老","addr":"白老郡白老町高砂町","org":"国土交通省気象庁","avg":283.5,"max":468.0,"latest":316.0,"latestYear":2013,"years":31}},{"type":"Feature","geometry":{"type":"Point","coordinates":[140.753333,41.816667]},"properties":{"name":"函館","addr":"函館市美原　函館地方気象台","org":"国土交通省気象庁","avg":284.5,"max":476.0,"latest":391.0,"latestYear":2013,"years":62}},{"type":"Feature","geometry":{"type":"Point","coordinates":[140.271667,42.251667]},"properties":{"name":"八雲","addr":"二海郡八雲町本町","org":"国土交通省気象庁","avg":649.9,"max":1286.0,"latest":661.0,"latestYear":2013,"years":32}},{"type":"Feature","geometry":{"type":"Point","coordinates":[141.826667,43.363333]},"properties":{"name":"美唄","addr":"美唄市北美唄町二区","org":"国土交通省気象庁","avg":823.6,"max":1141.0,"latest":701.0,"latestYear":2013,"years":33}},{"type":"Feature","geometry":{"type":"Point","coordinates":[142.493333,43.588333]},"properties":{"name":"美瑛","addr":"上川郡美瑛町原野5線","org":"国土交通省気象庁","avg":745.7,"max":1073.0,"latest":644.0,"latestYear":2013,"years":31}},{"type":"Feature","geometry":{"type":"Point","coordinates":[142.341667,44.48]},"properties":{"name":"美深","addr":"中川郡美深町西町","org":"国土交通省気象庁","avg":933.8,"max":1411.0,"latest":673.0,"latestYear":2013,"years":31}},{"type":"Feature","geometry":{"type":"Point","coordinates":[144.586667,43.291667]},"properties":{"name":"標茶","addr":"川上郡標茶町開運","org":"国土交通省気象庁","avg":374.6,"max":602.0,"latest":197.0,"latestYear":2013,"years":27}},{"type":"Feature","geometry":{"type":"Point","coordinates":[142.17,45.335]},"properties":{"name":"浜鬼志別","addr":"宗谷郡猿払村浜鬼志別","org":"国土交通省気象庁","avg":807.6,"max":1045.0,"latest":632.0,"latestYear":2013,"years":31}},{"type":"Feature","geometry":{"type":"Point","coordinates":[142.4,43.333333]},"properties":{"name":"富良野","addr":"富良野市東町","org":"国土交通省気象庁","avg":644.2,"max":963.0,"latest":492.0,"latestYear":2013,"years":35}},{"type":"Feature","geometry":{"type":"Point","coordinates":[145.118333,43.381667]},"properties":{"name":"別海","addr":"野付郡別海町川上町","org":"国土交通省気象庁","avg":331.7,"max":517.0,"latest":297.0,"latestYear":2013,"years":26}},{"type":"Feature","geometry":{"type":"Point","coordinates":[142.143333,42.761667]},"properties":{"name":"穂別","addr":"勇払郡むかわ町穂別","org":"国土交通省気象庁","avg":468.3,"max":701.0,"latest":547.0,"latestYear":2013,"years":31}},{"type":"Feature","geometry":{"type":"Point","coordinates":[141.765,45.106667]},"properties":{"name":"豊富","addr":"天塩郡豊富町字上サロベツ","org":"国土交通省気象庁","avg":766.3,"max":1063.0,"latest":625.0,"latestYear":2013,"years":32}},{"type":"Feature","geometry":{"type":"Point","coordinates":[143.875,43.81]},"properties":{"name":"北見","addr":"北見市高栄東町","org":"国土交通省気象庁","avg":402.3,"max":627.0,"latest":463.0,"latestYear":2013,"years":35}},{"type":"Feature","geometry":{"type":"Point","coordinates":[142.585,44.94]},"properties":{"name":"北見枝幸","addr":"枝幸郡枝幸町本町　北見枝幸特別地域気象観測所","org":"国土交通省気象庁","avg":588.0,"max":999.0,"latest":491.0,"latestYear":2013,"years":62}},{"type":"Feature","geometry":{"type":"Point","coordinates":[142.16,44.01]},"properties":{"name":"幌加内","addr":"雨竜郡幌加内町幌加内","org":"国土交通省気象庁","avg":1298.8,"max":2586.0,"latest":1009.0,"latestYear":2013,"years":33}},{"type":"Feature","geometry":{"type":"Point","coordinates":[141.76,43.853333]},"properties":{"name":"幌糠","addr":"留萌市幌糠町","org":"国土交通省気象庁","avg":1160.2,"max":1578.0,"latest":907.0,"latestYear":2013,"years":32}},{"type":"Feature","geometry":{"type":"Point","coordinates":[143.6,43.131667]},"properties":{"name":"本別","addr":"中川郡本別町新町","org":"国土交通省気象庁","avg":297.1,"max":406.0,"latest":149.0,"latestYear":2013,"years":29}},{"type":"Feature","geometry":{"type":"Point","coordinates":[142.456667,44.37]},"properties":{"name":"名寄","addr":"名寄市大橋","org":"国土交通省気象庁","avg":820.6,"max":1329.0,"latest":689.0,"latestYear":2013,"years":35}},{"type":"Feature","geometry":{"type":"Point","coordinates":[144.278333,44.016667]},"properties":{"name":"網走","addr":"網走市台町　網走地方気象台","org":"国土交通省気象庁","avg":276.8,"max":469.0,"latest":417.0,"latestYear":2013,"years":62}},{"type":"Feature","geometry":{"type":"Point","coordinates":[143.313333,42.126667]},"properties":{"name":"目黒","addr":"幌泉郡えりも町目黒","org":"国土交通省気象庁","avg":426.9,"max":681.0,"latest":357.0,"latestYear":2013,"years":30}},{"type":"Feature","geometry":{"type":"Point","coordinates":[143.355,44.345]},"properties":{"name":"紋別","addr":"紋別市南が丘町　紋別特別地域気象観測所","org":"国土交通省気象庁","avg":297.5,"max":495.0,"latest":424.0,"latestYear":2013,"years":59}},{"type":"Feature","geometry":{"type":"Point","coordinates":[143.403333,44.303333]},"properties":{"name":"紋別小向","addr":"紋別市小向　紋別航空気象観測所","org":"国土交通省気象庁","avg":399.3,"max":526.0,"latest":380.0,"latestYear":2013,"years":6}},{"type":"Feature","geometry":{"type":"Point","coordinates":[142.963333,44.58]},"properties":{"name":"雄武","addr":"紋別郡雄武町雄武　雄武特別地域気象観測所","org":"国土交通省気象庁","avg":327.4,"max":535.0,"latest":389.0,"latestYear":2013,"years":62}},{"type":"Feature","geometry":{"type":"Point","coordinates":[141.956667,43.038333]},"properties":{"name":"夕張","addr":"夕張市鹿の谷山手町","org":"国土交通省気象庁","avg":865.5,"max":1178.0,"latest":759.0,"latestYear":2013,"years":35}},{"type":"Feature","geometry":{"type":"Point","coordinates":[140.758333,43.181667]},"properties":{"name":"余市","addr":"余市郡余市町豊丘町","org":"国土交通省気象庁","avg":912.3,"max":1356.0,"latest":828.0,"latestYear":2013,"years":33}},{"type":"Feature","geometry":{"type":"Point","coordinates":[145.186667,44.023333]},"properties":{"name":"羅臼","addr":"目梨郡羅臼町栄町","org":"国土交通省気象庁","avg":799.1,"max":1377.0,"latest":541.0,"latestYear":2013,"years":29}},{"type":"Feature","geometry":{"type":"Point","coordinates":[140.541667,42.81]},"properties":{"name":"蘭越","addr":"磯谷郡蘭越町蘭越","org":"国土交通省気象庁","avg":801.5,"max":1076.0,"latest":672.0,"latestYear":2013,"years":33}},{"type":"Feature","geometry":{"type":"Point","coordinates":[143.738333,43.468333]},"properties":{"name":"陸別","addr":"足寄郡陸別町陸別原野分線","org":"国土交通省気象庁","avg":410.6,"max":642.0,"latest":304.0,"latestYear":2013,"years":28}},{"type":"Feature","geometry":{"type":"Point","coordinates":[143.45,43.741667]},"properties":{"name":"留辺蘂","addr":"北見市留辺蘂町大和","org":"国土交通省気象庁","avg":531.7,"max":945.0,"latest":468.0,"latestYear":2013,"years":30}},{"type":"Feature","geometry":{"type":"Point","coordinates":[141.631667,43.945]},"properties":{"name":"留萌","addr":"留萌市大町　留萌特別地域気象観測所","org":"国土交通省気象庁","avg":484.0,"max":741.0,"latest":558.0,"latestYear":2013,"years":62}},{"type":"Feature","geometry":{"type":"Point","coordinates":[142.41,44.028333]},"properties":{"name":"和寒","addr":"上川郡和寒町字日ノ出","org":"国土交通省気象庁","avg":814.5,"max":1207.0,"latest":577.0,"latestYear":2013,"years":32}},{"type":"Feature","geometry":{"type":"Point","coordinates":[140.311667,41.93]},"properties":{"name":"鶉","addr":"檜山郡厚沢部町鶉町","org":"国土交通省気象庁","avg":628.8,"max":876.0,"latest":591.0,"latestYear":2013,"years":32}},{"type":"Feature","geometry":{"type":"Point","coordinates":[140.976404,40.926896]},"properties":{"name":"小湊","addr":null,"org":"東北地方整備局","avg":489.3,"max":868.0,"latest":474.0,"latestYear":2013,"years":18}},{"type":"Feature","geometry":{"type":"Point","coordinates":[140.584707,40.521095]},"properties":{"name":"大鰐","addr":null,"org":"東北地方整備局","avg":611.7,"max":1093.0,"latest":818.0,"latestYear":2013,"years":18}},{"type":"Feature","geometry":{"type":"Point","coordinates":[140.582505,40.745595]},"properties":{"name":"大釈迦","addr":null,"org":"東北地方整備局","avg":952.6,"max":1579.0,"latest":1154.0,"latestYear":2013,"years":18}},{"type":"Feature","geometry":{"type":"Point","coordinates":[140.428795,40.758766]},"properties":{"name":"鶴田町役場","addr":"北津軽郡鶴田町大字鶴田字早瀬200-1","org":"鶴田町","avg":429.1,"max":668.0,"latest":533.0,"latestYear":2013,"years":19}},{"type":"Feature","geometry":{"type":"Point","coordinates":[140.503718,40.655193]},"properties":{"name":"藤崎町観測局","addr":"南津軽郡藤崎町大字西豊田二丁目3番地","org":"藤崎町","avg":489.2,"max":1064.0,"latest":480.0,"latestYear":2013,"years":11}},{"type":"Feature","geometry":{"type":"Point","coordinates":[141.120776,40.855582]},"properties":{"name":"JR野辺地駅","addr":"上北郡野辺地町字上小中野４９番地２","org":"野辺地町","avg":440.5,"max":735.0,"latest":401.0,"latestYear":2009,"years":23}},{"type":"Feature","geometry":{"type":"Point","coordinates":[141.128709,40.864497]},"properties":{"name":"野辺地町役場","addr":"上北郡野辺地町字野辺地１２３－１","org":"野辺地町","avg":460.0,"max":651.0,"latest":502.0,"latestYear":2013,"years":4}},{"type":"Feature","geometry":{"type":"Point","coordinates":[141.210351,41.282844]},"properties":{"name":"むつ特別地域気象観測所","addr":"むつ市金曲1-8-3","org":"むつ市","avg":409.0,"max":824.0,"latest":395.0,"latestYear":2013,"years":32}},{"type":"Feature","geometry":{"type":"Point","coordinates":[141.307866,40.531137]},"properties":{"name":"五戸町役場","addr":"三戸郡五戸町字古舘21-1","org":"五戸町","avg":200.9,"max":402.0,"latest":402.0,"latestYear":2013,"years":28}},{"type":"Feature","geometry":{"type":"Point","coordinates":[140.457044,40.611174]},"properties":{"name":"弘前","addr":"弘前市和田町","org":"弘前市","avg":755.1,"max":1140.0,"latest":770.0,"latestYear":2013,"years":31}},{"type":"Feature","geometry":{"type":"Point","coordinates":[140.586024,40.671244]},"properties":{"name":"黒石","addr":"黒石市馬場尻南","org":"黒石市","avg":544.2,"max":888.0,"latest":619.0,"latestYear":2013,"years":18}},{"type":"Feature","geometry":{"type":"Point","coordinates":[141.174346,40.467172]},"properties":{"name":"金ケ沢","addr":"三戸郡新郷村戸来字風呂前10","org":"新郷村","avg":251.2,"max":369.0,"latest":369.0,"latestYear":2013,"years":38}},{"type":"Feature","geometry":{"type":"Point","coordinates":[140.54043,40.632151]},"properties":{"name":"除雪センター","addr":"南津軽郡田舎館村大字大曲字早稲田９４－１","org":"田舎館村","avg":454.3,"max":801.0,"latest":537.0,"latestYear":2013,"years":33}},{"type":"Feature","geometry":{"type":"Point","coordinates":[141.343902,41.262697]},"properties":{"name":"砂子又","addr":"下北郡東通村大字砂子又","org":"東通村","avg":349.1,"max":554.0,"latest":527.0,"latestYear":2013,"years":8}},{"type":"Feature","geometry":{"type":"Point","coordinates":[140.567059,40.587754]},"properties":{"name":"平賀観測点","addr":"平川市小和森種取7-41","org":"平川市","avg":589.7,"max":650.0,"latest":528.0,"latestYear":2013,"years":3}},{"type":"Feature","geometry":{"type":"Point","coordinates":[140.652589,40.953441]},"properties":{"name":"蓬田","addr":"東津軽郡蓬田村大字中沢字浪返43-1","org":"蓬田村","avg":458.9,"max":757.0,"latest":475.0,"latestYear":2013,"years":36}},{"type":"Feature","geometry":{"type":"Point","coordinates":[140.532159,40.710735]},"properties":{"name":"福舘観測局","addr":"南津軽郡藤崎町大字福舘字西田89番地7","org":"藤崎町","avg":566.5,"max":1153.0,"latest":690.0,"latestYear":2013,"years":11}},{"type":"Feature","geometry":{"type":"Point","coordinates":[140.78579,40.515201]},"properties":{"name":"温川観測点","addr":"平川市切明津根川森1-39","org":"平川市","avg":1212.7,"max":1400.0,"latest":1054.0,"latestYear":2013,"years":3}},{"type":"Feature","geometry":{"type":"Point","coordinates":[140.622392,40.482094]},"properties":{"name":"碇ヶ関観測点","addr":"平川市碇ヶ関阿原23-2","org":"平川市","avg":758.7,"max":784.0,"latest":718.0,"latestYear":2013,"years":3}},{"type":"Feature","geometry":{"type":"Point","coordinates":[141.371037,40.653636]},"properties":{"name":"木ノ下","addr":"上北郡おいらせ町字青葉6丁目50-663","org":"青森県","avg":218.0,"max":362.0,"latest":313.0,"latestYear":2013,"years":14}},{"type":"Feature","geometry":{"type":"Point","coordinates":[140.354712,40.949971]},"properties":{"name":"車力","addr":"つがる市車力町屏風山1-377「むらおこし拠点館敷地内」","org":"青森県","avg":330.8,"max":495.0,"latest":333.0,"latestYear":2013,"years":14}},{"type":"Feature","geometry":{"type":"Point","coordinates":[140.349485,40.84358]},"properties":{"name":"林","addr":"つがる市木造林字千年42-3","org":"青森県","avg":248.5,"max":363.0,"latest":264.0,"latestYear":2013,"years":14}},{"type":"Feature","geometry":{"type":"Point","coordinates":[139.934619,40.65408]},"properties":{"name":"岩崎","addr":"西津軽郡深浦町大字正道尻字小磯40","org":"青森県","avg":192.9,"max":319.0,"latest":223.0,"latestYear":2013,"years":14}},{"type":"Feature","geometry":{"type":"Point","coordinates":[141.017383,41.213467]},"properties":{"name":"畑","addr":"むつ市川内町字家ノ辺100-87","org":"青森県","avg":781.6,"max":4701.0,"latest":539.0,"latestYear":2013,"years":14}},{"type":"Feature","geometry":{"type":"Point","coordinates":[141.017383,41.213467]},"properties":{"name":"川内","addr":"むつ市川内町字板子塚21-3","org":"青森県","avg":434.6,"max":720.0,"latest":357.0,"latestYear":2013,"years":14}},{"type":"Feature","geometry":{"type":"Point","coordinates":[141.277046,41.197559]},"properties":{"name":"近川","addr":"むつ市大字奥内字竹立16-25","org":"青森県","avg":414.5,"max":861.0,"latest":427.0,"latestYear":2013,"years":13}},{"type":"Feature","geometry":{"type":"Point","coordinates":[141.157434,41.405869]},"properties":{"name":"大畑","addr":"むつ市大字大畑町湯坂下15-27","org":"青森県","avg":365.4,"max":516.0,"latest":416.0,"latestYear":2013,"years":14}},{"type":"Feature","geometry":{"type":"Point","coordinates":[141.152483,41.401102]},"properties":{"name":"薬研","addr":"むつ市大畑町朝比奈獄国有林","org":"青森県","avg":531.8,"max":978.0,"latest":542.0,"latestYear":2013,"years":14}},{"type":"Feature","geometry":{"type":"Point","coordinates":[141.265015,40.991821]},"properties":{"name":"横浜町","addr":"上北郡横浜町雲雀平1-16","org":"青森県","avg":359.4,"max":651.0,"latest":333.0,"latestYear":2013,"years":14}},{"type":"Feature","geometry":{"type":"Point","coordinates":[140.869423,41.433397]},"properties":{"name":"佐井","addr":"下北郡佐井村大字佐井字古佐井川目2-7","org":"青森県","avg":202.4,"max":309.0,"latest":215.0,"latestYear":2013,"years":14}},{"type":"Feature","geometry":{"type":"Point","coordinates":[140.853073,41.267142]},"properties":{"name":"川内野平","addr":"下北郡佐井村大字長後字野平273","org":"青森県","avg":541.6,"max":749.0,"latest":549.0,"latestYear":2013,"years":14}},{"type":"Feature","geometry":{"type":"Point","coordinates":[141.409053,41.358611]},"properties":{"name":"尻労","addr":"下北郡東通村大字尻労字中野","org":"青森県","avg":246.1,"max":387.0,"latest":259.0,"latestYear":2013,"years":14}},{"type":"Feature","geometry":{"type":"Point","coordinates":[141.386076,41.157491]},"properties":{"name":"老部","addr":"下北郡東通村大字白糠字前田20","org":"青森県","avg":316.4,"max":539.0,"latest":396.0,"latestYear":2013,"years":14}},{"type":"Feature","geometry":{"type":"Point","coordinates":[141.626716,40.446809]},"properties":{"name":"階上","addr":"三戸郡階上町大字道仏字天当平1-87「役場庁舎構内」","org":"青森県","avg":221.2,"max":360.0,"latest":360.0,"latestYear":2013,"years":13}},{"type":"Feature","geometry":{"type":"Point","coordinates":[140.631693,41.048038]},"properties":{"name":"蟹田","addr":"東津軽郡外ヶ浜町字蟹田中師火箱沢15-2","org":"青森県","avg":421.6,"max":596.0,"latest":436.0,"latestYear":2013,"years":14}},{"type":"Feature","geometry":{"type":"Point","coordinates":[141.315042,40.509406]},"properties":{"name":"五戸","addr":"三戸郡五戸町大字豊間内字地蔵平1-1059","org":"青森県","avg":210.9,"max":329.0,"latest":329.0,"latestYear":2013,"years":13}},{"type":"Feature","geometry":{"type":"Point","coordinates":[140.458336,40.88302]},"properties":{"name":"金木","addr":"五所川原市金木町嘉瀬字上萩元709","org":"青森県","avg":413.4,"max":604.0,"latest":357.0,"latestYear":2013,"years":14}},{"type":"Feature","geometry":{"type":"Point","coordinates":[140.566655,40.789235]},"properties":{"name":"前田野目","addr":"五所川原市大字前田野目字野脇131-2","org":"青森県","avg":609.4,"max":795.0,"latest":692.0,"latestYear":2013,"years":14}},{"type":"Feature","geometry":{"type":"Point","coordinates":[140.314059,40.728861]},"properties":{"name":"大石","addr":"弘前市大字十腰内字猿沢2397-1「弘前市埋立処分場入口」","org":"青森県","avg":629.6,"max":820.0,"latest":667.0,"latestYear":2013,"years":14}},{"type":"Feature","geometry":{"type":"Point","coordinates":[140.341695,40.616614]},"properties":{"name":"百沢","addr":"弘前市大字百沢字笹平8-16「百沢担い手センター隣り」","org":"青森県","avg":842.6,"max":3056.0,"latest":779.0,"latestYear":2013,"years":14}},{"type":"Feature","geometry":{"type":"Point","coordinates":[140.792476,40.638415]},"properties":{"name":"沖揚平","addr":"黒石市大字大川原字蛭貝沢214-1","org":"青森県","avg":1272.1,"max":2983.0,"latest":1356.0,"latestYear":2013,"years":14}},{"type":"Feature","geometry":{"type":"Point","coordinates":[140.598608,40.66737]},"properties":{"name":"黒石","addr":"黒石市大字緑ヶ丘136","org":"青森県","avg":545.2,"max":891.0,"latest":602.0,"latestYear":2013,"years":14}},{"type":"Feature","geometry":{"type":"Point","coordinates":[140.709216,40.632005]},"properties":{"name":"大川原","addr":"黒石市大川原字森合沢72","org":"青森県","avg":852.5,"max":1210.0,"latest":818.0,"latestYear":2013,"years":14}},{"type":"Feature","geometry":{"type":"Point","coordinates":[141.383074,40.756725]},"properties":{"name":"根井","addr":"三沢市大字三沢字戸崎101-1016「三沢市清掃センター」","org":"青森県","avg":261.2,"max":418.0,"latest":391.0,"latestYear":2013,"years":14}},{"type":"Feature","geometry":{"type":"Point","coordinates":[141.159591,40.703464]},"properties":{"name":"七戸","addr":"上北郡七戸町字倉越92-2","org":"青森県","avg":416.7,"max":623.0,"latest":569.0,"latestYear":2013,"years":14}},{"type":"Feature","geometry":{"type":"Point","coordinates":[141.249575,40.594556]},"properties":{"name":"平山","addr":"十和田市相坂字相坂183-1","org":"青森県","avg":289.1,"max":479.0,"latest":479.0,"latestYear":2013,"years":14}},{"type":"Feature","geometry":{"type":"Point","coordinates":[141.163366,40.546424]},"properties":{"name":"宇樽部","addr":"十和田市大字奥瀬字十和田462","org":"青森県","avg":551.3,"max":716.0,"latest":716.0,"latestYear":2013,"years":14}},{"type":"Feature","geometry":{"type":"Point","coordinates":[140.996208,40.576755]},"properties":{"name":"焼山","addr":"十和田市大字法量字焼山64-2","org":"青森県","avg":441.5,"max":631.0,"latest":214.0,"latestYear":2013,"years":14}},{"type":"Feature","geometry":{"type":"Point","coordinates":[141.011805,40.597874]},"properties":{"name":"谷地","addr":"十和田市大字法量字谷地126","org":"青森県","avg":986.2,"max":1278.0,"latest":417.0,"latestYear":2007,"years":8}},{"type":"Feature","geometry":{"type":"Point","coordinates":[141.059404,40.777735]},"properties":{"name":"みちのくトンネル（七戸側）","addr":"上北郡七戸町字中天間館国有林内","org":"青森県","avg":706.4,"max":1145.0,"latest":1056.0,"latestYear":2013,"years":7}},{"type":"Feature","geometry":{"type":"Point","coordinates":[141.13543,40.446649]},"properties":{"name":"金ヶ沢","addr":"三戸郡新郷村大字戸来字白旗8-1「小坂地区公民館」","org":"青森県","avg":307.4,"max":427.0,"latest":405.0,"latestYear":2013,"years":14}},{"type":"Feature","geometry":{"type":"Point","coordinates":[140.106265,40.733596]},"properties":{"name":"関","addr":"西津軽郡深浦町大字関字豊田215-9","org":"青森県","avg":244.5,"max":344.0,"latest":241.0,"latestYear":2013,"years":14}},{"type":"Feature","geometry":{"type":"Point","coordinates":[140.233476,40.670276]},"properties":{"name":"第二松代","addr":"西津軽郡鰺ヶ沢町大字松代町字白沢203-2","org":"青森県","avg":822.1,"max":1139.0,"latest":964.0,"latestYear":2013,"years":14}},{"type":"Feature","geometry":{"type":"Point","coordinates":[140.295658,40.574984]},"properties":{"name":"田代","addr":"中津軽郡西目屋村大字田代字稲元12-1「西目屋小学校裏」","org":"青森県","avg":601.8,"max":892.0,"latest":721.0,"latestYear":2013,"years":7}},{"type":"Feature","geometry":{"type":"Point","coordinates":[140.767723,40.777567]},"properties":{"name":"横内","addr":"青森市大字横内字亀井54-8","org":"青森県","avg":567.9,"max":799.0,"latest":642.0,"latestYear":2013,"years":14}},{"type":"Feature","geometry":{"type":"Point","coordinates":[140.943715,40.675855]},"properties":{"name":"田代平","addr":"青森市大字駒込字南駒込山1-244","org":"青森県","avg":1000.5,"max":1341.0,"latest":1317.0,"latestYear":2013,"years":14}},{"type":"Feature","geometry":{"type":"Point","coordinates":[140.713335,40.758135]},"properties":{"name":"高田ＢＰ（路面積雪）","addr":"青森市大字高田字朝日山","org":"青森県","avg":166.6,"max":232.0,"latest":211.0,"latestYear":2013,"years":7}},{"type":"Feature","geometry":{"type":"Point","coordinates":[140.66905,40.904412]},"properties":{"name":"内真部","addr":"青森市大字清水字浜本135-1「北中学校グランド内」","org":"青森県","avg":534.4,"max":753.0,"latest":470.0,"latestYear":2013,"years":14}},{"type":"Feature","geometry":{"type":"Point","coordinates":[140.929084,40.796875]},"properties":{"name":"みちのく管理事務所","addr":"青森市大字滝沢字東滝沢国有林内","org":"青森県","avg":752.7,"max":991.0,"latest":870.0,"latestYear":2013,"years":7}},{"type":"Feature","geometry":{"type":"Point","coordinates":[140.929084,40.796875]},"properties":{"name":"新赤沢橋（料金所付近）","addr":"青森市大字滝沢字東滝沢国有林内","org":"青森県","avg":213.0,"max":213.0,"latest":213.0,"latestYear":2007,"years":1}},{"type":"Feature","geometry":{"type":"Point","coordinates":[140.626738,40.731458]},"properties":{"name":"浪岡","addr":"青森市大字浪岡字稲村94「浪岡庁舎構内」","org":"青森県","avg":567.9,"max":799.0,"latest":642.0,"latestYear":2013,"years":14}},{"type":"Feature","geometry":{"type":"Point","coordinates":[140.567147,40.500745]},"properties":{"name":"大鰐","addr":"南津軽郡大鰐町大字虹貝字清川50-1「スキー場駐車場内」","org":"青森県","avg":488.3,"max":696.0,"latest":517.0,"latestYear":2013,"years":14}},{"type":"Feature","geometry":{"type":"Point","coordinates":[140.422189,41.033198]},"properties":{"name":"今泉山","addr":"北津軽郡中泊町大字今泉山国有林","org":"青森県","avg":460.8,"max":676.0,"latest":603.0,"latestYear":2013,"years":14}},{"type":"Feature","geometry":{"type":"Point","coordinates":[140.422189,41.033198]},"properties":{"name":"今泉","addr":"北津軽郡中泊町大字今泉字神山59-1","org":"青森県","avg":316.4,"max":497.0,"latest":346.0,"latestYear":2013,"years":14}},{"type":"Feature","geometry":{"type":"Point","coordinates":[140.301834,41.128453]},"properties":{"name":"小泊","addr":"北津軽郡中泊町大字小泊字南小泊山国有林","org":"青森県","avg":289.6,"max":421.0,"latest":299.0,"latestYear":2013,"years":14}},{"type":"Feature","geometry":{"type":"Point","coordinates":[141.012338,40.306213]},"properties":{"name":"夏坂","addr":"三戸郡田子町大字夏坂字夏坂134-3","org":"青森県","avg":509.7,"max":678.0,"latest":625.0,"latestYear":2013,"years":14}},{"type":"Feature","geometry":{"type":"Point","coordinates":[141.045418,40.316873]},"properties":{"name":"田子","addr":"三戸郡田子町大字相米字月野39-1","org":"青森県","avg":297.8,"max":457.0,"latest":457.0,"latestYear":2013,"years":14}},{"type":"Feature","geometry":{"type":"Point","coordinates":[141.192396,40.816195]},"properties":{"name":"乙供","addr":"上北郡東北町塔ノ沢1-414","org":"青森県","avg":459.1,"max":666.0,"latest":544.0,"latestYear":2013,"years":14}},{"type":"Feature","geometry":{"type":"Point","coordinates":[141.263753,40.825426]},"properties":{"name":"水喰","addr":"上北郡東北町字切左坂道ノ上38-118","org":"青森県","avg":464.0,"max":736.0,"latest":436.0,"latestYear":2013,"years":14}},{"type":"Feature","geometry":{"type":"Point","coordinates":[141.411165,40.515544]},"properties":{"name":"八戸","addr":"八戸市大字尻内町字渡の葉23-3","org":"青森県","avg":207.2,"max":383.0,"latest":302.0,"latestYear":2013,"years":14}},{"type":"Feature","geometry":{"type":"Point","coordinates":[141.445866,40.396964]},"properties":{"name":"市野沢","addr":"八戸市南郷区市野沢字中市野沢44-10「野球場ライトの裏」","org":"青森県","avg":218.1,"max":373.0,"latest":373.0,"latestYear":2013,"years":14}},{"type":"Feature","geometry":{"type":"Point","coordinates":[140.46249,40.698376]},"properties":{"name":"板柳","addr":"北津軽郡板柳町大字福野田字実田11-7「町民プール奥」","org":"青森県","avg":518.1,"max":795.0,"latest":508.0,"latestYear":2013,"years":14}},{"type":"Feature","geometry":{"type":"Point","coordinates":[141.018193,41.467507]},"properties":{"name":"風間浦","addr":"下北郡風間浦村大字易国間字大川目30-6","org":"青森県","avg":303.8,"max":411.0,"latest":289.0,"latestYear":2013,"years":14}},{"type":"Feature","geometry":{"type":"Point","coordinates":[140.559913,40.595542]},"properties":{"name":"平賀","addr":"平川市大字小和森字種取7-24","org":"青森県","avg":484.6,"max":733.0,"latest":504.0,"latestYear":2013,"years":14}},{"type":"Feature","geometry":{"type":"Point","coordinates":[140.779757,40.519605]},"properties":{"name":"湯川","addr":"平川市大字切明字津根川森1-39","org":"青森県","avg":842.1,"max":1198.0,"latest":997.0,"latestYear":2013,"years":14}},{"type":"Feature","geometry":{"type":"Point","coordinates":[140.917336,40.914112]},"properties":{"name":"平内","addr":"東津軽郡平内町山口字赤坂63","org":"青森県","avg":432.5,"max":698.0,"latest":360.0,"latestYear":2013,"years":14}},{"type":"Feature","geometry":{"type":"Point","coordinates":[141.363573,40.979156]},"properties":{"name":"尾駮","addr":"上北郡六ヶ所村大字尾駮字野附1042-1「尾駮診療所敷地内」","org":"青森県","avg":372.3,"max":573.0,"latest":427.0,"latestYear":2013,"years":14}},{"type":"Feature","geometry":{"type":"Point","coordinates":[141.325054,40.609156]},"properties":{"name":"六戸","addr":"上北郡六戸町大字犬落瀬字前谷地60「役場駐車場の花壇」","org":"青森県","avg":206.4,"max":326.0,"latest":307.0,"latestYear":2013,"years":13}},{"type":"Feature","geometry":{"type":"Point","coordinates":[141.210003,41.28333]},"properties":{"name":"むつ","addr":"むつ市金曲　むつ特別地域気象観測所","org":"国土交通省気象庁","avg":409.7,"max":757.0,"latest":399.0,"latestYear":2013,"years":62}},{"type":"Feature","geometry":{"type":"Point","coordinates":[140.458338,40.808329]},"properties":{"name":"五所川原","addr":"五所川原市松島町","org":"国土交通省気象庁","avg":578.7,"max":830.0,"latest":563.0,"latestYear":2013,"years":35}},{"type":"Feature","geometry":{"type":"Point","coordinates":[140.455006,40.611662]},"properties":{"name":"弘前","addr":"弘前市和田町","org":"国土交通省気象庁","avg":751.3,"max":1142.0,"latest":635.0,"latestYear":2013,"years":32}},{"type":"Feature","geometry":{"type":"Point","coordinates":[140.481671,41.179997]},"properties":{"name":"今別","addr":"東津軽郡今別町今別字中沢","org":"国土交通省気象庁","avg":521.1,"max":789.0,"latest":568.0,"latestYear":2013,"years":35}},{"type":"Feature","geometry":{"type":"Point","coordinates":[141.256674,40.383326]},"properties":{"name":"三戸","addr":"三戸郡三戸町川守田字寺ノ沢","org":"国土交通省気象庁","avg":386.4,"max":607.0,"latest":475.0,"latestYear":2013,"years":31}},{"type":"Feature","geometry":{"type":"Point","coordinates":[140.848339,40.648328]},"properties":{"name":"酸ケ湯","addr":"青森市荒川字南荒川山国有林酸ケ湯沢","org":"国土交通省気象庁","avg":1705.3,"max":2226.0,"latest":1841.0,"latestYear":2013,"years":35}},{"type":"Feature","geometry":{"type":"Point","coordinates":[141.246672,40.594994]},"properties":{"name":"十和田","addr":"十和田市相坂字相坂","org":"国土交通省気象庁","avg":434.4,"max":1026.0,"latest":475.0,"latestYear":2013,"years":31}},{"type":"Feature","geometry":{"type":"Point","coordinates":[139.931672,40.644996]},"properties":{"name":"深浦","addr":"西津軽郡深浦町大字深浦字岡町　深浦特別地域気象観測所","org":"国土交通省気象庁","avg":222.6,"max":452.0,"latest":238.0,"latestYear":2013,"years":62}},{"type":"Feature","geometry":{"type":"Point","coordinates":[140.768338,40.821662]},"properties":{"name":"青森","addr":"青森市花園　青森地方気象台","org":"国土交通省気象庁","avg":725.1,"max":1263.0,"latest":631.0,"latestYear":2013,"years":62}},{"type":"Feature","geometry":{"type":"Point","coordinates":[140.91167,41.526664]},"properties":{"name":"大間","addr":"下北郡大間町大間字狼丁","org":"国土交通省気象庁","avg":227.7,"max":426.0,"latest":301.0,"latestYear":2013,"years":31}},{"type":"Feature","geometry":{"type":"Point","coordinates":[140.620007,40.481661]},"properties":{"name":"碇ケ関","addr":"平川市碇ヶ関阿原","org":"国土交通省気象庁","avg":616.8,"max":844.0,"latest":697.0,"latestYear":2013,"years":35}},{"type":"Feature","geometry":{"type":"Point","coordinates":[141.521672,40.526661]},"properties":{"name":"八戸A","addr":"八戸市湊町字館鼻　八戸特別地域気象観測所","org":"国土交通省気象庁","avg":137.3,"max":248.0,"latest":231.0,"latestYear":2013,"years":62}},{"type":"Feature","geometry":{"type":"Point","coordinates":[141.160004,40.884996]},"properties":{"name":"野辺地","addr":"上北郡野辺地町有戸鳥井平","org":"国土交通省気象庁","avg":689.9,"max":996.0,"latest":478.0,"latestYear":2013,"years":35}},{"type":"Feature","geometry":{"type":"Point","coordinates":[140.82167,41.144996]},"properties":{"name":"脇野沢","addr":"むつ市脇野沢桂沢","org":"国土交通省気象庁","avg":577.5,"max":896.0,"latest":550.0,"latestYear":2013,"years":31}},{"type":"Feature","geometry":{"type":"Point","coordinates":[140.205005,40.776663]},"properties":{"name":"鰺ケ沢","addr":"西津軽郡鰺ヶ沢町舞戸町字小夜","org":"国土交通省気象庁","avg":441.2,"max":768.0,"latest":434.0,"latestYear":2013,"years":31}},{"type":"Feature","geometry":{"type":"Point","coordinates":[141.162529,39.137487]},"properties":{"name":"水沢","addr":"岩手県奥州市水沢区神明町2丁目2-2地先（水沢東ＢＰ）","org":"東北地方整備局","avg":390.2,"max":666.0,"latest":470.0,"latestYear":2013,"years":18}},{"type":"Feature","geometry":{"type":"Point","coordinates":[141.23381,40.076791]},"properties":{"name":"奥中山","addr":"岩手県二戸郡一戸町中山字大塚地内","org":"東北地方整備局","avg":477.2,"max":695.0,"latest":642.0,"latestYear":2013,"years":18}},{"type":"Feature","geometry":{"type":"Point","coordinates":[141.856114,39.934389]},"properties":{"name":"尾肝要","addr":"岩手県下閉伊郡田野畑村尾肝要地内","org":"東北地方整備局","avg":181.0,"max":350.0,"latest":350.0,"latestYear":2013,"years":18}},{"type":"Feature","geometry":{"type":"Point","coordinates":[141.767806,40.341993]},"properties":{"name":"種市","addr":"岩手県洋野町種市第1地割字南八木地内","org":"東北地方整備局","avg":175.6,"max":385.0,"latest":300.0,"latestYear":2013,"years":18}},{"type":"Feature","geometry":{"type":"Point","coordinates":[141.781605,39.253982]},"properties":{"name":"大橋","addr":"釜石市甲子町","org":"釜石市","avg":218.9,"max":321.0,"latest":321.0,"latestYear":2013,"years":8}},{"type":"Feature","geometry":{"type":"Point","coordinates":[140.780576,39.319434]},"properties":{"name":"川尻","addr":null,"org":"西和賀町","avg":1029.2,"max":1661.0,"latest":1445.0,"latestYear":2013,"years":49}},{"type":"Feature","geometry":{"type":"Point","coordinates":[140.799184,39.48138]},"properties":{"name":"川舟","addr":null,"org":"西和賀町","avg":911.1,"max":1544.0,"latest":437.0,"latestYear":2001,"years":40}},{"type":"Feature","geometry":{"type":"Point","coordinates":[140.749184,39.434158]},"properties":{"name":"太田総合グラウンド","addr":null,"org":"西和賀町","avg":467.5,"max":488.0,"latest":447.0,"latestYear":2003,"years":2}},{"type":"Feature","geometry":{"type":"Point","coordinates":[140.746407,39.41888]},"properties":{"name":"南太田（岩手県雪量観測）","addr":null,"org":"西和賀町","avg":1737.0,"max":1737.0,"latest":1737.0,"latestYear":2004,"years":1}},{"type":"Feature","geometry":{"type":"Point","coordinates":[140.96668,39.810824]},"properties":{"name":"網張","addr":"岩手郡雫石町長山岩手山西山牧野22-362","org":"岩手県","avg":598.6,"max":770.0,"latest":770.0,"latestYear":2013,"years":8}},{"type":"Feature","geometry":{"type":"Point","coordinates":[140.915017,39.578046]},"properties":{"name":"大村","addr":"岩手郡雫石町南畑2-194-1","org":"岩手県","avg":413.0,"max":567.0,"latest":123.0,"latestYear":2013,"years":8}},{"type":"Feature","geometry":{"type":"Point","coordinates":[141.37946,39.821934]},"properties":{"name":"岩洞","addr":"盛岡市玉山区大字藪川43-8","org":"岩手県","avg":394.0,"max":760.0,"latest":450.0,"latestYear":2013,"years":8}},{"type":"Feature","geometry":{"type":"Point","coordinates":[141.180297,39.609989]},"properties":{"name":"日詰","addr":"矢巾市藤沢10-136","org":"岩手県","avg":202.0,"max":285.0,"latest":194.0,"latestYear":2013,"years":7}},{"type":"Feature","geometry":{"type":"Point","coordinates":[140.919176,40.126381]},"properties":{"name":"田山","addr":"八幡平市長坂66-141","org":"岩手県","avg":643.3,"max":792.0,"latest":741.0,"latestYear":2013,"years":7}},{"type":"Feature","geometry":{"type":"Point","coordinates":[141.055288,40.107492]},"properties":{"name":"荒屋新町","addr":"八幡平市小柳田62-1","org":"岩手県","avg":546.6,"max":861.0,"latest":662.0,"latestYear":2013,"years":7}},{"type":"Feature","geometry":{"type":"Point","coordinates":[140.996678,40.004158]},"properties":{"name":"竜ヶ森","addr":"八幡平市松尾182-11","org":"岩手県","avg":652.1,"max":867.0,"latest":867.0,"latestYear":2013,"years":7}},{"type":"Feature","geometry":{"type":"Point","coordinates":[140.979179,39.919158]},"properties":{"name":"柏台","addr":"八幡平市松尾赤川山国有林","org":"岩手県","avg":450.0,"max":546.0,"latest":546.0,"latestYear":2013,"years":7}},{"type":"Feature","geometry":{"type":"Point","coordinates":[141.109179,39.919991]},"properties":{"name":"大更","addr":"八幡平市大更34地割254-1","org":"岩手県","avg":205.6,"max":271.0,"latest":271.0,"latestYear":2013,"years":7}},{"type":"Feature","geometry":{"type":"Point","coordinates":[141.343345,39.981657]},"properties":{"name":"元木","addr":"岩手郡葛巻町葛巻39-159-3","org":"岩手県","avg":366.4,"max":487.0,"latest":487.0,"latestYear":2013,"years":7}},{"type":"Feature","geometry":{"type":"Point","coordinates":[141.343343,40.118602]},"properties":{"name":"田部","addr":"岩手郡葛巻町田部52-28","org":"岩手県","avg":310.4,"max":501.0,"latest":501.0,"latestYear":2013,"years":7}},{"type":"Feature","geometry":{"type":"Point","coordinates":[141.156806,39.154737]},"properties":{"name":"大手町","addr":"奥洲市水沢区佐倉河字後野32-15","org":"岩手県","avg":216.3,"max":284.0,"latest":284.0,"latestYear":2013,"years":7}},{"type":"Feature","geometry":{"type":"Point","coordinates":[141.188416,39.202098]},"properties":{"name":"江刺","addr":"奥州市江刺区岩谷堂字前田140","org":"岩手県","avg":260.3,"max":333.0,"latest":325.0,"latestYear":2013,"years":7}},{"type":"Feature","geometry":{"type":"Point","coordinates":[141.066794,39.039107]},"properties":{"name":"衣川","addr":"奥州市衣川区古戸","org":"岩手県","avg":238.9,"max":360.0,"latest":360.0,"latestYear":2013,"years":7}},{"type":"Feature","geometry":{"type":"Point","coordinates":[141.04108,39.236766]},"properties":{"name":"六原","addr":"胆沢郡金ヶ崎町六原蟹子沢14番地","org":"岩手県","avg":440.0,"max":660.0,"latest":660.0,"latestYear":2013,"years":7}},{"type":"Feature","geometry":{"type":"Point","coordinates":[140.923081,39.124994]},"properties":{"name":"石淵","addr":"奥州市胆沢区若柳横岳前山国有林口　小班","org":"岩手県","avg":661.0,"max":899.0,"latest":899.0,"latestYear":2013,"years":7}},{"type":"Feature","geometry":{"type":"Point","coordinates":[141.006045,39.444531]},"properties":{"name":"鉛","addr":"花巻市下シ沢字牛角86","org":"岩手県","avg":535.6,"max":627.0,"latest":582.0,"latestYear":2013,"years":7}},{"type":"Feature","geometry":{"type":"Point","coordinates":[141.131045,39.419368]},"properties":{"name":"花巻","addr":"花巻市東宮野目1-60","org":"岩手県","avg":234.4,"max":329.0,"latest":329.0,"latestYear":2013,"years":7}},{"type":"Feature","geometry":{"type":"Point","coordinates":[141.278642,39.470279]},"properties":{"name":"大迫","addr":"花巻市大迫町大迫第13地割20番地1","org":"岩手県","avg":212.1,"max":272.0,"latest":272.0,"latestYear":2013,"years":7}},{"type":"Feature","geometry":{"type":"Point","coordinates":[141.222405,39.38234]},"properties":{"name":"土沢","addr":"花巻市東和町安俵6区147番地2","org":"岩手県","avg":216.3,"max":251.0,"latest":240.0,"latestYear":2013,"years":7}},{"type":"Feature","geometry":{"type":"Point","coordinates":[141.435853,39.418311]},"properties":{"name":"馬越","addr":"遠野市附馬牛町東禅寺16地割","org":"岩手県","avg":301.9,"max":424.0,"latest":261.0,"latestYear":2013,"years":7}},{"type":"Feature","geometry":{"type":"Point","coordinates":[141.660284,39.340128]},"properties":{"name":"笛吹","addr":"釜石市橋野町橋野","org":"岩手県","avg":362.4,"max":894.0,"latest":894.0,"latestYear":2013,"years":7}},{"type":"Feature","geometry":{"type":"Point","coordinates":[141.645348,39.256305]},"properties":{"name":"足ヶ瀬","addr":"遠野市上郷町細越39字割字常楽","org":"岩手県","avg":231.9,"max":411.0,"latest":411.0,"latestYear":2013,"years":7}},{"type":"Feature","geometry":{"type":"Point","coordinates":[141.454502,39.213807]},"properties":{"name":"荷沢","addr":"遠野市小友町26地割字荷沢","org":"岩手県","avg":335.4,"max":476.0,"latest":476.0,"latestYear":2013,"years":7}},{"type":"Feature","geometry":{"type":"Point","coordinates":[140.80674,39.487796]},"properties":{"name":"川舟","addr":"和賀郡西和賀町沢内字川舟","org":"岩手県","avg":789.1,"max":964.0,"latest":964.0,"latestYear":2013,"years":7}},{"type":"Feature","geometry":{"type":"Point","coordinates":[140.746573,39.418908]},"properties":{"name":"太田","addr":"和賀郡西和賀町沢内字太田","org":"岩手県","avg":830.7,"max":1071.0,"latest":1071.0,"latestYear":2013,"years":7}},{"type":"Feature","geometry":{"type":"Point","coordinates":[140.718687,39.27479]},"properties":{"name":"巣郷","addr":"和賀郡西和賀町巣郷","org":"岩手県","avg":1011.3,"max":1226.0,"latest":1199.0,"latestYear":2013,"years":7}},{"type":"Feature","geometry":{"type":"Point","coordinates":[140.771743,39.285187]},"properties":{"name":"湯川","addr":"和賀郡西和賀町湯川","org":"岩手県","avg":990.6,"max":1216.0,"latest":1216.0,"latestYear":2013,"years":7}},{"type":"Feature","geometry":{"type":"Point","coordinates":[140.91051,39.309242]},"properties":{"name":"和賀仙人","addr":"北上市和賀町藤根","org":"岩手県","avg":804.9,"max":1046.0,"latest":1046.0,"latestYear":2013,"years":7}},{"type":"Feature","geometry":{"type":"Point","coordinates":[141.030509,39.309241]},"properties":{"name":"藤根","addr":"北上市和賀町藤根","org":"岩手県","avg":374.1,"max":512.0,"latest":512.0,"latestYear":2013,"years":7}},{"type":"Feature","geometry":{"type":"Point","coordinates":[141.331151,38.907485]},"properties":{"name":"千厩","addr":"一関市千厩町千厩字古ヶ口","org":"岩手県","avg":112.4,"max":141.0,"latest":136.0,"latestYear":2013,"years":7}},{"type":"Feature","geometry":{"type":"Point","coordinates":[141.239478,39.04193]},"properties":{"name":"夏山","addr":"一関市東山町田河津字夏山","org":"岩手県","avg":245.9,"max":326.0,"latest":326.0,"latestYear":2013,"years":7}},{"type":"Feature","geometry":{"type":"Point","coordinates":[141.279478,39.082208]},"properties":{"name":"山滝","addr":"一関市大東町猿沢字山滝96","org":"岩手県","avg":313.1,"max":414.0,"latest":414.0,"latestYear":2013,"years":7}},{"type":"Feature","geometry":{"type":"Point","coordinates":[141.457817,39.01165]},"properties":{"name":"大原","addr":"一関市大東町大原字山口51","org":"岩手県","avg":266.9,"max":392.0,"latest":392.0,"latestYear":2013,"years":7}},{"type":"Feature","geometry":{"type":"Point","coordinates":[141.711979,39.283038]},"properties":{"name":"大橋","addr":"釜石市甲子町第1地割地内","org":"岩手県","avg":227.3,"max":321.0,"latest":321.0,"latestYear":2013,"years":7}},{"type":"Feature","geometry":{"type":"Point","coordinates":[141.738361,39.478874]},"properties":{"name":"大貫台","addr":"上閉伊郡大槌町金沢第1地割地内","org":"岩手県","avg":178.6,"max":296.0,"latest":296.0,"latestYear":2013,"years":7}},{"type":"Feature","geometry":{"type":"Point","coordinates":[141.849762,39.190258]},"properties":{"name":"唐丹","addr":"釜石市唐丹町字上荒川地内","org":"岩手県","avg":49.0,"max":101.0,"latest":81.0,"latestYear":2013,"years":7}},{"type":"Feature","geometry":{"type":"Point","coordinates":[141.67519,39.595936]},"properties":{"name":"川井","addr":"宮古市川井第2地割24番地3","org":"岩手県","avg":135.3,"max":218.0,"latest":218.0,"latestYear":2013,"years":7}},{"type":"Feature","geometry":{"type":"Point","coordinates":[141.678722,39.459627]},"properties":{"name":"新田","addr":"宮古市小国第1地割新田","org":"岩手県","avg":344.6,"max":847.0,"latest":441.0,"latestYear":2013,"years":7}},{"type":"Feature","geometry":{"type":"Point","coordinates":[141.70302,39.706306]},"properties":{"name":"和井内","addr":"宮古市和井内第1地割字堺ノ神","org":"岩手県","avg":167.7,"max":265.0,"latest":265.0,"latestYear":2013,"years":7}},{"type":"Feature","geometry":{"type":"Point","coordinates":[141.735262,39.994157]},"properties":{"name":"元村","addr":"下閉伊郡岩泉町安家字半城子","org":"岩手県","avg":266.0,"max":469.0,"latest":469.0,"latestYear":2013,"years":7}},{"type":"Feature","geometry":{"type":"Point","coordinates":[141.559765,39.861461]},"properties":{"name":"権現","addr":"下閉伊郡岩泉町門字南三田貝","org":"岩手県","avg":301.3,"max":442.0,"latest":442.0,"latestYear":2013,"years":7}},{"type":"Feature","geometry":{"type":"Point","coordinates":[141.56582,39.92999]},"properties":{"name":"国境","addr":"下閉伊郡岩泉町門字国見","org":"岩手県","avg":400.4,"max":561.0,"latest":561.0,"latestYear":2013,"years":7}},{"type":"Feature","geometry":{"type":"Point","coordinates":[141.588434,39.792738]},"properties":{"name":"釜津田","addr":"下閉伊郡岩泉町釜津田字上種倉","org":"岩手県","avg":273.3,"max":417.0,"latest":417.0,"latestYear":2013,"years":7}},{"type":"Feature","geometry":{"type":"Point","coordinates":[141.603645,39.236928]},"properties":{"name":"赤羽根","addr":"気仙郡住田町上有住字船作","org":"岩手県","avg":243.9,"max":321.0,"latest":321.0,"latestYear":2013,"years":7}},{"type":"Feature","geometry":{"type":"Point","coordinates":[141.653926,39.198593]},"properties":{"name":"上有住","addr":"気仙郡住田町上有住字中埣","org":"岩手県","avg":144.4,"max":181.0,"latest":113.0,"latestYear":2013,"years":7}},{"type":"Feature","geometry":{"type":"Point","coordinates":[141.580594,39.118233]},"properties":{"name":"世田米","addr":"気仙郡住田町世田米字火石","org":"岩手県","avg":145.4,"max":195.0,"latest":157.0,"latestYear":2013,"years":7}},{"type":"Feature","geometry":{"type":"Point","coordinates":[141.488096,39.005817]},"properties":{"name":"矢作","addr":"陸前高田市矢作町字上小黒山","org":"岩手県","avg":187.1,"max":216.0,"latest":157.0,"latestYear":2013,"years":7}},{"type":"Feature","geometry":{"type":"Point","coordinates":[141.50198,39.150262]},"properties":{"name":"小股","addr":"気仙郡住田町世田米字小股","org":"岩手県","avg":237.7,"max":274.0,"latest":274.0,"latestYear":2013,"years":7}},{"type":"Feature","geometry":{"type":"Point","coordinates":[141.704705,40.098741]},"properties":{"name":"山根","addr":"久慈市山根町（千助一の橋横）","org":"岩手県","avg":279.0,"max":418.0,"latest":418.0,"latestYear":2013,"years":7}},{"type":"Feature","geometry":{"type":"Point","coordinates":[141.517038,40.130769]},"properties":{"name":"平庭","addr":"久慈市山形町川井第17地割明神","org":"岩手県","avg":432.0,"max":705.0,"latest":705.0,"latestYear":2013,"years":7}},{"type":"Feature","geometry":{"type":"Point","coordinates":[141.455521,40.335932]},"properties":{"name":"軽米","addr":"九戸郡軽米町大字軽米第8地割193-38","org":"岩手県","avg":281.7,"max":440.0,"latest":440.0,"latestYear":2013,"years":7}},{"type":"Feature","geometry":{"type":"Point","coordinates":[141.563037,40.345268]},"properties":{"name":"大道口","addr":"九戸郡軽米町大字上屋館題60地割76-3","org":"岩手県","avg":286.8,"max":383.0,"latest":271.0,"latestYear":2012,"years":6}},{"type":"Feature","geometry":{"type":"Point","coordinates":[141.418392,40.222306]},"properties":{"name":"伊保内","addr":"九戸郡九戸村大字長興寺第3地割3-1","org":"岩手県","avg":279.0,"max":459.0,"latest":459.0,"latestYear":2013,"years":7}},{"type":"Feature","geometry":{"type":"Point","coordinates":[141.18033,40.272598]},"properties":{"name":"上野","addr":"二戸市上斗米字上野","org":"岩手県","avg":373.2,"max":455.0,"latest":381.0,"latestYear":2012,"years":6}},{"type":"Feature","geometry":{"type":"Point","coordinates":[141.141003,40.176525]},"properties":{"name":"浄法寺","addr":"二戸市浄法寺町大字駒ヶ嶺字滝見橋","org":"岩手県","avg":316.7,"max":455.0,"latest":455.0,"latestYear":2013,"years":7}},{"type":"Feature","geometry":{"type":"Point","coordinates":[141.125034,38.93332]},"properties":{"name":"一関","addr":"一関市竹山町","org":"国土交通省気象庁","avg":180.9,"max":393.0,"latest":246.0,"latestYear":2013,"years":32}},{"type":"Feature","geometry":{"type":"Point","coordinates":[141.543363,39.338318]},"properties":{"name":"遠野","addr":"遠野市松崎町白岩24地割","org":"国土交通省気象庁","avg":286.5,"max":1013.0,"latest":322.0,"latestYear":2013,"years":30}},{"type":"Feature","geometry":{"type":"Point","coordinates":[141.22501,40.059991]},"properties":{"name":"奥中山","addr":"二戸郡一戸町小繋字西田子","org":"国土交通省気象庁","avg":561.7,"max":758.0,"latest":587.0,"latestYear":2013,"years":35}},{"type":"Feature","geometry":{"type":"Point","coordinates":[141.436678,40.038324]},"properties":{"name":"葛巻","addr":"岩手郡葛巻町葛巻第16地割","org":"国土交通省気象庁","avg":397.8,"max":554.0,"latest":288.0,"latestYear":2013,"years":30}},{"type":"Feature","geometry":{"type":"Point","coordinates":[141.065012,39.951658]},"properties":{"name":"岩手松尾","addr":"八幡平市野駄","org":"国土交通省気象庁","avg":429.4,"max":584.0,"latest":393.0,"latestYear":2013,"years":23}},{"type":"Feature","geometry":{"type":"Point","coordinates":[141.795016,39.846655]},"properties":{"name":"岩泉","addr":"下閉伊郡岩泉町岩泉字中家","org":"国土交通省気象庁","avg":268.5,"max":381.0,"latest":285.0,"latestYear":2013,"years":23}},{"type":"Feature","geometry":{"type":"Point","coordinates":[141.748342,40.168325]},"properties":{"name":"久慈","addr":"久慈市小久慈町第24地割","org":"国土交通省気象庁","avg":176.0,"max":289.0,"latest":278.0,"latestYear":2013,"years":26}},{"type":"Feature","geometry":{"type":"Point","coordinates":[141.965022,39.646652]},"properties":{"name":"宮古","addr":"宮古市鍬ケ崎下町　宮古特別地域気象観測所","org":"国土交通省気象庁","avg":99.6,"max":259.0,"latest":171.0,"latestYear":2013,"years":62}},{"type":"Feature","geometry":{"type":"Point","coordinates":[141.353353,39.649988]},"properties":{"name":"区界","addr":"宮古市区界第2地割","org":"国土交通省気象庁","avg":614.4,"max":1382.0,"latest":403.0,"latestYear":2013,"years":29}},{"type":"Feature","geometry":{"type":"Point","coordinates":[140.865027,39.011656]},"properties":{"name":"祭畤","addr":"一関市厳美町祭畤","org":"国土交通省気象庁","avg":951.0,"max":1324.0,"latest":1021.0,"latestYear":2013,"years":31}},{"type":"Feature","geometry":{"type":"Point","coordinates":[140.975016,39.696656]},"properties":{"name":"雫石","addr":"岩手郡雫石町第40地割字千刈田","org":"国土交通省気象庁","avg":494.3,"max":711.0,"latest":456.0,"latestYear":2013,"years":31}},{"type":"Feature","geometry":{"type":"Point","coordinates":[141.165017,39.698322]},"properties":{"name":"盛岡","addr":"盛岡市山王町　盛岡地方気象台","org":"国土交通省気象庁","avg":212.3,"max":384.0,"latest":243.0,"latestYear":2013,"years":62}},{"type":"Feature","geometry":{"type":"Point","coordinates":[141.713377,39.063314]},"properties":{"name":"大船渡","addr":"大船渡市大船渡町字赤沢　大船渡特別地域気象観測所","org":"国土交通省気象庁","avg":47.4,"max":141.0,"latest":78.0,"latestYear":2013,"years":51}},{"type":"Feature","geometry":{"type":"Point","coordinates":[140.776687,39.30999]},"properties":{"name":"湯田","addr":"和賀郡西和賀町上野々第39地割","org":"国土交通省気象庁","avg":1037.3,"max":1389.0,"latest":1242.0,"latestYear":2013,"years":35}},{"type":"Feature","geometry":{"type":"Point","coordinates":[141.298341,40.298326]},"properties":{"name":"二戸","addr":"二戸市堀野字馬場","org":"国土交通省気象庁","avg":299.5,"max":447.0,"latest":405.0,"latestYear":2013,"years":31}},{"type":"Feature","geometry":{"type":"Point","coordinates":[141.110024,39.288321]},"properties":{"name":"北上","addr":"北上市芳町","org":"国土交通省気象庁","avg":351.2,"max":535.0,"latest":475.0,"latestYear":2013,"years":30}},{"type":"Feature","geometry":{"type":"Point","coordinates":[140.661405,38.306321]},"properties":{"name":"作並","addr":"仙台市青葉区作並","org":"宮城県","avg":108.2,"max":167.0,"latest":150.0,"latestYear":2013,"years":17}},{"type":"Feature","geometry":{"type":"Point","coordinates":[140.774056,38.578238]},"properties":{"name":"小野田","addr":"加美郡加美町字原道端屋敷","org":"宮城県","avg":63.8,"max":120.0,"latest":68.0,"latestYear":2013,"years":17}},{"type":"Feature","geometry":{"type":"Point","coordinates":[140.706008,38.753341]},"properties":{"name":"鳴子","addr":"大崎市鳴子温泉岩渕2-8","org":"宮城県","avg":134.4,"max":184.0,"latest":184.0,"latestYear":2013,"years":17}},{"type":"Feature","geometry":{"type":"Point","coordinates":[140.988118,38.828624]},"properties":{"name":"栗駒","addr":"栗原市栗駒岩ヶ崎鏡寺後38","org":"宮城県","avg":22.9,"max":54.0,"latest":40.0,"latestYear":2013,"years":17}},{"type":"Feature","geometry":{"type":"Point","coordinates":[140.443396,37.993682]},"properties":{"name":"関","addr":"刈田郡七ヶ宿町字関22-3","org":"宮城県","avg":90.3,"max":145.0,"latest":120.0,"latestYear":2013,"years":17}},{"type":"Feature","geometry":{"type":"Point","coordinates":[140.32119,38.012535]},"properties":{"name":"湯ノ原","addr":"刈田郡七ヶ宿町湯ノ原46","org":"宮城県","avg":187.9,"max":255.0,"latest":228.0,"latestYear":2013,"years":17}},{"type":"Feature","geometry":{"type":"Point","coordinates":[140.605688,38.001381]},"properties":{"name":"白石","addr":"白石市福岡蔵本字下館65-3","org":"宮城県","avg":23.1,"max":41.0,"latest":41.0,"latestYear":2013,"years":17}},{"type":"Feature","geometry":{"type":"Point","coordinates":[140.547927,38.135335]},"properties":{"name":"遠刈田","addr":"刈田郡蔵王町遠刈田温泉字清水原34","org":"宮城県","avg":44.2,"max":110.0,"latest":110.0,"latestYear":2013,"years":17}},{"type":"Feature","geometry":{"type":"Point","coordinates":[140.637177,38.175609]},"properties":{"name":"川崎","addr":"柴田郡川崎町大字前川字中原5","org":"宮城県","avg":40.2,"max":110.0,"latest":110.0,"latestYear":2013,"years":17}},{"type":"Feature","geometry":{"type":"Point","coordinates":[140.539055,38.215629]},"properties":{"name":"今宿","addr":"柴田郡川崎町今宿字道下23-18","org":"宮城県","avg":105.7,"max":240.0,"latest":240.0,"latestYear":2013,"years":17}},{"type":"Feature","geometry":{"type":"Point","coordinates":[140.569014,38.09368]},"properties":{"name":"倉石岳","addr":"刈田郡蔵王町遠刈田温泉北原尾国有地内","org":"宮城県","avg":210.1,"max":320.0,"latest":235.0,"latestYear":2013,"years":17}},{"type":"Feature","geometry":{"type":"Point","coordinates":[140.976257,38.565494]},"properties":{"name":"古川","addr":"大崎市古川旭4-1-1","org":"宮城県","avg":31.1,"max":51.0,"latest":44.0,"latestYear":2013,"years":17}},{"type":"Feature","geometry":{"type":"Point","coordinates":[140.712185,38.746584]},"properties":{"name":"中山平","addr":"大崎市鳴子温泉中山平星沼13-336","org":"宮城県","avg":129.5,"max":205.0,"latest":205.0,"latestYear":2013,"years":17}},{"type":"Feature","geometry":{"type":"Point","coordinates":[140.634726,38.848911]},"properties":{"name":"大森平","addr":"大崎市鳴子温泉鬼首字大森平13-12","org":"宮城県","avg":178.8,"max":270.0,"latest":180.0,"latestYear":2013,"years":17}},{"type":"Feature","geometry":{"type":"Point","coordinates":[140.644498,38.584622]},"properties":{"name":"漆沢","addr":"加美郡加美町漆沢筒砂子","org":"宮城県","avg":171.7,"max":250.0,"latest":195.0,"latestYear":2013,"years":17}},{"type":"Feature","geometry":{"type":"Point","coordinates":[140.710914,38.62794]},"properties":{"name":"旭","addr":"加美郡加美町宮崎字三本木1-6","org":"宮城県","avg":98.6,"max":190.0,"latest":125.0,"latestYear":2013,"years":17}},{"type":"Feature","geometry":{"type":"Point","coordinates":[141.018047,38.737757]},"properties":{"name":"築館","addr":"栗原市築館藤木5-1","org":"宮城県","avg":23.1,"max":55.0,"latest":30.0,"latestYear":2013,"years":17}},{"type":"Feature","geometry":{"type":"Point","coordinates":[140.773448,38.86263]},"properties":{"name":"温湯","addr":"栗原市花山字本沢温湯15","org":"宮城県","avg":106.0,"max":145.0,"latest":132.0,"latestYear":2013,"years":17}},{"type":"Feature","geometry":{"type":"Point","coordinates":[140.929514,38.902732]},"properties":{"name":"玉山","addr":"栗原市栗駒沼倉上田3-2","org":"宮城県","avg":49.6,"max":80.0,"latest":60.0,"latestYear":2013,"years":17}},{"type":"Feature","geometry":{"type":"Point","coordinates":[140.818908,38.941584]},"properties":{"name":"耕英","addr":"栗原市栗駒耕英東","org":"宮城県","avg":183.4,"max":310.0,"latest":200.0,"latestYear":2013,"years":17}},{"type":"Feature","geometry":{"type":"Point","coordinates":[140.86262,38.779089]},"properties":{"name":"花山","addr":"栗原市花山字本沢向原11","org":"宮城県","avg":46.5,"max":99.0,"latest":45.0,"latestYear":2013,"years":17}},{"type":"Feature","geometry":{"type":"Point","coordinates":[140.828361,38.913323]},"properties":{"name":"駒ノ湯","addr":"栗原市栗駒沼倉耕英南","org":"国土交通省気象庁","avg":950.9,"max":1162.0,"latest":1120.0,"latestYear":2013,"years":17}},{"type":"Feature","geometry":{"type":"Point","coordinates":[140.911701,38.598323]},"properties":{"name":"古川","addr":"大崎市古川大崎字富国","org":"国土交通省気象庁","avg":208.1,"max":554.0,"latest":378.0,"latestYear":2013,"years":26}},{"type":"Feature","geometry":{"type":"Point","coordinates":[140.636696,38.303327]},"properties":{"name":"新川","addr":"仙台市青葉区新川字清水尻","org":"国土交通省気象庁","avg":385.6,"max":681.0,"latest":571.0,"latestYear":2013,"years":30}},{"type":"Feature","geometry":{"type":"Point","coordinates":[140.760029,38.743324]},"properties":{"name":"川渡","addr":"大崎市鳴子温泉字蓬田","org":"国土交通省気象庁","avg":440.5,"max":842.0,"latest":565.0,"latestYear":2013,"years":35}},{"type":"Feature","geometry":{"type":"Point","coordinates":[140.611696,38.014996]},"properties":{"name":"白石","addr":"白石市福岡長袋字湯殿山","org":"国土交通省気象庁","avg":121.9,"max":357.0,"latest":138.0,"latestYear":2013,"years":30}},{"type":"Feature","geometry":{"type":"Point","coordinates":[140.033914,39.394994]},"properties":{"name":"本荘","addr":"由利本荘市石脇字田尻野18","org":"東北地方整備局","avg":268.9,"max":660.0,"latest":247.0,"latestYear":2013,"years":18}},{"type":"Feature","geometry":{"type":"Point","coordinates":[140.080312,39.733094]},"properties":{"name":"秋田","addr":"秋田市泉字登木73-3","org":"東北地方整備局","avg":276.3,"max":541.0,"latest":296.0,"latestYear":2013,"years":18}},{"type":"Feature","geometry":{"type":"Point","coordinates":[140.625807,40.420594]},"properties":{"name":"矢立","addr":"大館市長走字下内沢","org":"東北地方整備局","avg":790.1,"max":1338.0,"latest":1048.0,"latestYear":2013,"years":18}},{"type":"Feature","geometry":{"type":"Point","coordinates":[140.37562,39.020393]},"properties":{"name":"上院内","addr":"湯沢市上院内字新雄勝","org":"東北地方整備局","avg":1420.8,"max":1890.0,"latest":1824.0,"latestYear":2013,"years":18}},{"type":"Feature","geometry":{"type":"Point","coordinates":[140.457919,39.197092]},"properties":{"name":"湯沢","addr":"湯沢市愛宕町","org":"東北地方整備局","avg":1041.5,"max":1493.0,"latest":1439.0,"latestYear":2013,"years":18}},{"type":"Feature","geometry":{"type":"Point","coordinates":[140.724715,39.691092]},"properties":{"name":"生保内","addr":null,"org":"東北地方整備局","avg":810.3,"max":1461.0,"latest":1001.0,"latestYear":2013,"years":18}},{"type":"Feature","geometry":{"type":"Point","coordinates":[140.551937,39.310237]},"properties":{"name":"横手道路管理センター","addr":"横手市条里一丁目18-15","org":"横手市","avg":615.1,"max":1123.0,"latest":798.0,"latestYear":2013,"years":41}},{"type":"Feature","geometry":{"type":"Point","coordinates":[140.557446,39.213214]},"properties":{"name":"増田道路管理センター","addr":"横手市増田町亀田字半助村南137","org":"横手市","avg":707.0,"max":1093.0,"latest":1093.0,"latestYear":2013,"years":32}},{"type":"Feature","geometry":{"type":"Point","coordinates":[140.53117,39.242723]},"properties":{"name":"秋田県果樹試験場","addr":"横手市平鹿町醍醐字街道下65","org":"横手市","avg":738.3,"max":1064.0,"latest":1064.0,"latestYear":2013,"years":8}},{"type":"Feature","geometry":{"type":"Point","coordinates":[140.429371,39.290538]},"properties":{"name":"雄物川町役場","addr":"横手市雄物川町今宿字鳴田1","org":"横手市","avg":569.1,"max":902.0,"latest":418.0,"latestYear":2003,"years":27}},{"type":"Feature","geometry":{"type":"Point","coordinates":[140.431892,39.293633]},"properties":{"name":"雄物川分署","addr":"横手市雄物川町沼館字昼飯塚6-2","org":"横手市","avg":713.2,"max":945.0,"latest":866.0,"latestYear":2013,"years":10}},{"type":"Feature","geometry":{"type":"Point","coordinates":[140.434273,39.342039]},"properties":{"name":"大森大雄分署","addr":"横手市大森町字大中島２７５番地","org":"横手市","avg":648.9,"max":1056.0,"latest":1056.0,"latestYear":2013,"years":19}},{"type":"Feature","geometry":{"type":"Point","coordinates":[140.522122,39.225694]},"properties":{"name":"十文字分署","addr":"横手市十文字町字海道下18番地1","org":"横手市","avg":689.3,"max":1114.0,"latest":1114.0,"latestYear":2013,"years":27}},{"type":"Feature","geometry":{"type":"Point","coordinates":[140.621142,39.277896]},"properties":{"name":"山内分署","addr":"横手市山内村土渕字二瀬8-4","org":"横手市","avg":768.8,"max":1178.0,"latest":1178.0,"latestYear":2013,"years":19}},{"type":"Feature","geometry":{"type":"Point","coordinates":[140.474198,39.333384]},"properties":{"name":"旧大雄分署","addr":"秋田県横手市大雄字三村東24番地","org":"横手市","avg":666.9,"max":1054.0,"latest":1054.0,"latestYear":2013,"years":9}},{"type":"Feature","geometry":{"type":"Point","coordinates":[140.237936,39.882182]},"properties":{"name":"北の叉","addr":"南秋田郡五城目町馬場目字北ノ叉","org":"五城目町","avg":476.2,"max":709.0,"latest":533.0,"latestYear":2013,"years":16}},{"type":"Feature","geometry":{"type":"Point","coordinates":[140.788898,40.167771]},"properties":{"name":"鹿角広域行政組合消防署","addr":"鹿角市花輪字高井田６４番地２","org":"鹿角市","avg":77.4,"max":105.0,"latest":86.0,"latestYear":2012,"years":10}},{"type":"Feature","geometry":{"type":"Point","coordinates":[140.763318,40.253164]},"properties":{"name":"十和田南","addr":"鹿角市十和田錦木字赤沢田地内","org":"秋田県","avg":410.8,"max":690.0,"latest":424.0,"latestYear":2012,"years":10}},{"type":"Feature","geometry":{"type":"Point","coordinates":[140.825749,40.291459]},"properties":{"name":"発荷","addr":"鹿角市十和田大湯字大湯","org":"秋田県","avg":735.9,"max":918.0,"latest":746.0,"latestYear":2012,"years":10}},{"type":"Feature","geometry":{"type":"Point","coordinates":[140.747446,40.381115]},"properties":{"name":"古遠部","addr":"鹿角郡小坂町小坂字古遠部沢","org":"秋田県","avg":532.9,"max":614.0,"latest":573.0,"latestYear":2012,"years":10}},{"type":"Feature","geometry":{"type":"Point","coordinates":[140.76821,40.112143]},"properties":{"name":"トロコ","addr":"鹿角市八幡平字トロコ沢地内","org":"秋田県","avg":962.9,"max":1494.0,"latest":959.0,"latestYear":2012,"years":10}},{"type":"Feature","geometry":{"type":"Point","coordinates":[140.886097,40.373664]},"properties":{"name":"中滝","addr":"鹿角市十和田大湯字中滝地内","org":"秋田県","avg":602.4,"max":835.0,"latest":538.0,"latestYear":2012,"years":10}},{"type":"Feature","geometry":{"type":"Point","coordinates":[140.359683,40.226402]},"properties":{"name":"鷹巣","addr":"北秋田市鷹巣字東中岱７６-１","org":"秋田県","avg":415.4,"max":619.0,"latest":619.0,"latestYear":2012,"years":10}},{"type":"Feature","geometry":{"type":"Point","coordinates":[140.534412,40.27661]},"properties":{"name":"大館","addr":"大館市片山町３丁目１４-５","org":"秋田県","avg":331.3,"max":448.0,"latest":448.0,"latestYear":2012,"years":10}},{"type":"Feature","geometry":{"type":"Point","coordinates":[140.548731,40.043183]},"properties":{"name":"米内沢","addr":"北秋田市森吉本城字中島１６","org":"秋田県","avg":383.7,"max":568.0,"latest":494.0,"latestYear":2012,"years":10}},{"type":"Feature","geometry":{"type":"Point","coordinates":[140.28385,40.044908]},"properties":{"name":"沖田面","addr":"北秋田郡上小阿仁村沖田面","org":"秋田県","avg":433.8,"max":600.0,"latest":475.0,"latestYear":2012,"years":9}},{"type":"Feature","geometry":{"type":"Point","coordinates":[140.602116,40.190443]},"properties":{"name":"独鈷","addr":"大館市比内町独鈷字独鈷９８-１","org":"秋田県","avg":393.7,"max":565.0,"latest":447.0,"latestYear":2012,"years":10}},{"type":"Feature","geometry":{"type":"Point","coordinates":[140.446012,39.902603]},"properties":{"name":"比立内","addr":"北秋田市阿仁幸屋渡","org":"秋田県","avg":754.2,"max":1043.0,"latest":1043.0,"latestYear":2012,"years":10}},{"type":"Feature","geometry":{"type":"Point","coordinates":[140.027448,40.236275]},"properties":{"name":"能代","addr":"能代市落合字砂田地内","org":"秋田県","avg":177.9,"max":311.0,"latest":311.0,"latestYear":2012,"years":10}},{"type":"Feature","geometry":{"type":"Point","coordinates":[139.987297,40.392016]},"properties":{"name":"八森","addr":"山本郡八峰町八森字木戸沢２-１","org":"秋田県","avg":166.6,"max":242.0,"latest":242.0,"latestYear":2012,"years":10}},{"type":"Feature","geometry":{"type":"Point","coordinates":[140.233322,40.31227]},"properties":{"name":"素波里","addr":"山本郡藤里町粕毛字下根城４２-５","org":"秋田県","avg":458.6,"max":576.0,"latest":576.0,"latestYear":2012,"years":10}},{"type":"Feature","geometry":{"type":"Point","coordinates":[140.239845,40.209584]},"properties":{"name":"二ツ井","addr":"能代市二ツ井町字下野家後１５６-２","org":"秋田県","avg":323.2,"max":633.0,"latest":633.0,"latestYear":2012,"years":10}},{"type":"Feature","geometry":{"type":"Point","coordinates":[140.154399,40.050924]},"properties":{"name":"琴丘","addr":"山本郡三種町上岩川字塚ノ岱８４","org":"秋田県","avg":326.2,"max":730.0,"latest":483.0,"latestYear":2012,"years":10}},{"type":"Feature","geometry":{"type":"Point","coordinates":[140.116435,39.700108]},"properties":{"name":"秋田","addr":"秋田市牛島東１丁目２７-７６","org":"秋田県","avg":251.6,"max":391.0,"latest":391.0,"latestYear":2012,"years":10}},{"type":"Feature","geometry":{"type":"Point","coordinates":[140.034935,39.85978]},"properties":{"name":"昭和","addr":"潟上市昭和大久保字北野武利子沢４０-４衛生センター雑種地","org":"秋田県","avg":312.8,"max":465.0,"latest":463.0,"latestYear":2012,"years":10}},{"type":"Feature","geometry":{"type":"Point","coordinates":[140.21471,39.956602]},"properties":{"name":"高樋","addr":"南秋田郡五城目町富津内中津又字高野１０-２山村広場ゲートボール場緑地","org":"秋田県","avg":486.7,"max":700.0,"latest":553.0,"latestYear":2012,"years":10}},{"type":"Feature","geometry":{"type":"Point","coordinates":[139.846127,39.881158]},"properties":{"name":"船川","addr":"男鹿市船川港船川字外ヶ沢１３４","org":"秋田県","avg":236.6,"max":350.0,"latest":290.0,"latestYear":2012,"years":10}},{"type":"Feature","geometry":{"type":"Point","coordinates":[140.287926,39.707019]},"properties":{"name":"岩見三内","addr":"秋田市河辺三内字外川原３４-２　ディーサービスセンター駐車場","org":"秋田県","avg":436.9,"max":662.0,"latest":534.0,"latestYear":2012,"years":10}},{"type":"Feature","geometry":{"type":"Point","coordinates":[140.195237,39.504832]},"properties":{"name":"雄和","addr":"秋田市雄和神ケ村字陣笠２９４　勤労者体育センター雑種地","org":"秋田県","avg":573.4,"max":960.0,"latest":611.0,"latestYear":2012,"years":10}},{"type":"Feature","geometry":{"type":"Point","coordinates":[140.073659,39.410451]},"properties":{"name":"本荘","addr":"由利本荘市畑谷字東畑谷","org":"秋田県","avg":247.8,"max":337.0,"latest":323.0,"latestYear":2012,"years":10}},{"type":"Feature","geometry":{"type":"Point","coordinates":[140.220015,39.417023]},"properties":{"name":"中田代","addr":"由利本荘市小栗山字横道　上川大内保育園隣","org":"秋田県","avg":457.5,"max":611.0,"latest":559.0,"latestYear":2012,"years":10}},{"type":"Feature","geometry":{"type":"Point","coordinates":[140.297467,39.308863]},"properties":{"name":"館合","addr":"由利本荘市東由利老方字五升畑　老方地区多目的集会施設内","org":"秋田県","avg":496.1,"max":600.0,"latest":586.0,"latestYear":2012,"years":10}},{"type":"Feature","geometry":{"type":"Point","coordinates":[140.032233,39.236718]},"properties":{"name":"釜ヶ台","addr":"にかほ市釜ケ台字中島　釜ケ台地区多目的集会施設内","org":"秋田県","avg":453.4,"max":556.0,"latest":488.0,"latestYear":2012,"years":10}},{"type":"Feature","geometry":{"type":"Point","coordinates":[139.937812,39.171967]},"properties":{"name":"小滝","addr":"にかほ市象潟町関字上栗山　栗山公園内","org":"秋田県","avg":298.1,"max":452.0,"latest":365.0,"latestYear":2012,"years":10}},{"type":"Feature","geometry":{"type":"Point","coordinates":[140.146816,39.238293]},"properties":{"name":"矢島","addr":"由利本荘市矢島町立石字上野　矢島公民館立石分館内","org":"秋田県","avg":450.4,"max":672.0,"latest":473.0,"latestYear":2012,"years":10}},{"type":"Feature","geometry":{"type":"Point","coordinates":[140.281407,39.102466]},"properties":{"name":"笹子","addr":"由利本荘市鳥海町上笹子字石神　鳥海町多世代交流広場内","org":"秋田県","avg":705.6,"max":901.0,"latest":820.0,"latestYear":2012,"years":10}},{"type":"Feature","geometry":{"type":"Point","coordinates":[140.478406,39.450041]},"properties":{"name":"大曲","addr":"大仙市大曲上栄町１３-６２","org":"秋田県","avg":593.7,"max":851.0,"latest":851.0,"latestYear":2012,"years":10}},{"type":"Feature","geometry":{"type":"Point","coordinates":[140.648584,39.783432]},"properties":{"name":"鎧畑","addr":"仙北市田沢湖田沢字中山４４-７","org":"秋田県","avg":779.7,"max":1097.0,"latest":858.0,"latestYear":2012,"years":10}},{"type":"Feature","geometry":{"type":"Point","coordinates":[140.760709,39.77912]},"properties":{"name":"乳頭","addr":"仙北市田沢湖生保内字駒ケ岳２-１","org":"秋田県","avg":849.6,"max":1158.0,"latest":852.0,"latestYear":2012,"years":10}},{"type":"Feature","geometry":{"type":"Point","coordinates":[140.751225,39.707422]},"properties":{"name":"生保内","addr":"仙北市田沢湖生保内字近藤沢２","org":"秋田県","avg":563.4,"max":775.0,"latest":592.0,"latestYear":2012,"years":10}},{"type":"Feature","geometry":{"type":"Point","coordinates":[140.345895,39.526341]},"properties":{"name":"刈和野","addr":"大仙市大沢郷寺葭谷地　地内","org":"秋田県","avg":454.2,"max":548.0,"latest":536.0,"latestYear":2012,"years":10}},{"type":"Feature","geometry":{"type":"Point","coordinates":[140.557307,39.602302]},"properties":{"name":"角館","addr":"仙北市角館町小勝田鵜ノ崎５１-２","org":"秋田県","avg":560.0,"max":736.0,"latest":695.0,"latestYear":2012,"years":10}},{"type":"Feature","geometry":{"type":"Point","coordinates":[140.628445,39.52552]},"properties":{"name":"太田","addr":"仙北郡太田町斉内字栗木１５２-１","org":"秋田県","avg":557.3,"max":730.0,"latest":730.0,"latestYear":2012,"years":10}},{"type":"Feature","geometry":{"type":"Point","coordinates":[140.364099,39.435051]},"properties":{"name":"南外","addr":"大仙市南外字上野９９-１","org":"秋田県","avg":517.6,"max":718.0,"latest":636.0,"latestYear":2012,"years":10}},{"type":"Feature","geometry":{"type":"Point","coordinates":[140.571383,39.858103]},"properties":{"name":"戸沢","addr":"仙北市西木町上桧木内字西下戸沢１１６","org":"秋田県","avg":823.1,"max":1282.0,"latest":933.0,"latestYear":2012,"years":10}},{"type":"Feature","geometry":{"type":"Point","coordinates":[140.722681,39.966673]},"properties":{"name":"玉川","addr":"仙北市田沢湖玉川字渋黒沢国有林１３林班３小班","org":"秋田県","avg":1250.5,"max":1685.0,"latest":1230.0,"latestYear":2012,"years":10}},{"type":"Feature","geometry":{"type":"Point","coordinates":[140.532952,39.296144]},"properties":{"name":"横手","addr":"横手市赤坂字仁坂１０５-１２","org":"秋田県","avg":653.7,"max":970.0,"latest":726.0,"latestYear":2012,"years":10}},{"type":"Feature","geometry":{"type":"Point","coordinates":[140.523924,39.230531]},"properties":{"name":"十文字","addr":"横手市十文字町梨木堤ノ上聖安公園内","org":"秋田県","avg":560.1,"max":902.0,"latest":902.0,"latestYear":2010,"years":8}},{"type":"Feature","geometry":{"type":"Point","coordinates":[140.67914,39.284591]},"properties":{"name":"小松川","addr":"横手市山内小松川字上荒倉２３-８","org":"秋田県","avg":828.4,"max":990.0,"latest":983.0,"latestYear":2012,"years":10}},{"type":"Feature","geometry":{"type":"Point","coordinates":[140.380997,39.274642]},"properties":{"name":"大沢","addr":"横手市雄物川町大沢字盲沢６-４８","org":"秋田県","avg":580.3,"max":706.0,"latest":640.0,"latestYear":2012,"years":10}},{"type":"Feature","geometry":{"type":"Point","coordinates":[140.488239,39.156032]},"properties":{"name":"湯沢","addr":"湯沢市千石町２丁目１-１０　総合庁舎敷地内","org":"秋田県","avg":532.0,"max":698.0,"latest":651.0,"latestYear":2012,"years":10}},{"type":"Feature","geometry":{"type":"Point","coordinates":[140.319047,39.205283]},"properties":{"name":"田代","addr":"雄勝郡羽後町田代字天王１４１　田代農村総合センター敷地内","org":"秋田県","avg":663.2,"max":789.0,"latest":757.0,"latestYear":2012,"years":10}},{"type":"Feature","geometry":{"type":"Point","coordinates":[140.585913,39.019071]},"properties":{"name":"三途川","addr":"湯沢市高松字天矢場６８-１湯沢市ポケットパーク","org":"秋田県","avg":850.4,"max":1149.0,"latest":894.0,"latestYear":2012,"years":10}},{"type":"Feature","geometry":{"type":"Point","coordinates":[140.58666,39.078073]},"properties":{"name":"皆瀬","addr":"湯沢市皆瀬字沢梨台　ダムセンター広場","org":"秋田県","avg":784.8,"max":996.0,"latest":900.0,"latestYear":2012,"years":10}},{"type":"Feature","geometry":{"type":"Point","coordinates":[140.551323,38.939942]},"properties":{"name":"秋の宮","addr":"湯沢市秋ノ宮字畑５０　除雪ステーション","org":"秋田県","avg":842.0,"max":1056.0,"latest":974.0,"latestYear":2012,"years":10}},{"type":"Feature","geometry":{"type":"Point","coordinates":[140.715768,39.145637]},"properties":{"name":"椿台","addr":"雄勝郡東成瀬村椿川字堤３１-２　椿川小学校","org":"秋田県","avg":790.8,"max":902.0,"latest":875.0,"latestYear":2012,"years":10}},{"type":"Feature","geometry":{"type":"Point","coordinates":[140.403344,39.993327]},"properties":{"name":"阿仁合","addr":"北秋田市阿仁水無字畑町裏","org":"国土交通省気象庁","avg":847.8,"max":1615.0,"latest":878.0,"latestYear":2013,"years":35}},{"type":"Feature","geometry":{"type":"Point","coordinates":[140.555018,39.319991]},"properties":{"name":"横手","addr":"横手市横手町大樋","org":"国土交通省気象庁","avg":809.2,"max":1139.0,"latest":1077.0,"latestYear":2013,"years":35}},{"type":"Feature","geometry":{"type":"Point","coordinates":[140.556682,39.603326]},"properties":{"name":"角館","addr":"仙北市角館町小勝田鵜の崎","org":"国土交通省気象庁","avg":674.0,"max":1020.0,"latest":664.0,"latestYear":2013,"years":35}},{"type":"Feature","geometry":{"type":"Point","coordinates":[140.11501,39.938328]},"properties":{"name":"五城目","addr":"南秋田郡五城目町上樋口字屋岸","org":"国土交通省気象庁","avg":416.2,"max":639.0,"latest":578.0,"latestYear":2013,"years":35}},{"type":"Feature","geometry":{"type":"Point","coordinates":[140.786675,40.214993]},"properties":{"name":"鹿角","addr":"鹿角市花輪字荒田","org":"国土交通省気象庁","avg":600.0,"max":991.0,"latest":641.0,"latestYear":2013,"years":35}},{"type":"Feature","geometry":{"type":"Point","coordinates":[140.098345,39.716661]},"properties":{"name":"秋田","addr":"秋田市山王　秋田地方気象台","org":"国土交通省気象庁","avg":273.7,"max":590.0,"latest":338.0,"latestYear":2013,"years":62}},{"type":"Feature","geometry":{"type":"Point","coordinates":[140.233348,39.52666]},"properties":{"name":"大正寺","addr":"秋田市雄和新波字寺沢","org":"国土交通省気象庁","avg":576.8,"max":1035.0,"latest":714.0,"latestYear":2013,"years":34}},{"type":"Feature","geometry":{"type":"Point","coordinates":[140.371675,40.226661]},"properties":{"name":"鷹巣","addr":"北秋田市旭町","org":"国土交通省気象庁","avg":526.3,"max":814.0,"latest":613.0,"latestYear":2013,"years":35}},{"type":"Feature","geometry":{"type":"Point","coordinates":[140.528356,38.959992]},"properties":{"name":"湯の岱","addr":"湯沢市秋の宮字湯の岱","org":"国土交通省気象庁","avg":903.6,"max":1294.0,"latest":1022.0,"latestYear":2013,"years":35}},{"type":"Feature","geometry":{"type":"Point","coordinates":[140.463352,39.186659]},"properties":{"name":"湯沢","addr":"湯沢市金谷字樋ノ口","org":"国土交通省気象庁","avg":769.4,"max":1067.0,"latest":982.0,"latestYear":2013,"years":29}},{"type":"Feature","geometry":{"type":"Point","coordinates":[140.031675,40.198328]},"properties":{"name":"能代","addr":"能代市緑町","org":"国土交通省気象庁","avg":364.5,"max":721.0,"latest":336.0,"latestYear":2013,"years":35}},{"type":"Feature","geometry":{"type":"Point","coordinates":[140.055015,39.359994]},"properties":{"name":"本荘","addr":"由利本荘市埋田字用堰南","org":"国土交通省気象庁","avg":351.9,"max":640.0,"latest":377.0,"latestYear":2013,"years":35}},{"type":"Feature","geometry":{"type":"Point","coordinates":[140.136683,39.234993]},"properties":{"name":"矢島","addr":"由利本荘市矢島町城内字築館","org":"国土交通省気象庁","avg":657.5,"max":1085.0,"latest":680.0,"latestYear":2013,"years":35}},{"type":"Feature","geometry":{"type":"Point","coordinates":[139.896717,38.585295]},"properties":{"name":"大網","addr":"山形県鶴岡市大網","org":"東北地方整備局","avg":1116.8,"max":1679.0,"latest":849.0,"latestYear":2013,"years":18}},{"type":"Feature","geometry":{"type":"Point","coordinates":[140.413438,38.610376]},"properties":{"name":"尾花沢消防署","addr":"尾花沢市新町4-5-1","org":"尾花沢市","avg":828.8,"max":1312.0,"latest":777.0,"latestYear":2013,"years":52}},{"type":"Feature","geometry":{"type":"Point","coordinates":[140.480433,38.624675]},"properties":{"name":"宮沢","addr":"尾花沢市押切","org":"尾花沢市","avg":992.7,"max":1482.0,"latest":823.0,"latestYear":2013,"years":15}},{"type":"Feature","geometry":{"type":"Point","coordinates":[140.485271,38.601771]},"properties":{"name":"玉野","addr":"尾花沢市鶴巻田","org":"尾花沢市","avg":914.1,"max":1439.0,"latest":1172.0,"latestYear":2013,"years":15}},{"type":"Feature","geometry":{"type":"Point","coordinates":[140.460031,38.568937]},"properties":{"name":"常盤","addr":"尾花沢市延沢","org":"尾花沢市","avg":917.2,"max":1429.0,"latest":1171.0,"latestYear":2013,"years":13}},{"type":"Feature","geometry":{"type":"Point","coordinates":[140.378366,38.634173]},"properties":{"name":"福原","addr":"尾花沢市野黒沢","org":"尾花沢市","avg":950.6,"max":1568.0,"latest":1040.0,"latestYear":2013,"years":12}},{"type":"Feature","geometry":{"type":"Point","coordinates":[140.508734,38.536748]},"properties":{"name":"花笠高原スキ－場","addr":"尾花沢市鶴子858","org":"尾花沢市","avg":903.8,"max":1364.0,"latest":974.0,"latestYear":2013,"years":12}},{"type":"Feature","geometry":{"type":"Point","coordinates":[140.529243,38.605389]},"properties":{"name":"玉野（母袋 自主観測）","addr":"尾花沢市母袋","org":"尾花沢市","avg":1375.3,"max":1688.0,"latest":1427.0,"latestYear":2013,"years":3}},{"type":"Feature","geometry":{"type":"Point","coordinates":[140.424667,38.695196]},"properties":{"name":"尾花沢鉱山","addr":"尾花沢市南沢","org":"尾花沢市","avg":900.7,"max":1040.0,"latest":725.0,"latestYear":2003,"years":3}},{"type":"Feature","geometry":{"type":"Point","coordinates":[140.148385,38.055826]},"properties":{"name":"南陽市除雪センター","addr":"南陽市三間通439-1","org":"南陽市","avg":490.1,"max":686.0,"latest":570.0,"latestYear":2013,"years":25}},{"type":"Feature","geometry":{"type":"Point","coordinates":[140.377911,38.362274]},"properties":{"name":"天童市消防本部２","addr":"老野森1丁目1-1","org":"天童市","avg":280.4,"max":445.5,"latest":267.7,"latestYear":1986,"years":11}},{"type":"Feature","geometry":{"type":"Point","coordinates":[140.385359,38.353141]},"properties":{"name":"天童市消防本部","addr":"天童市桜町2-1","org":"天童市","avg":298.7,"max":535.0,"latest":378.0,"latestYear":2013,"years":27}},{"type":"Feature","geometry":{"type":"Point","coordinates":[139.825481,38.728172]},"properties":{"name":"鶴岡公園","addr":"鶴岡市馬場町4","org":"鶴岡市","avg":253.6,"max":444.0,"latest":178.0,"latestYear":2013,"years":31}},{"type":"Feature","geometry":{"type":"Point","coordinates":[140.053172,38.275093]},"properties":{"name":"立木","addr":"西村山郡朝日町立木","org":"朝日町","avg":48.2,"max":87.0,"latest":53.0,"latestYear":2013,"years":35}},{"type":"Feature","geometry":{"type":"Point","coordinates":[140.360583,38.582665]},"properties":{"name":"横山","addr":"北村山郡大石田町横山","org":"大石田町","avg":970.2,"max":1628.0,"latest":946.0,"latestYear":2013,"years":55}},{"type":"Feature","geometry":{"type":"Point","coordinates":[140.206869,38.380764]},"properties":{"name":"左沢","addr":"西村山郡大江町左沢882-1","org":"大江町","avg":545.9,"max":1002.3,"latest":675.0,"latestYear":2004,"years":26}},{"type":"Feature","geometry":{"type":"Point","coordinates":[140.095294,38.371799]},"properties":{"name":"貫見","addr":"西村山郡大江町貫見","org":"大江町","avg":780.0,"max":1310.0,"latest":311.0,"latestYear":2006,"years":21}},{"type":"Feature","geometry":{"type":"Point","coordinates":[140.042094,38.362989]},"properties":{"name":"田ノ沢","addr":"西村山郡大江町柳川田ノ沢","org":"大江町","avg":1097.8,"max":1603.0,"latest":888.0,"latestYear":1998,"years":13}},{"type":"Feature","geometry":{"type":"Point","coordinates":[140.197096,38.37883]},"properties":{"name":"消防大江分署","addr":"西村山郡大江町本郷丁373-1","org":"大江町","avg":640.6,"max":1051.0,"latest":586.0,"latestYear":2013,"years":9}},{"type":"Feature","geometry":{"type":"Point","coordinates":[140.056391,38.368175]},"properties":{"name":"柳川温泉","addr":"村山郡大江町柳川1502-3","org":"大江町","avg":1120.6,"max":1586.5,"latest":1081.0,"latestYear":2013,"years":7}},{"type":"Feature","geometry":{"type":"Point","coordinates":[140.38038,38.482141]},"properties":{"name":"村山市消防署","addr":"村山市中央１丁目3-13","org":"村山市","avg":523.2,"max":825.5,"latest":510.5,"latestYear":2013,"years":25}},{"type":"Feature","geometry":{"type":"Point","coordinates":[140.046664,38.003744]},"properties":{"name":"置賜広域行政事務組合消防本部川西消防署","addr":"東置賜郡川西町上小松1736-2","org":"川西町","avg":750.5,"max":820.0,"latest":681.0,"latestYear":2013,"years":2}},{"type":"Feature","geometry":{"type":"Point","coordinates":[140.046664,38.003744]},"properties":{"name":"川西町消防署","addr":"東置賜郡川西町上小松1736-2","org":"川西町","avg":668.5,"max":1001.0,"latest":849.0,"latestYear":2011,"years":31}},{"type":"Feature","geometry":{"type":"Point","coordinates":[140.270362,38.150798]},"properties":{"name":"上山市消防本部","addr":"上山市石崎1丁目7-46","org":"上山市","avg":384.8,"max":658.4,"latest":297.5,"latestYear":2013,"years":35}},{"type":"Feature","geometry":{"type":"Point","coordinates":[140.188816,38.003537]},"properties":{"name":"置賜広域行政事務組合高畠消防署","addr":"東置賜郡高畠町大字高畠528","org":"高畠町","avg":666.5,"max":692.0,"latest":641.0,"latestYear":2013,"years":2}},{"type":"Feature","geometry":{"type":"Point","coordinates":[140.188816,38.003537]},"properties":{"name":"高畠町消防本部（旧）","addr":"東置賜郡高畠町大字高畠528","org":"高畠町","avg":470.5,"max":944.0,"latest":760.0,"latestYear":2011,"years":34}},{"type":"Feature","geometry":{"type":"Point","coordinates":[140.116076,37.922818]},"properties":{"name":"置賜広域行政事務組合消防本部","addr":"米沢市金池5丁目2-41","org":"米沢市","avg":807.0,"max":909.0,"latest":705.0,"latestYear":2013,"years":2}},{"type":"Feature","geometry":{"type":"Point","coordinates":[140.116076,37.922818]},"properties":{"name":"米沢市消防本部（旧）","addr":"米沢市金池5丁目2-41","org":"米沢市","avg":670.9,"max":1033.0,"latest":884.0,"latestYear":2011,"years":11}},{"type":"Feature","geometry":{"type":"Point","coordinates":[140.36645,38.410664]},"properties":{"name":"山形空港","addr":"東根市大字羽入字柏原新林3008","org":"東根市","avg":548.7,"max":862.5,"latest":663.5,"latestYear":2011,"years":15}},{"type":"Feature","geometry":{"type":"Point","coordinates":[139.988161,38.045084]},"properties":{"name":"椿観測所","addr":"西置賜郡飯豊町椿","org":"飯豊町","avg":803.1,"max":1065.0,"latest":831.0,"latestYear":2013,"years":19}},{"type":"Feature","geometry":{"type":"Point","coordinates":[140.298215,38.116448]},"properties":{"name":"牧野","addr":"上山市牧野１０８","org":"山形県","avg":348.8,"max":675.0,"latest":338.0,"latestYear":2012,"years":42}},{"type":"Feature","geometry":{"type":"Point","coordinates":[140.375325,38.358559]},"properties":{"name":"天童","addr":"天童市天童中１－１－３４","org":"山形県","avg":262.3,"max":481.0,"latest":365.0,"latestYear":2012,"years":42}},{"type":"Feature","geometry":{"type":"Point","coordinates":[140.249697,38.269362]},"properties":{"name":"山辺","addr":"山辺町大字要害１","org":"山形県","avg":396.8,"max":588.0,"latest":496.0,"latestYear":2012,"years":42}},{"type":"Feature","geometry":{"type":"Point","coordinates":[140.275926,38.340508]},"properties":{"name":"長崎","addr":"中山町いずみ１","org":"山形県","avg":367.6,"max":636.0,"latest":485.0,"latestYear":2012,"years":29}},{"type":"Feature","geometry":{"type":"Point","coordinates":[140.394671,38.162413]},"properties":{"name":"蔵王温泉","addr":"山形市蔵王温泉２２９","org":"山形県","avg":626.7,"max":1165.0,"latest":632.0,"latestYear":2012,"years":42}},{"type":"Feature","geometry":{"type":"Point","coordinates":[140.331865,38.17755]},"properties":{"name":"上野","addr":"山形市蔵王上野５４８－１","org":"山形県","avg":441.1,"max":798.0,"latest":443.0,"latestYear":2012,"years":42}},{"type":"Feature","geometry":{"type":"Point","coordinates":[140.264542,38.239899]},"properties":{"name":"門伝","addr":"山形市大字門伝３８－１","org":"山形県","avg":390.2,"max":956.0,"latest":489.0,"latestYear":2012,"years":42}},{"type":"Feature","geometry":{"type":"Point","coordinates":[140.443747,38.226029]},"properties":{"name":"関沢","addr":"山形市大字関沢６１","org":"山形県","avg":520.5,"max":802.0,"latest":694.0,"latestYear":2012,"years":42}},{"type":"Feature","geometry":{"type":"Point","coordinates":[140.411584,38.314961]},"properties":{"name":"山寺","addr":"山形市大字山寺１９７３－３８９","org":"山形県","avg":390.4,"max":709.0,"latest":385.0,"latestYear":2012,"years":40}},{"type":"Feature","geometry":{"type":"Point","coordinates":[140.335682,38.143943]},"properties":{"name":"永野","addr":"上山市永野５１－１","org":"山形県","avg":438.1,"max":839.0,"latest":595.0,"latestYear":2012,"years":42}},{"type":"Feature","geometry":{"type":"Point","coordinates":[140.221209,38.184639]},"properties":{"name":"狸森","addr":"上山市狸森５４６","org":"山形県","avg":460.1,"max":785.0,"latest":653.0,"latestYear":2012,"years":42}},{"type":"Feature","geometry":{"type":"Point","coordinates":[140.297642,38.080985]},"properties":{"name":"赤山","addr":"上山市楢下１３９８","org":"山形県","avg":463.5,"max":902.0,"latest":566.0,"latestYear":2012,"years":42}},{"type":"Feature","geometry":{"type":"Point","coordinates":[140.464061,38.365257]},"properties":{"name":"田麦野","addr":"天童市大字田麦野６７０－６","org":"山形県","avg":476.4,"max":772.0,"latest":474.0,"latestYear":2012,"years":42}},{"type":"Feature","geometry":{"type":"Point","coordinates":[140.181402,38.252017]},"properties":{"name":"畑谷","addr":"山辺町大字畑谷５１０－１","org":"山形県","avg":676.0,"max":1190.0,"latest":1190.0,"latestYear":2012,"years":42}},{"type":"Feature","geometry":{"type":"Point","coordinates":[140.201088,38.290025]},"properties":{"name":"大蕨","addr":"山辺町大字大蕨１１５５","org":"山形県","avg":680.4,"max":1142.0,"latest":745.0,"latestYear":2012,"years":42}},{"type":"Feature","geometry":{"type":"Point","coordinates":[140.401569,38.123951]},"properties":{"name":"蔵王坊平","addr":"上山市坊平高原","org":"山形県","avg":539.0,"max":756.0,"latest":386.0,"latestYear":2012,"years":28}},{"type":"Feature","geometry":{"type":"Point","coordinates":[140.277503,38.384405]},"properties":{"name":"寒河江","addr":"寒河江市中央二丁目９－２８","org":"山形県","avg":350.3,"max":628.0,"latest":551.0,"latestYear":2012,"years":42}},{"type":"Feature","geometry":{"type":"Point","coordinates":[140.299533,38.455544]},"properties":{"name":"河北","addr":"河北町大字岩木１５２６－２","org":"山形県","avg":464.0,"max":829.0,"latest":543.0,"latestYear":2012,"years":42}},{"type":"Feature","geometry":{"type":"Point","coordinates":[140.206822,38.380785]},"properties":{"name":"左沢","addr":"大江町大字左沢８８２－１","org":"山形県","avg":525.0,"max":917.0,"latest":760.0,"latestYear":2012,"years":42}},{"type":"Feature","geometry":{"type":"Point","coordinates":[140.147081,38.299176]},"properties":{"name":"宮宿","addr":"朝日町大字宮宿１１１５","org":"山形県","avg":538.1,"max":888.0,"latest":664.0,"latestYear":2012,"years":42}},{"type":"Feature","geometry":{"type":"Point","coordinates":[140.090059,38.300951]},"properties":{"name":"立木","addr":"朝日町大字立木１５","org":"山形県","avg":842.3,"max":1447.0,"latest":1104.0,"latestYear":2012,"years":42}},{"type":"Feature","geometry":{"type":"Point","coordinates":[139.999816,38.491619]},"properties":{"name":"志津","addr":"西川町志津２０","org":"山形県","avg":2494.9,"max":3893.0,"latest":1281.0,"latestYear":2012,"years":42}},{"type":"Feature","geometry":{"type":"Point","coordinates":[139.982618,38.376986]},"properties":{"name":"大井沢","addr":"西川町大字大井沢１０７６","org":"山形県","avg":1547.5,"max":2262.0,"latest":2111.0,"latestYear":2012,"years":42}},{"type":"Feature","geometry":{"type":"Point","coordinates":[140.006259,38.448155]},"properties":{"name":"月山沢","addr":"西川町大字月山沢（除雪ステーション）","org":"山形県","avg":1531.2,"max":2618.0,"latest":1950.0,"latestYear":2012,"years":42}},{"type":"Feature","geometry":{"type":"Point","coordinates":[140.056829,38.447685]},"properties":{"name":"本道寺","addr":"西川町大字月岡１３３","org":"山形県","avg":1267.0,"max":1988.0,"latest":1868.0,"latestYear":2012,"years":42}},{"type":"Feature","geometry":{"type":"Point","coordinates":[140.148001,38.426455]},"properties":{"name":"海味","addr":"西川町大字海味５１０","org":"山形県","avg":762.8,"max":1205.0,"latest":1083.0,"latestYear":2012,"years":42}},{"type":"Feature","geometry":{"type":"Point","coordinates":[140.095666,38.373289]},"properties":{"name":"貫見","addr":"大江町大字貫見３７３－２","org":"山形県","avg":838.4,"max":1544.0,"latest":904.0,"latestYear":2012,"years":42}},{"type":"Feature","geometry":{"type":"Point","coordinates":[140.202153,38.454561]},"properties":{"name":"幸生","addr":"寒河江市大字幸生５９７","org":"山形県","avg":810.1,"max":1186.0,"latest":1083.0,"latestYear":2012,"years":37}},{"type":"Feature","geometry":{"type":"Point","coordinates":[140.040437,38.363527]},"properties":{"name":"田ノ沢","addr":"大江町大字柳川字田ノ沢４２２－１","org":"山形県","avg":1438.0,"max":3246.0,"latest":1923.0,"latestYear":2012,"years":28}},{"type":"Feature","geometry":{"type":"Point","coordinates":[140.389014,38.446934]},"properties":{"name":"東根","addr":"東根市宮崎２－２－３１","org":"山形県","avg":451.4,"max":751.0,"latest":555.0,"latestYear":2012,"years":42}},{"type":"Feature","geometry":{"type":"Point","coordinates":[140.392204,38.468814]},"properties":{"name":"楯岡","addr":"村山市楯岡新町４－９－１６","org":"山形県","avg":501.0,"max":836.0,"latest":560.0,"latestYear":2012,"years":42}},{"type":"Feature","geometry":{"type":"Point","coordinates":[140.373034,38.585402]},"properties":{"name":"大石田","addr":"大石田町大字横山１７８","org":"山形県","avg":963.7,"max":2050.0,"latest":1495.0,"latestYear":2012,"years":42}},{"type":"Feature","geometry":{"type":"Point","coordinates":[140.33965,38.549814]},"properties":{"name":"富並","addr":"村山市富並１５４５","org":"山形県","avg":1206.6,"max":2160.0,"latest":1575.0,"latestYear":2012,"years":42}},{"type":"Feature","geometry":{"type":"Point","coordinates":[140.291733,38.600464]},"properties":{"name":"次年子","addr":"大石田町大字次年子１４９","org":"山形県","avg":1456.3,"max":2490.0,"latest":1820.0,"latestYear":2012,"years":42}},{"type":"Feature","geometry":{"type":"Point","coordinates":[140.497285,38.656959]},"properties":{"name":"市野々","addr":"尾花沢市大字市野々１３２","org":"山形県","avg":1093.6,"max":1942.0,"latest":1942.0,"latestYear":2012,"years":42}},{"type":"Feature","geometry":{"type":"Point","coordinates":[140.439511,38.58291]},"properties":{"name":"古殿","addr":"尾花沢市大字古殿１９３５","org":"山形県","avg":989.9,"max":1747.0,"latest":919.0,"latestYear":2012,"years":42}},{"type":"Feature","geometry":{"type":"Point","coordinates":[140.503697,38.574654]},"properties":{"name":"銀山","addr":"尾花沢市大字上柳渡戸１３７","org":"山形県","avg":1031.2,"max":2116.0,"latest":1268.0,"latestYear":2012,"years":42}},{"type":"Feature","geometry":{"type":"Point","coordinates":[140.476133,38.379965]},"properties":{"name":"猪野沢","addr":"東根市大字猪野沢916","org":"山形県","avg":384.9,"max":789.0,"latest":635.0,"latestYear":2012,"years":42}},{"type":"Feature","geometry":{"type":"Point","coordinates":[140.325227,38.467099]},"properties":{"name":"大久保","addr":"村山市大字大久保甲３８","org":"山形県","avg":491.5,"max":904.0,"latest":648.0,"latestYear":2012,"years":42}},{"type":"Feature","geometry":{"type":"Point","coordinates":[140.396465,38.550563]},"properties":{"name":"土生田","addr":"村山市大字土生田１０１８－２","org":"山形県","avg":927.8,"max":1483.0,"latest":1226.0,"latestYear":2012,"years":36}},{"type":"Feature","geometry":{"type":"Point","coordinates":[140.325326,38.692443]},"properties":{"name":"舟形","addr":"舟形町舟形８９","org":"山形県","avg":740.1,"max":1228.0,"latest":1104.0,"latestYear":2012,"years":42}},{"type":"Feature","geometry":{"type":"Point","coordinates":[140.359841,38.813756]},"properties":{"name":"荻野","addr":"新庄市萩野６７８","org":"山形県","avg":966.9,"max":1406.0,"latest":1406.0,"latestYear":2012,"years":13}},{"type":"Feature","geometry":{"type":"Point","coordinates":[140.253911,38.858641]},"properties":{"name":"真室川","addr":"真室川町大字新町１３０－１","org":"山形県","avg":649.0,"max":1352.0,"latest":924.0,"latestYear":2012,"years":42}},{"type":"Feature","geometry":{"type":"Point","coordinates":[140.361763,38.993086]},"properties":{"name":"及位","addr":"真室川町大字及位４３７－１０","org":"山形県","avg":1117.1,"max":7048.0,"latest":1665.0,"latestYear":2012,"years":42}},{"type":"Feature","geometry":{"type":"Point","coordinates":[140.14051,38.738515]},"properties":{"name":"古口","addr":"戸沢村大字古口４４２－３","org":"山形県","avg":686.0,"max":1220.0,"latest":745.0,"latestYear":2012,"years":42}},{"type":"Feature","geometry":{"type":"Point","coordinates":[140.55272,38.711392]},"properties":{"name":"赤倉","addr":"最上町富沢８８９－３","org":"山形県","avg":833.6,"max":1321.0,"latest":1249.0,"latestYear":2012,"years":42}},{"type":"Feature","geometry":{"type":"Point","coordinates":[140.332116,38.887948]},"properties":{"name":"金山（最上）","addr":"金山町大字金山９５３－１","org":"山形県","avg":760.9,"max":1212.0,"latest":1181.0,"latestYear":2012,"years":42}},{"type":"Feature","geometry":{"type":"Point","coordinates":[140.331688,38.878326]},"properties":{"name":"金山","addr":"最上郡金山町金山字本町","org":"国土交通省気象庁","avg":881.2,"max":1731.0,"latest":831.0,"latestYear":2013,"years":32}},{"type":"Feature","geometry":{"type":"Point","coordinates":[139.84835,38.671662]},"properties":{"name":"櫛引","addr":"鶴岡市桂荒俣字上桂","org":"国土交通省気象庁","avg":613.2,"max":1208.0,"latest":313.0,"latestYear":2013,"years":32}},{"type":"Feature","geometry":{"type":"Point","coordinates":[140.516691,38.758326]},"properties":{"name":"向町","addr":"最上郡最上町向町","org":"国土交通省気象庁","avg":855.2,"max":1216.0,"latest":1013.0,"latestYear":2013,"years":31}},{"type":"Feature","geometry":{"type":"Point","coordinates":[140.191688,38.369995]},"properties":{"name":"左沢","addr":"西村山郡大江町本郷字下夕原己","org":"国土交通省気象庁","avg":649.9,"max":984.0,"latest":766.0,"latestYear":2013,"years":32}},{"type":"Feature","geometry":{"type":"Point","coordinates":[140.345024,38.254995]},"properties":{"name":"山形","addr":"山形市緑町　山形地方気象台","org":"国土交通省気象庁","avg":310.7,"max":548.0,"latest":316.0,"latestYear":2013,"years":62}},{"type":"Feature","geometry":{"type":"Point","coordinates":[139.973351,38.799995]},"properties":{"name":"狩川","addr":"東田川郡庄内町狩川字矢倉","org":"国土交通省気象庁","avg":568.2,"max":1241.0,"latest":511.0,"latestYear":2013,"years":35}},{"type":"Feature","geometry":{"type":"Point","coordinates":[139.843349,38.908328]},"properties":{"name":"酒田","addr":"酒田市亀ケ崎　酒田特別地域気象観測所","org":"国土交通省気象庁","avg":210.1,"max":377.0,"latest":165.0,"latestYear":2013,"years":62}},{"type":"Feature","geometry":{"type":"Point","coordinates":[139.735016,38.07833]},"properties":{"name":"小国","addr":"西置賜郡小国町増岡字下林","org":"国土交通省気象庁","avg":1019.6,"max":1466.0,"latest":876.0,"latestYear":2013,"years":35}},{"type":"Feature","geometry":{"type":"Point","coordinates":[140.311688,38.75666]},"properties":{"name":"新庄","addr":"新庄市東谷地田町　新庄特別地域気象観測所","org":"国土交通省気象庁","avg":806.9,"max":1295.0,"latest":797.0,"latestYear":2013,"years":57}},{"type":"Feature","geometry":{"type":"Point","coordinates":[139.993352,38.389996]},"properties":{"name":"大井沢","addr":"西村山郡西川町大井沢字中村","org":"国土交通省気象庁","avg":1334.7,"max":2006.0,"latest":1218.0,"latestYear":2013,"years":35}},{"type":"Feature","geometry":{"type":"Point","coordinates":[140.015019,38.104996]},"properties":{"name":"長井","addr":"長井市平山","org":"国土交通省気象庁","avg":770.4,"max":1162.0,"latest":838.0,"latestYear":2013,"years":35}},{"type":"Feature","geometry":{"type":"Point","coordinates":[140.411691,38.608326]},"properties":{"name":"尾花沢","addr":"尾花沢市尾花沢字上新田","org":"国土交通省気象庁","avg":939.0,"max":1293.0,"latest":1148.0,"latestYear":2013,"years":35}},{"type":"Feature","geometry":{"type":"Point","coordinates":[140.163354,38.606661]},"properties":{"name":"肘折","addr":"最上郡大蔵村南山","org":"国土交通省気象庁","avg":1608.9,"max":2094.0,"latest":1341.0,"latestYear":2013,"years":32}},{"type":"Feature","geometry":{"type":"Point","coordinates":[140.143353,37.911664]},"properties":{"name":"米沢","addr":"米沢市アルカディア","org":"国土交通省気象庁","avg":738.3,"max":1065.0,"latest":855.0,"latestYear":2013,"years":35}},{"type":"Feature","geometry":{"type":"Point","coordinates":[139.929415,37.516098]},"properties":{"name":"会津若松","addr":"会津若松市町北町大字始","org":"東北地方整備局","avg":289.9,"max":575.0,"latest":278.0,"latestYear":2013,"years":18}},{"type":"Feature","geometry":{"type":"Point","coordinates":[139.873119,37.25469]},"properties":{"name":"下郷町役場前観測地","addr":"南会津郡下郷町塩生字大石1000番地","org":"下郷町","avg":56.6,"max":80.0,"latest":80.0,"latestYear":2013,"years":10}},{"type":"Feature","geometry":{"type":"Point","coordinates":[139.8447,37.295657]},"properties":{"name":"中山観測地","addr":"南会津郡下郷町中山字中平18番地","org":"下郷町","avg":97.4,"max":136.0,"latest":131.0,"latestYear":2013,"years":10}},{"type":"Feature","geometry":{"type":"Point","coordinates":[139.760247,37.258267]},"properties":{"name":"戸赤観測地","addr":"南会津郡下郷町戸赤字竹ノ子下852番地","org":"下郷町","avg":163.0,"max":232.0,"latest":230.0,"latestYear":2013,"years":10}},{"type":"Feature","geometry":{"type":"Point","coordinates":[139.796049,37.398222]},"properties":{"name":"西尾観測所","addr":"大沼郡会津美里町西尾上字","org":"会津美里町","avg":716.8,"max":1105.0,"latest":657.0,"latestYear":2013,"years":21}},{"type":"Feature","geometry":{"type":"Point","coordinates":[139.643443,37.584593]},"properties":{"name":"西会津町","addr":"耶麻郡西会津町野沢原町","org":"西会津町","avg":567.8,"max":1089.0,"latest":509.0,"latestYear":2013,"years":44}},{"type":"Feature","geometry":{"type":"Point","coordinates":[139.280645,37.409354]},"properties":{"name":"蒲生","addr":"南会津郡只見町蒲生","org":"只見町","avg":1485.1,"max":2510.0,"latest":1473.0,"latestYear":2013,"years":41}},{"type":"Feature","geometry":{"type":"Point","coordinates":[139.394535,37.210148]},"properties":{"name":"黒谷入","addr":"南会津郡只見町黒谷","org":"只見町","avg":1290.4,"max":2022.0,"latest":966.0,"latestYear":2013,"years":41}},{"type":"Feature","geometry":{"type":"Point","coordinates":[139.457576,37.231164]},"properties":{"name":"塩ノ岐","addr":"南会津郡只見町塩ノ岐","org":"只見町","avg":1137.0,"max":1933.0,"latest":1356.0,"latestYear":2013,"years":41}},{"type":"Feature","geometry":{"type":"Point","coordinates":[139.520094,37.33971]},"properties":{"name":"布沢","addr":"南会津郡只見町布沢","org":"只見町","avg":1216.3,"max":2299.0,"latest":1230.0,"latestYear":2013,"years":41}},{"type":"Feature","geometry":{"type":"Point","coordinates":[139.707879,37.553159]},"properties":{"name":"石坂","addr":"河沼郡柳津町小椿家ノ前乙","org":"柳津町","avg":771.8,"max":1086.0,"latest":856.0,"latestYear":2013,"years":8}},{"type":"Feature","geometry":{"type":"Point","coordinates":[139.750286,37.509298]},"properties":{"name":"大野","addr":"河沼郡柳津町大柳上ノ山甲","org":"柳津町","avg":837.1,"max":1103.0,"latest":876.0,"latestYear":2013,"years":8}},{"type":"Feature","geometry":{"type":"Point","coordinates":[139.68719,37.445097]},"properties":{"name":"砂子原","addr":"河沼郡柳津町砂子原","org":"柳津町","avg":776.2,"max":1075.0,"latest":808.0,"latestYear":2013,"years":8}},{"type":"Feature","geometry":{"type":"Point","coordinates":[139.675278,37.382622]},"properties":{"name":"琵琶首","addr":"河沼郡柳津町琵琶首居平","org":"柳津町","avg":846.1,"max":1230.0,"latest":1193.0,"latestYear":2013,"years":8}},{"type":"Feature","geometry":{"type":"Point","coordinates":[139.734754,37.396523]},"properties":{"name":"高森","addr":"河沼郡柳津町四ツ谷上居平","org":"柳津町","avg":843.5,"max":1283.0,"latest":1064.0,"latestYear":2013,"years":8}},{"type":"Feature","geometry":{"type":"Point","coordinates":[139.723137,37.458413]},"properties":{"name":"久保田","addr":"河沼郡柳津町久保田居平甲","org":"柳津町","avg":717.4,"max":1163.0,"latest":872.0,"latestYear":2013,"years":8}},{"type":"Feature","geometry":{"type":"Point","coordinates":[139.610666,37.335426]},"properties":{"name":"昭和村役場","addr":"大沼郡昭和村大字下中津川字中島652","org":"昭和村","avg":1246.0,"max":1500.0,"latest":1082.0,"latestYear":2013,"years":5}},{"type":"Feature","geometry":{"type":"Point","coordinates":[139.548014,37.379444]},"properties":{"name":"松山","addr":"大沼郡昭和村松山","org":"昭和村","avg":1308.2,"max":1474.0,"latest":1200.0,"latestYear":2013,"years":5}},{"type":"Feature","geometry":{"type":"Point","coordinates":[139.644071,37.470334]},"properties":{"name":"三島町役場","addr":"大沼郡三島町宮下宮下350","org":"三島町","avg":760.1,"max":1072.0,"latest":654.0,"latestYear":2013,"years":32}},{"type":"Feature","geometry":{"type":"Point","coordinates":[139.528345,37.473332]},"properties":{"name":"金山","addr":"大沼郡金山町大字中川字沖根原","org":"国土交通省気象庁","avg":1003.0,"max":1410.0,"latest":1066.0,"latestYear":2013,"years":34}},{"type":"Feature","geometry":{"type":"Point","coordinates":[139.910015,37.488331]},"properties":{"name":"若松","addr":"会津若松市材木町　若松特別地域気象観測所","org":"国土交通省気象庁","avg":391.2,"max":732.0,"latest":387.0,"latestYear":2013,"years":61}},{"type":"Feature","geometry":{"type":"Point","coordinates":[139.65668,37.588331]},"properties":{"name":"西会津","addr":"耶麻郡西会津町尾野本字樋ノ口原乙","org":"国土交通省気象庁","avg":674.4,"max":1068.0,"latest":757.0,"latestYear":2013,"years":34}},{"type":"Feature","geometry":{"type":"Point","coordinates":[139.313343,37.343332]},"properties":{"name":"只見","addr":"南会津郡只見町只見字原","org":"国土交通省気象庁","avg":1278.5,"max":1889.0,"latest":1327.0,"latestYear":2013,"years":35}},{"type":"Feature","geometry":{"type":"Point","coordinates":[140.108351,37.551665]},"properties":{"name":"猪苗代","addr":"耶麻郡猪苗代町大字千代田字中島","org":"国土交通省気象庁","avg":604.8,"max":960.0,"latest":684.0,"latestYear":2013,"years":35}},{"type":"Feature","geometry":{"type":"Point","coordinates":[139.795013,37.206665]},"properties":{"name":"田島","addr":"南会津郡南会津町田島字東下原","org":"国土交通省気象庁","avg":611.9,"max":1037.0,"latest":514.0,"latestYear":2013,"years":32}},{"type":"Feature","geometry":{"type":"Point","coordinates":[140.063349,37.276665]},"properties":{"name":"湯本","addr":"岩瀬郡天栄村田良尾字持石","org":"国土交通省気象庁","avg":726.2,"max":1143.0,"latest":641.0,"latestYear":2013,"years":34}},{"type":"Feature","geometry":{"type":"Point","coordinates":[139.536678,37.264999]},"properties":{"name":"南郷","addr":"南会津郡南会津町界字梨木平","org":"国土交通省気象庁","avg":1023.9,"max":1459.0,"latest":1033.0,"latestYear":2013,"years":34}},{"type":"Feature","geometry":{"type":"Point","coordinates":[139.386676,37.023332]},"properties":{"name":"桧枝岐","addr":"南会津郡檜枝岐村下ノ原","org":"国土交通省気象庁","avg":1189.1,"max":1965.0,"latest":1098.0,"latestYear":2013,"years":32}},{"type":"Feature","geometry":{"type":"Point","coordinates":[140.470024,37.75833]},"properties":{"name":"福島","addr":"福島市松木町　福島地方気象台","org":"国土交通省気象庁","avg":128.6,"max":253.0,"latest":148.0,"latestYear":2013,"years":62}},{"type":"Feature","geometry":{"type":"Point","coordinates":[140.436691,37.891663]},"properties":{"name":"茂庭","addr":"福島市飯坂町茂庭字滑滝道","org":"国土交通省気象庁","avg":442.7,"max":809.0,"latest":412.0,"latestYear":2013,"years":34}},{"type":"Feature","geometry":{"type":"Point","coordinates":[140.098528,37.033107]},"properties":{"name":"余笹橋","addr":"栃木県那須郡那須町大字漆塚字西田736-1","org":"宇都宮国道事務所","avg":22.2,"max":36.0,"latest":26.0,"latestYear":2008,"years":4}},{"type":"Feature","geometry":{"type":"Point","coordinates":[140.142904,37.099956]},"properties":{"name":"栃福橋","addr":"栃木県那須郡那須町大字豊原乙字道東","org":"宇都宮国道事務所","avg":40.5,"max":61.0,"latest":44.0,"latestYear":2008,"years":4}},{"type":"Feature","geometry":{"type":"Point","coordinates":[139.45179,36.75677]},"properties":{"name":"中宮祠","addr":"日光市中宮祠","org":"栃木県","avg":287.2,"max":348.0,"latest":348.0,"latestYear":2013,"years":5}},{"type":"Feature","geometry":{"type":"Point","coordinates":[139.564549,36.738271]},"properties":{"name":"清滝","addr":"日光市清滝","org":"栃木県","avg":145.2,"max":235.0,"latest":235.0,"latestYear":2013,"years":5}},{"type":"Feature","geometry":{"type":"Point","coordinates":[139.699861,36.986884]},"properties":{"name":"中三依","addr":"日光市中三依","org":"栃木県","avg":274.0,"max":349.0,"latest":349.0,"latestYear":2013,"years":5}},{"type":"Feature","geometry":{"type":"Point","coordinates":[139.423465,36.810349]},"properties":{"name":"湯元","addr":"日光市湯元","org":"栃木県","avg":414.2,"max":532.0,"latest":469.0,"latestYear":2013,"years":4}},{"type":"Feature","geometry":{"type":"Point","coordinates":[139.579551,36.961793]},"properties":{"name":"湯西川","addr":"日光市湯西川","org":"栃木県","avg":437.0,"max":453.0,"latest":427.0,"latestYear":2013,"years":4}},{"type":"Feature","geometry":{"type":"Point","coordinates":[139.604932,36.867047]},"properties":{"name":"黒部","addr":"日光市黒部","org":"栃木県","avg":180.8,"max":226.0,"latest":226.0,"latestYear":2013,"years":4}},{"type":"Feature","geometry":{"type":"Point","coordinates":[139.458751,36.881312]},"properties":{"name":"川俣","addr":"日光市川俣","org":"栃木県","avg":337.8,"max":374.0,"latest":374.0,"latestYear":2013,"years":4}},{"type":"Feature","geometry":{"type":"Point","coordinates":[139.737098,37.058879]},"properties":{"name":"横川","addr":"日光市横川","org":"栃木県","avg":397.0,"max":416.0,"latest":416.0,"latestYear":2013,"years":4}},{"type":"Feature","geometry":{"type":"Point","coordinates":[139.943084,37.072525]},"properties":{"name":"板室","addr":"那須塩原市板室","org":"栃木県","avg":188.6,"max":227.0,"latest":176.0,"latestYear":2013,"years":5}},{"type":"Feature","geometry":{"type":"Point","coordinates":[139.984201,37.121225]},"properties":{"name":"大丸（湯本）","addr":"那須町湯本","org":"栃木県","avg":475.5,"max":587.0,"latest":587.0,"latestYear":2013,"years":5}},{"type":"Feature","geometry":{"type":"Point","coordinates":[139.965996,37.080313]},"properties":{"name":"山麓田口（高久乙）","addr":"那須町高久乙","org":"栃木県","avg":173.5,"max":193.0,"latest":166.0,"latestYear":2012,"years":4}},{"type":"Feature","geometry":{"type":"Point","coordinates":[139.831316,36.964337]},"properties":{"name":"塩原","addr":"那須塩原市塩原","org":"栃木県","avg":87.9,"max":122.5,"latest":75.1,"latestYear":2013,"years":5}},{"type":"Feature","geometry":{"type":"Point","coordinates":[140.155803,36.956562]},"properties":{"name":"伊王野","addr":"那須町伊王野","org":"栃木県","avg":24.8,"max":55.0,"latest":26.0,"latestYear":2012,"years":3}},{"type":"Feature","geometry":{"type":"Point","coordinates":[140.159767,36.986679]},"properties":{"name":"芦野","addr":"那須町芦野","org":"栃木県","avg":63.6,"max":148.0,"latest":148.0,"latestYear":2013,"years":5}},{"type":"Feature","geometry":{"type":"Point","coordinates":[140.124867,37.015327]},"properties":{"name":"黒田原","addr":"那須町寺子乙","org":"栃木県","avg":48.4,"max":70.0,"latest":56.0,"latestYear":2012,"years":4}},{"type":"Feature","geometry":{"type":"Point","coordinates":[139.500008,36.738332]},"properties":{"name":"奥日光","addr":"日光市中宮祠　日光特別地域気象観測所","org":"国土交通省気象庁","avg":244.5,"max":643.0,"latest":281.0,"latestYear":2013,"years":62}},{"type":"Feature","geometry":{"type":"Point","coordinates":[139.568343,36.891666]},"properties":{"name":"土呂部","addr":"日光市土呂部","org":"国土交通省気象庁","avg":370.4,"max":577.0,"latest":455.0,"latestYear":2013,"years":25}},{"type":"Feature","geometry":{"type":"Point","coordinates":[140.035013,37.123332]},"properties":{"name":"那須","addr":"那須郡那須町大島","org":"国土交通省気象庁","avg":288.8,"max":541.0,"latest":453.0,"latestYear":2013,"years":25}},{"type":"Feature","geometry":{"type":"Point","coordinates":[138.838645,36.7405]},"properties":{"name":"法師","addr":"群馬県利根郡新治村永井","org":"高崎河川国道事務所","avg":666.9,"max":1028.0,"latest":581.0,"latestYear":2008,"years":9}},{"type":"Feature","geometry":{"type":"Point","coordinates":[138.853995,36.730458]},"properties":{"name":"永井","addr":"群馬県利根郡新治村永井","org":"高崎河川国道事務所","avg":477.0,"max":756.0,"latest":386.0,"latestYear":2008,"years":9}},{"type":"Feature","geometry":{"type":"Point","coordinates":[138.87787,36.726583]},"properties":{"name":"猿ヶ京","addr":"群馬県利根郡新治村猿ヶ京","org":"高崎河川国道事務所","avg":276.2,"max":433.0,"latest":216.0,"latestYear":2008,"years":9}},{"type":"Feature","geometry":{"type":"Point","coordinates":[138.830595,36.758258]},"properties":{"name":"三国","addr":"群馬県利根郡新治村永井","org":"高崎河川国道事務所","avg":882.5,"max":1006.0,"latest":759.0,"latestYear":1997,"years":2}},{"type":"Feature","geometry":{"type":"Point","coordinates":[139.033445,36.638049]},"properties":{"name":"沼田","addr":"群馬県沼田市薄根町字利根川原3475-1","org":"高崎河川国道事務所","avg":86.9,"max":149.0,"latest":71.0,"latestYear":2008,"years":9}},{"type":"Feature","geometry":{"type":"Point","coordinates":[138.991673,36.799999]},"properties":{"name":"みなかみ","addr":"利根郡みなかみ町幸知","org":"国土交通省気象庁","avg":927.2,"max":1521.0,"latest":892.0,"latestYear":2013,"years":25}},{"type":"Feature","geometry":{"type":"Point","coordinates":[138.591671,36.616666]},"properties":{"name":"草津","addr":"吾妻郡草津町草津","org":"国土交通省気象庁","avg":637.4,"max":820.0,"latest":589.0,"latestYear":2013,"years":25}},{"type":"Feature","geometry":{"type":"Point","coordinates":[139.05834,36.863333]},"properties":{"name":"藤原","addr":"利根郡みなかみ町藤原字屋倉","org":"国土交通省気象庁","avg":1166.1,"max":1831.0,"latest":1066.0,"latestYear":2013,"years":25}},{"type":"Feature","geometry":{"type":"Point","coordinates":[138.233354,37.05]},"properties":{"name":"乙吉","addr":"妙高市十日市","org":"北陸地方整備局","avg":569.0,"max":569.0,"latest":569.0,"latestYear":2013,"years":1}},{"type":"Feature","geometry":{"type":"Point","coordinates":[138.233353,37.083347]},"properties":{"name":"高田","addr":"上越市南新町","org":"北陸地方整備局","avg":625.0,"max":625.0,"latest":625.0,"latestYear":2013,"years":1}},{"type":"Feature","geometry":{"type":"Point","coordinates":[138.266676,37.116677]},"properties":{"name":"寺","addr":"上越市寺（直江津国道維持出張所）","org":"北陸地方整備局","avg":428.0,"max":428.0,"latest":428.0,"latestYear":2013,"years":1}},{"type":"Feature","geometry":{"type":"Point","coordinates":[138.03114,37.118727]},"properties":{"name":"藤崎","addr":"糸魚川市藤崎（能生ST）","org":"北陸地方整備局","avg":326.0,"max":326.0,"latest":326.0,"latestYear":2013,"years":1}},{"type":"Feature","geometry":{"type":"Point","coordinates":[137.850007,37.033344]},"properties":{"name":"糸魚川","addr":"糸魚川市横町（糸魚川維持）","org":"北陸地方整備局","avg":189.0,"max":189.0,"latest":189.0,"latestYear":2013,"years":1}},{"type":"Feature","geometry":{"type":"Point","coordinates":[137.700017,36.983346]},"properties":{"name":"親不知","addr":"糸魚川市外波","org":"北陸地方整備局","avg":233.0,"max":233.0,"latest":233.0,"latestYear":2013,"years":1}},{"type":"Feature","geometry":{"type":"Point","coordinates":[137.642784,36.979165]},"properties":{"name":"玉の木","addr":"糸魚川市市振（玉ノ木）","org":"北陸地方整備局","avg":246.0,"max":246.0,"latest":246.0,"latestYear":2013,"years":1}},{"type":"Feature","geometry":{"type":"Point","coordinates":[137.900011,37.050003]},"properties":{"name":"田伏","addr":"糸魚川市田伏（糸魚川東バイパス）","org":"北陸地方整備局","avg":165.0,"max":165.0,"latest":165.0,"latestYear":2013,"years":1}},{"type":"Feature","geometry":{"type":"Point","coordinates":[139.483356,38.216672]},"properties":{"name":"村上","addr":"村上国道維持出張所","org":"北陸地方整備局","avg":166.0,"max":166.0,"latest":166.0,"latestYear":2013,"years":1}},{"type":"Feature","geometry":{"type":"Point","coordinates":[139.550017,38.350007]},"properties":{"name":"大須戸","addr":"村上市大須戸","org":"北陸地方整備局","avg":709.0,"max":709.0,"latest":709.0,"latestYear":2013,"years":1}},{"type":"Feature","geometry":{"type":"Point","coordinates":[139.550018,38.38333]},"properties":{"name":"蒲萄","addr":"村上市蒲萄","org":"北陸地方整備局","avg":1505.0,"max":1505.0,"latest":1505.0,"latestYear":2013,"years":1}},{"type":"Feature","geometry":{"type":"Point","coordinates":[139.566683,38.416669]},"properties":{"name":"大沢","addr":"村上市大沢","org":"北陸地方整備局","avg":606.0,"max":606.0,"latest":606.0,"latestYear":2013,"years":1}},{"type":"Feature","geometry":{"type":"Point","coordinates":[139.55002,38.466667]},"properties":{"name":"下大鳥","addr":"村上市北田中","org":"北陸地方整備局","avg":341.0,"max":341.0,"latest":341.0,"latestYear":2013,"years":1}},{"type":"Feature","geometry":{"type":"Point","coordinates":[139.066686,37.9]},"properties":{"name":"新潟","addr":"新潟維持出張所","org":"北陸地方整備局","avg":29.0,"max":29.0,"latest":29.0,"latestYear":2013,"years":1}},{"type":"Feature","geometry":{"type":"Point","coordinates":[139.216684,37.950006]},"properties":{"name":"豊栄","addr":"新潟市北区木崎（豊栄パーキングエリア）","org":"北陸地方整備局","avg":146.0,"max":146.0,"latest":146.0,"latestYear":2013,"years":1}},{"type":"Feature","geometry":{"type":"Point","coordinates":[139.350014,37.950007]},"properties":{"name":"新発田","addr":"新発田維持出張所","org":"北陸地方整備局","avg":99.0,"max":99.0,"latest":99.0,"latestYear":2013,"years":1}},{"type":"Feature","geometry":{"type":"Point","coordinates":[139.350018,37.950009]},"properties":{"name":"加治","addr":"新発田市島潟","org":"北陸地方整備局","avg":100.0,"max":100.0,"latest":100.0,"latestYear":2013,"years":1}},{"type":"Feature","geometry":{"type":"Point","coordinates":[139.483362,38.216674]},"properties":{"name":"仲間","addr":"村上市仲間町","org":"北陸地方整備局","avg":314.0,"max":314.0,"latest":314.0,"latestYear":2013,"years":1}},{"type":"Feature","geometry":{"type":"Point","coordinates":[139.483348,38.100006]},"properties":{"name":"春木山","addr":"村上市花立字上道","org":"北陸地方整備局","avg":381.0,"max":381.0,"latest":381.0,"latestYear":2013,"years":1}},{"type":"Feature","geometry":{"type":"Point","coordinates":[139.566694,38.066676]},"properties":{"name":"関川","addr":"関川除雪ステーション","org":"北陸地方整備局","avg":927.0,"max":927.0,"latest":927.0,"latestYear":2013,"years":1}},{"type":"Feature","geometry":{"type":"Point","coordinates":[139.583364,38.066665]},"properties":{"name":"片貝","addr":"岩船郡関川村片貝","org":"北陸地方整備局","avg":1085.0,"max":1085.0,"latest":1085.0,"latestYear":2013,"years":1}},{"type":"Feature","geometry":{"type":"Point","coordinates":[139.666685,38.050008]},"properties":{"name":"金丸","addr":"岩船郡関川村金丸","org":"北陸地方整備局","avg":1074.0,"max":1074.0,"latest":1074.0,"latestYear":2013,"years":1}},{"type":"Feature","geometry":{"type":"Point","coordinates":[139.016678,37.850003]},"properties":{"name":"黒埼","addr":"黒埼維持出張所","org":"北陸地方整備局","avg":21.0,"max":21.0,"latest":21.0,"latestYear":2013,"years":1}},{"type":"Feature","geometry":{"type":"Point","coordinates":[138.950016,37.650007]},"properties":{"name":"三条","addr":"三条市大島","org":"北陸地方整備局","avg":169.0,"max":169.0,"latest":169.0,"latestYear":2013,"years":1}},{"type":"Feature","geometry":{"type":"Point","coordinates":[138.900012,37.766671]},"properties":{"name":"巻","addr":"巻除雪基地構内","org":"北陸地方整備局","avg":54.0,"max":54.0,"latest":54.0,"latestYear":2013,"years":1}},{"type":"Feature","geometry":{"type":"Point","coordinates":[138.883346,37.683338]},"properties":{"name":"吉田","addr":"燕市吉田日之出町","org":"北陸地方整備局","avg":173.0,"max":173.0,"latest":173.0,"latestYear":2013,"years":1}},{"type":"Feature","geometry":{"type":"Point","coordinates":[138.833358,37.616671]},"properties":{"name":"分水","addr":"燕市笈ケ島","org":"北陸地方整備局","avg":292.0,"max":292.0,"latest":292.0,"latestYear":2013,"years":1}},{"type":"Feature","geometry":{"type":"Point","coordinates":[139.55002,37.650007]},"properties":{"name":"福取","addr":"東蒲原郡阿賀町八ツ田","org":"北陸地方整備局","avg":1522.0,"max":1522.0,"latest":1522.0,"latestYear":2013,"years":1}},{"type":"Feature","geometry":{"type":"Point","coordinates":[139.516692,37.650011]},"properties":{"name":"栄山","addr":"東蒲原郡阿賀町福取","org":"北陸地方整備局","avg":1498.0,"max":1498.0,"latest":1498.0,"latestYear":2013,"years":1}},{"type":"Feature","geometry":{"type":"Point","coordinates":[139.483354,37.650004]},"properties":{"name":"津川","addr":"津川除雪ステーション","org":"北陸地方整備局","avg":731.0,"max":731.0,"latest":731.0,"latestYear":2013,"years":1}},{"type":"Feature","geometry":{"type":"Point","coordinates":[139.366694,37.683345]},"properties":{"name":"揚川","addr":"東蒲原郡阿賀町黒岩","org":"北陸地方整備局","avg":319.0,"max":319.0,"latest":319.0,"latestYear":2013,"years":1}},{"type":"Feature","geometry":{"type":"Point","coordinates":[139.250012,37.749998]},"properties":{"name":"安田","addr":"安田除雪ステーション","org":"北陸地方整備局","avg":432.0,"max":432.0,"latest":432.0,"latestYear":2013,"years":1}},{"type":"Feature","geometry":{"type":"Point","coordinates":[139.216682,37.83334]},"properties":{"name":"水原","addr":"水原維持出張所","org":"北陸地方整備局","avg":99.0,"max":99.0,"latest":99.0,"latestYear":2013,"years":1}},{"type":"Feature","geometry":{"type":"Point","coordinates":[138.866685,37.449999]},"properties":{"name":"長岡","addr":"長岡維持出張所","org":"北陸地方整備局","avg":567.0,"max":567.0,"latest":567.0,"latestYear":2013,"years":1}},{"type":"Feature","geometry":{"type":"Point","coordinates":[138.916686,37.600006]},"properties":{"name":"猪子場","addr":"三条市猪子場新田字中谷内地内","org":"北陸地方整備局","avg":200.0,"max":200.0,"latest":200.0,"latestYear":2013,"years":1}},{"type":"Feature","geometry":{"type":"Point","coordinates":[138.883355,37.566668]},"properties":{"name":"坂井","addr":"見附市坂井町地先","org":"北陸地方整備局","avg":265.0,"max":265.0,"latest":265.0,"latestYear":2013,"years":1}},{"type":"Feature","geometry":{"type":"Point","coordinates":[138.866686,37.516672]},"properties":{"name":"中之島","addr":"中之島除雪ステーション","org":"北陸地方整備局","avg":336.0,"max":336.0,"latest":336.0,"latestYear":2013,"years":1}},{"type":"Feature","geometry":{"type":"Point","coordinates":[138.750012,37.433348]},"properties":{"name":"宮本","addr":"長岡市宮本町（宮本除雪ステーション）","org":"北陸地方整備局","avg":639.0,"max":639.0,"latest":639.0,"latestYear":2013,"years":1}},{"type":"Feature","geometry":{"type":"Point","coordinates":[138.683345,37.400006]},"properties":{"name":"五十土","addr":"新潟県柏崎市大字五十土","org":"北陸地方整備局","avg":766.0,"max":766.0,"latest":766.0,"latestYear":2013,"years":1}},{"type":"Feature","geometry":{"type":"Point","coordinates":[138.666678,37.400008]},"properties":{"name":"赤田","addr":"赤田ﾄﾝﾈﾙ長岡側坑口","org":"北陸地方整備局","avg":372.0,"max":372.0,"latest":372.0,"latestYear":2013,"years":1}},{"type":"Feature","geometry":{"type":"Point","coordinates":[138.566682,37.366667]},"properties":{"name":"柏崎","addr":"柏崎維持出張所","org":"北陸地方整備局","avg":216.0,"max":216.0,"latest":216.0,"latestYear":2013,"years":1}},{"type":"Feature","geometry":{"type":"Point","coordinates":[138.483342,37.333343]},"properties":{"name":"米山","addr":"米山情報局舎内","org":"北陸地方整備局","avg":477.0,"max":477.0,"latest":477.0,"latestYear":2013,"years":1}},{"type":"Feature","geometry":{"type":"Point","coordinates":[138.416685,37.300012]},"properties":{"name":"小清水","addr":"除雪機械回転場敷地","org":"北陸地方整備局","avg":209.0,"max":209.0,"latest":209.0,"latestYear":2013,"years":1}},{"type":"Feature","geometry":{"type":"Point","coordinates":[138.700013,37.500013]},"properties":{"name":"出雲崎","addr":"出雲崎除雪ステーション","org":"北陸地方整備局","avg":564.0,"max":564.0,"latest":564.0,"latestYear":2013,"years":1}},{"type":"Feature","geometry":{"type":"Point","coordinates":[138.76668,37.583341]},"properties":{"name":"島崎","addr":"島崎高架橋","org":"北陸地方整備局","avg":181.0,"max":181.0,"latest":181.0,"latestYear":2013,"years":1}},{"type":"Feature","geometry":{"type":"Point","coordinates":[138.800015,36.983335]},"properties":{"name":"塩沢","addr":"南魚沼市関（塩沢除雪ステーション）","org":"北陸地方整備局","avg":1952.0,"max":1952.0,"latest":1952.0,"latestYear":2013,"years":1}},{"type":"Feature","geometry":{"type":"Point","coordinates":[138.86669,37.066674]},"properties":{"name":"六日町跨線橋","addr":"南魚沼市大字美佐島","org":"北陸地方整備局","avg":1651.0,"max":1651.0,"latest":1651.0,"latestYear":2013,"years":1}},{"type":"Feature","geometry":{"type":"Point","coordinates":[138.916682,37.166673]},"properties":{"name":"大和","addr":"南魚沼市大字浦佐","org":"北陸地方整備局","avg":2028.0,"max":2028.0,"latest":2028.0,"latestYear":2013,"years":1}},{"type":"Feature","geometry":{"type":"Point","coordinates":[138.966676,37.216676]},"properties":{"name":"小出","addr":"小出維持出張所","org":"北陸地方整備局","avg":1515.0,"max":1515.0,"latest":1515.0,"latestYear":2013,"years":1}},{"type":"Feature","geometry":{"type":"Point","coordinates":[138.883349,37.250009]},"properties":{"name":"堀之内","addr":"魚沼市新道島（堀之内除雪ステーション）","org":"北陸地方整備局","avg":1399.0,"max":1399.0,"latest":1399.0,"latestYear":2013,"years":1}},{"type":"Feature","geometry":{"type":"Point","coordinates":[138.85001,37.26668]},"properties":{"name":"坂塚","addr":"長岡市川口牛ヶ島","org":"北陸地方整備局","avg":1416.0,"max":1416.0,"latest":1416.0,"latestYear":2013,"years":1}},{"type":"Feature","geometry":{"type":"Point","coordinates":[138.816683,37.299999]},"properties":{"name":"木津","addr":"小千谷市木津","org":"北陸地方整備局","avg":1427.0,"max":1427.0,"latest":1427.0,"latestYear":2013,"years":1}},{"type":"Feature","geometry":{"type":"Point","coordinates":[138.816679,37.316671]},"properties":{"name":"小千谷","addr":"小千谷第２ＴＮ電気室","org":"北陸地方整備局","avg":1387.0,"max":1387.0,"latest":1387.0,"latestYear":2013,"years":1}},{"type":"Feature","geometry":{"type":"Point","coordinates":[138.816678,37.333343]},"properties":{"name":"三仏生","addr":"小千谷市大字三仏生字清水上","org":"北陸地方整備局","avg":1147.0,"max":1147.0,"latest":1147.0,"latestYear":2013,"years":1}},{"type":"Feature","geometry":{"type":"Point","coordinates":[138.800016,36.766675]},"properties":{"name":"浅貝","addr":"湯沢町大字浅貝","org":"北陸地方整備局","avg":1067.0,"max":1067.0,"latest":1067.0,"latestYear":2013,"years":1}},{"type":"Feature","geometry":{"type":"Point","coordinates":[138.78334,36.800007]},"properties":{"name":"火打","addr":"湯沢町大字三国字元橋","org":"北陸地方整備局","avg":1899.0,"max":1899.0,"latest":1899.0,"latestYear":2013,"years":1}},{"type":"Feature","geometry":{"type":"Point","coordinates":[138.766686,36.833338]},"properties":{"name":"二居","addr":"南魚沼郡湯沢町二居","org":"北陸地方整備局","avg":1288.0,"max":1288.0,"latest":1288.0,"latestYear":2013,"years":1}},{"type":"Feature","geometry":{"type":"Point","coordinates":[138.766683,36.850016]},"properties":{"name":"萱付","addr":"南魚沼郡湯沢町三国萱付","org":"北陸地方整備局","avg":5722.0,"max":5722.0,"latest":5722.0,"latestYear":2013,"years":1}},{"type":"Feature","geometry":{"type":"Point","coordinates":[138.766682,36.883342]},"properties":{"name":"三俣","addr":"南魚沼郡湯沢町三俣","org":"北陸地方整備局","avg":1927.0,"max":1927.0,"latest":1927.0,"latestYear":2013,"years":1}},{"type":"Feature","geometry":{"type":"Point","coordinates":[138.783354,36.900013]},"properties":{"name":"芝原","addr":"南魚沼郡湯沢町大字芝原","org":"北陸地方整備局","avg":2399.0,"max":2399.0,"latest":2399.0,"latestYear":2013,"years":1}},{"type":"Feature","geometry":{"type":"Point","coordinates":[138.800016,36.91667]},"properties":{"name":"七谷切","addr":"南魚沼郡湯沢町大字神立字七谷切","org":"北陸地方整備局","avg":2295.0,"max":2295.0,"latest":2295.0,"latestYear":2013,"years":1}},{"type":"Feature","geometry":{"type":"Point","coordinates":[138.81668,36.916671]},"properties":{"name":"神立","addr":"南魚沼郡湯沢町大字神立字","org":"北陸地方整備局","avg":1983.0,"max":1983.0,"latest":1983.0,"latestYear":2013,"years":1}},{"type":"Feature","geometry":{"type":"Point","coordinates":[138.800017,36.933341]},"properties":{"name":"湯沢","addr":"湯沢維持出張所","org":"北陸地方整備局","avg":1165.0,"max":1165.0,"latest":1165.0,"latestYear":2013,"years":1}},{"type":"Feature","geometry":{"type":"Point","coordinates":[138.800008,36.950014]},"properties":{"name":"関山","addr":"南魚沼市大字関山","org":"北陸地方整備局","avg":3030.0,"max":3030.0,"latest":3030.0,"latestYear":2013,"years":1}},{"type":"Feature","geometry":{"type":"Point","coordinates":[138.383354,37.266677]},"properties":{"name":"柿崎","addr":"上越市柿崎区柿崎","org":"北陸地方整備局","avg":262.0,"max":262.0,"latest":262.0,"latestYear":2013,"years":1}},{"type":"Feature","geometry":{"type":"Point","coordinates":[138.360042,37.25189]},"properties":{"name":"上下浜","addr":"上越市柿崎区上下浜","org":"北陸地方整備局","avg":257.0,"max":257.0,"latest":257.0,"latestYear":2013,"years":1}},{"type":"Feature","geometry":{"type":"Point","coordinates":[138.300017,37.200014]},"properties":{"name":"大潟","addr":"上越市大潟区渋柿浜（大潟ST）","org":"北陸地方整備局","avg":364.0,"max":364.0,"latest":364.0,"latestYear":2013,"years":1}},{"type":"Feature","geometry":{"type":"Point","coordinates":[138.266683,37.183339]},"properties":{"name":"黒井","addr":"上越市黒井","org":"北陸地方整備局","avg":152.0,"max":152.0,"latest":152.0,"latestYear":2013,"years":1}},{"type":"Feature","geometry":{"type":"Point","coordinates":[138.200024,37.150011]},"properties":{"name":"五智","addr":"上越市大字居多","org":"北陸地方整備局","avg":357.0,"max":357.0,"latest":357.0,"latestYear":2013,"years":1}},{"type":"Feature","geometry":{"type":"Point","coordinates":[138.16669,37.150014]},"properties":{"name":"長浜","addr":"上越市長浜","org":"北陸地方整備局","avg":273.0,"max":273.0,"latest":273.0,"latestYear":2013,"years":1}},{"type":"Feature","geometry":{"type":"Point","coordinates":[138.083342,37.150009]},"properties":{"name":"名立大橋","addr":"上越市名立区名立大町","org":"北陸地方整備局","avg":108.0,"max":108.0,"latest":108.0,"latestYear":2013,"years":1}},{"type":"Feature","geometry":{"type":"Point","coordinates":[138.183349,36.850004]},"properties":{"name":"信越大橋","addr":"妙高市関川","org":"北陸地方整備局","avg":1750.0,"max":1750.0,"latest":1750.0,"latestYear":2013,"years":1}},{"type":"Feature","geometry":{"type":"Point","coordinates":[138.200014,36.883345]},"properties":{"name":"妙高","addr":"妙高市二俣（妙高ST）","org":"北陸地方整備局","avg":1467.0,"max":1467.0,"latest":1467.0,"latestYear":2013,"years":1}},{"type":"Feature","geometry":{"type":"Point","coordinates":[138.216676,36.933333]},"properties":{"name":"関山２","addr":"妙高市関山","org":"北陸地方整備局","avg":1171.0,"max":1171.0,"latest":1171.0,"latestYear":2013,"years":1}},{"type":"Feature","geometry":{"type":"Point","coordinates":[138.216676,36.983337]},"properties":{"name":"藤沢","addr":"上越市中郷区藤沢（藤沢ST）","org":"北陸地方整備局","avg":1276.0,"max":1276.0,"latest":1276.0,"latestYear":2013,"years":1}},{"type":"Feature","geometry":{"type":"Point","coordinates":[139.221793,37.845003]},"properties":{"name":"阿賀野市消防本部","addr":"阿賀野市安野町14-4","org":"阿賀野市","avg":250.6,"max":595.0,"latest":105.0,"latestYear":2013,"years":9}},{"type":"Feature","geometry":{"type":"Point","coordinates":[139.254456,38.468261]},"properties":{"name":"粟島浦村役場前","addr":"岩船郡粟島浦村日ノ見山1513-11","org":"粟島浦村","avg":107.2,"max":180.0,"latest":55.5,"latestYear":2013,"years":6}},{"type":"Feature","geometry":{"type":"Point","coordinates":[138.868697,37.691069]},"properties":{"name":"燕・弥彦総合事務組合消防本部","addr":"燕市吉田浜首408-1","org":"燕市","avg":140.7,"max":303.0,"latest":70.0,"latestYear":2013,"years":9}},{"type":"Feature","geometry":{"type":"Point","coordinates":[138.920241,37.658508]},"properties":{"name":"燕市消防本部","addr":"燕市秋葉町3-22-2","org":"燕市","avg":290.6,"max":734.0,"latest":415.0,"latestYear":2004,"years":36}},{"type":"Feature","geometry":{"type":"Point","coordinates":[138.879824,37.685251]},"properties":{"name":"西部広域消防事務組合消防本部","addr":"燕市吉田日之出町1-2","org":"燕市","avg":176.2,"max":285.0,"latest":212.0,"latestYear":2004,"years":6}},{"type":"Feature","geometry":{"type":"Point","coordinates":[138.879824,37.685251]},"properties":{"name":"西蒲原郡南部消防本部吉田消防署","addr":"燕市吉田日之出町1-2","org":"燕市","avg":131.1,"max":215.0,"latest":84.0,"latestYear":1995,"years":5}},{"type":"Feature","geometry":{"type":"Point","coordinates":[138.872821,37.65227]},"properties":{"name":"粟生津体育文化センター","addr":"燕市粟生津623-1","org":"燕市","avg":212.8,"max":282.0,"latest":282.0,"latestYear":1982,"years":2}},{"type":"Feature","geometry":{"type":"Point","coordinates":[138.838794,37.633581]},"properties":{"name":"分水消防署","addr":"燕市地蔵堂","org":"燕市","avg":324.3,"max":770.5,"latest":122.0,"latestYear":1996,"years":26}},{"type":"Feature","geometry":{"type":"Point","coordinates":[138.838794,37.633581]},"properties":{"name":"西部広域消防事務組合分水消防署","addr":"燕市地蔵堂","org":"燕市","avg":226.1,"max":343.0,"latest":304.0,"latestYear":2004,"years":8}},{"type":"Feature","geometry":{"type":"Point","coordinates":[138.887956,37.681671]},"properties":{"name":"粟生津連絡所","addr":"西蒲原郡吉田町","org":"燕市","avg":201.9,"max":341.5,"latest":188.0,"latestYear":1980,"years":8}},{"type":"Feature","geometry":{"type":"Point","coordinates":[138.887956,37.681671]},"properties":{"name":"新潟保線区吉田支区","addr":"西蒲原郡吉田町","org":"燕市","avg":289.5,"max":442.0,"latest":137.0,"latestYear":1972,"years":2}},{"type":"Feature","geometry":{"type":"Point","coordinates":[139.052969,37.657973]},"properties":{"name":"加茂市役所２","addr":"加茂市松坂町1","org":"加茂市","avg":167.4,"max":328.0,"latest":195.0,"latestYear":1993,"years":5}},{"type":"Feature","geometry":{"type":"Point","coordinates":[139.040217,37.666308]},"properties":{"name":"加茂市役所","addr":"加茂市幸町2-3-5","org":"加茂市","avg":241.6,"max":434.0,"latest":102.0,"latestYear":2013,"years":20}},{"type":"Feature","geometry":{"type":"Point","coordinates":[139.14082,37.580953]},"properties":{"name":"宮寄上浄水場","addr":"加茂市宮寄上2680","org":"加茂市","avg":658.9,"max":1018.0,"latest":532.0,"latestYear":2013,"years":10}},{"type":"Feature","geometry":{"type":"Point","coordinates":[139.051574,37.6651]},"properties":{"name":"加茂地域消防署","addr":"加茂市千刈2-8-1","org":"加茂市","avg":338.0,"max":543.0,"latest":179.0,"latestYear":2013,"years":5}},{"type":"Feature","geometry":{"type":"Point","coordinates":[139.102876,37.613893]},"properties":{"name":"加茂市立七谷小学校","addr":"加茂市下高柳35","org":"加茂市","avg":205.9,"max":326.0,"latest":171.0,"latestYear":2013,"years":10}},{"type":"Feature","geometry":{"type":"Point","coordinates":[138.934005,37.244003]},"properties":{"name":"堀之内除雪センター","addr":"魚沼市根小屋","org":"魚沼市","avg":976.0,"max":1345.0,"latest":929.0,"latestYear":2013,"years":6}},{"type":"Feature","geometry":{"type":"Point","coordinates":[138.961913,37.239941]},"properties":{"name":"魚沼市消防本部","addr":"魚沼市日渡新田49-2","org":"魚沼市","avg":1044.7,"max":1385.0,"latest":1036.0,"latestYear":2013,"years":6}},{"type":"Feature","geometry":{"type":"Point","coordinates":[139.008381,37.226507]},"properties":{"name":"湯之谷庁舎","addr":"魚沼市大沢213番地1","org":"魚沼市","avg":901.3,"max":1222.0,"latest":409.0,"latestYear":2013,"years":6}},{"type":"Feature","geometry":{"type":"Point","coordinates":[138.976973,37.25588]},"properties":{"name":"広神庁舎","addr":"魚沼市今泉1488番地1","org":"魚沼市","avg":831.2,"max":1095.0,"latest":403.0,"latestYear":2013,"years":6}},{"type":"Feature","geometry":{"type":"Point","coordinates":[139.0142,37.317304]},"properties":{"name":"守門庁舎","addr":"魚沼市須原520番地","org":"魚沼市","avg":1461.7,"max":1837.0,"latest":1312.0,"latestYear":2013,"years":6}},{"type":"Feature","geometry":{"type":"Point","coordinates":[139.071127,37.357243]},"properties":{"name":"入広瀬庁舎","addr":"魚沼市穴沢215番地1","org":"魚沼市","avg":1227.2,"max":1685.0,"latest":474.0,"latestYear":2013,"years":6}},{"type":"Feature","geometry":{"type":"Point","coordinates":[138.916852,37.533894]},"properties":{"name":"見附市消防本部２","addr":"見附市学校町2丁目5","org":"見附市","avg":679.9,"max":1280.0,"latest":520.0,"latestYear":1981,"years":18}},{"type":"Feature","geometry":{"type":"Point","coordinates":[138.911532,37.531159]},"properties":{"name":"見附市消防本部","addr":"見附市昭和町2丁目6-33","org":"見附市","avg":496.9,"max":1218.0,"latest":141.0,"latestYear":2013,"years":32}},{"type":"Feature","geometry":{"type":"Point","coordinates":[139.181325,37.749026]},"properties":{"name":"五泉市消防本部","addr":"五泉市粟島1番28号","org":"五泉市","avg":269.8,"max":836.0,"latest":146.0,"latestYear":2013,"years":32}},{"type":"Feature","geometry":{"type":"Point","coordinates":[139.188867,37.696889]},"properties":{"name":"五泉市消防署村松分署","addr":"五泉市愛宕6961-1","org":"五泉市","avg":429.4,"max":1110.0,"latest":190.0,"latestYear":2013,"years":32}},{"type":"Feature","geometry":{"type":"Point","coordinates":[137.859648,37.046581]},"properties":{"name":"糸魚川地域広域行政組合","addr":"糸魚川市大町2-12-1","org":"糸魚川市","avg":226.9,"max":313.0,"latest":253.0,"latestYear":2004,"years":10}},{"type":"Feature","geometry":{"type":"Point","coordinates":[137.84596,37.031561]},"properties":{"name":"糸魚川市消防本部","addr":"糸魚川市南寺島2-10-20","org":"糸魚川市","avg":172.7,"max":613.0,"latest":82.0,"latestYear":2013,"years":9}},{"type":"Feature","geometry":{"type":"Point","coordinates":[137.798656,37.02412]},"properties":{"name":"青海分署","addr":"糸魚川市青海4648-11","org":"糸魚川市","avg":219.5,"max":729.0,"latest":104.0,"latestYear":2013,"years":38}},{"type":"Feature","geometry":{"type":"Point","coordinates":[137.986074,37.10204]},"properties":{"name":"能生分署","addr":"糸魚川市能生1941-2","org":"糸魚川市","avg":184.2,"max":551.0,"latest":175.0,"latestYear":1996,"years":21}},{"type":"Feature","geometry":{"type":"Point","coordinates":[137.982734,37.099244]},"properties":{"name":"能生浄化センター脇公園","addr":"糸魚川市能生133","org":"糸魚川市","avg":97.9,"max":184.0,"latest":36.0,"latestYear":2013,"years":17}},{"type":"Feature","geometry":{"type":"Point","coordinates":[138.766716,37.131361]},"properties":{"name":"森林総合研究所十日町試験地","addr":"十日町市辰乙614(川原町614)","org":"十日町市","avg":1040.1,"max":1656.0,"latest":1005.0,"latestYear":2013,"years":18}},{"type":"Feature","geometry":{"type":"Point","coordinates":[138.749273,37.120678]},"properties":{"name":"十日町地域消防本部","addr":"十日町市北新田1-10","org":"十日町市","avg":921.1,"max":1499.0,"latest":808.0,"latestYear":2013,"years":16}},{"type":"Feature","geometry":{"type":"Point","coordinates":[138.731179,37.045226]},"properties":{"name":"珠川主観測所","addr":"十日町市珠川","org":"十日町市","avg":1528.6,"max":2264.0,"latest":1707.0,"latestYear":2013,"years":16}},{"type":"Feature","geometry":{"type":"Point","coordinates":[138.813974,37.194762]},"properties":{"name":"東下組補助観測所","addr":"十日町市漉野","org":"十日町市","avg":1282.3,"max":1855.0,"latest":1303.0,"latestYear":2013,"years":16}},{"type":"Feature","geometry":{"type":"Point","coordinates":[138.849075,37.132386]},"properties":{"name":"枯木又補助観測所","addr":"十日町市東枯木又","org":"十日町市","avg":1614.1,"max":2491.0,"latest":1597.0,"latestYear":2013,"years":16}},{"type":"Feature","geometry":{"type":"Point","coordinates":[138.789332,37.038706]},"properties":{"name":"塩ノ又補助観測所","addr":"十日町市塩ノ又","org":"十日町市","avg":1780.0,"max":2569.0,"latest":1984.0,"latestYear":2013,"years":16}},{"type":"Feature","geometry":{"type":"Point","coordinates":[138.692785,37.112931]},"properties":{"name":"真田補助観測所","addr":"十日町市鉢第二","org":"十日町市","avg":1326.0,"max":1857.0,"latest":1232.0,"latestYear":2013,"years":16}},{"type":"Feature","geometry":{"type":"Point","coordinates":[138.747559,37.191998]},"properties":{"name":"川西ダム管理事務所","addr":"十日町市新町新田1135番地5","org":"十日町市","avg":1269.6,"max":2406.0,"latest":1129.0,"latestYear":2013,"years":34}},{"type":"Feature","geometry":{"type":"Point","coordinates":[138.700318,37.03436]},"properties":{"name":"中里村養魚センター","addr":"十日町市桔梗原亥277番地","org":"十日町市","avg":1403.4,"max":1855.0,"latest":1611.0,"latestYear":1974,"years":10}},{"type":"Feature","geometry":{"type":"Point","coordinates":[138.698827,37.053267]},"properties":{"name":"中里支所","addr":"十日町市上山己2133番地","org":"十日町市","avg":1144.0,"max":1584.0,"latest":1023.0,"latestYear":2013,"years":9}},{"type":"Feature","geometry":{"type":"Point","coordinates":[138.607745,37.1326]},"properties":{"name":"松代支所","addr":"十日町市松代3252-1","org":"十日町市","avg":1069.1,"max":1540.0,"latest":1021.0,"latestYear":2013,"years":9}},{"type":"Feature","geometry":{"type":"Point","coordinates":[138.607362,37.087615]},"properties":{"name":"松之山支所","addr":"十日町市松之山1212-2","org":"十日町市","avg":1613.9,"max":2460.0,"latest":1400.0,"latestYear":2013,"years":9}},{"type":"Feature","geometry":{"type":"Point","coordinates":[138.709317,37.530689]},"properties":{"name":"出雲崎町役場","addr":"三島郡出雲崎町川西140番地","org":"出雲崎町","avg":359.5,"max":925.0,"latest":218.0,"latestYear":2013,"years":43}},{"type":"Feature","geometry":{"type":"Point","coordinates":[138.813858,37.300406]},"properties":{"name":"旧北陸農業試験場","addr":"小千谷市稗生丙381-1","org":"小千谷市","avg":826.4,"max":1615.0,"latest":904.0,"latestYear":2005,"years":45}},{"type":"Feature","geometry":{"type":"Point","coordinates":[138.793126,37.31288]},"properties":{"name":"小千谷市消防本部","addr":"小千谷市小地谷市城内3-1-9","org":"小千谷市","avg":634.6,"max":1255.0,"latest":623.0,"latestYear":2013,"years":8}},{"type":"Feature","geometry":{"type":"Point","coordinates":[138.247123,37.106427]},"properties":{"name":"旧高田測候所","addr":"上越市大手町9-15","org":"上越市","avg":468.6,"max":642.0,"latest":420.0,"latestYear":2013,"years":9}},{"type":"Feature","geometry":{"type":"Point","coordinates":[138.446337,37.127927]},"properties":{"name":"安塚区総合事務所","addr":"上越市安塚区安塚722番地3","org":"上越市","avg":728.7,"max":1131.0,"latest":753.0,"latestYear":2013,"years":9}},{"type":"Feature","geometry":{"type":"Point","coordinates":[138.428209,37.15945]},"properties":{"name":"浦川原区総合事務所","addr":"上越市浦川原区釜淵5番地","org":"上越市","avg":619.0,"max":962.0,"latest":585.0,"latestYear":2013,"years":9}},{"type":"Feature","geometry":{"type":"Point","coordinates":[138.389552,37.275808]},"properties":{"name":"柿崎小学校","addr":"上越市柿崎区柿崎601-1","org":"上越市","avg":169.7,"max":324.0,"latest":176.0,"latestYear":2013,"years":9}},{"type":"Feature","geometry":{"type":"Point","coordinates":[138.40615,37.223045]},"properties":{"name":"吉川区総合事務所","addr":"上越市吉川区下町1126番地","org":"上越市","avg":364.6,"max":559.0,"latest":318.0,"latestYear":2013,"years":9}},{"type":"Feature","geometry":{"type":"Point","coordinates":[138.345619,37.124976]},"properties":{"name":"三和区総合事務所","addr":"上越市三和区井ノ口444番地","org":"上越市","avg":422.6,"max":712.0,"latest":408.0,"latestYear":2013,"years":9}},{"type":"Feature","geometry":{"type":"Point","coordinates":[138.334284,37.081699]},"properties":{"name":"清里区総合事務所","addr":"上越市清里区荒牧18番地","org":"上越市","avg":614.7,"max":1108.0,"latest":490.0,"latestYear":2013,"years":9}},{"type":"Feature","geometry":{"type":"Point","coordinates":[138.329575,37.230101]},"properties":{"name":"大潟区総合事務所","addr":"上越市大潟区土底浜1081番地1","org":"上越市","avg":205.1,"max":336.0,"latest":189.0,"latestYear":2013,"years":9}},{"type":"Feature","geometry":{"type":"Point","coordinates":[138.512054,37.154656]},"properties":{"name":"大島区総合事務所","addr":"上越市大島区岡3320番地3","org":"上越市","avg":862.8,"max":1316.0,"latest":810.0,"latestYear":2013,"years":9}},{"type":"Feature","geometry":{"type":"Point","coordinates":[138.225044,36.9807]},"properties":{"name":"中郷区総合事務所","addr":"上越市中郷区藤沢986番地1","org":"上越市","avg":1120.7,"max":1928.0,"latest":930.0,"latestYear":2013,"years":9}},{"type":"Feature","geometry":{"type":"Point","coordinates":[138.295287,37.049789]},"properties":{"name":"針小学校","addr":"上越市板倉区針1129","org":"上越市","avg":477.6,"max":952.0,"latest":952.0,"latestYear":2011,"years":7}},{"type":"Feature","geometry":{"type":"Point","coordinates":[138.294214,37.052428]},"properties":{"name":"板倉区総合事務所","addr":"上越市板倉区針722番地1","org":"上越市","avg":520.5,"max":663.0,"latest":378.0,"latestYear":2013,"years":2}},{"type":"Feature","geometry":{"type":"Point","coordinates":[138.383046,37.078733]},"properties":{"name":"牧区総合事務所","addr":"上越市牧区柳島522番地","org":"上越市","avg":885.6,"max":1566.0,"latest":548.0,"latestYear":2013,"years":9}},{"type":"Feature","geometry":{"type":"Point","coordinates":[138.089981,37.15982]},"properties":{"name":"名立区総合事務所","addr":"上越市名立区名立大町365番地1","org":"上越市","avg":127.9,"max":274.0,"latest":104.0,"latestYear":2013,"years":9}},{"type":"Feature","geometry":{"type":"Point","coordinates":[138.330175,37.187166]},"properties":{"name":"頸城区総合事務所","addr":"上越市頸城区百間町636番地","org":"上越市","avg":278.2,"max":459.0,"latest":247.0,"latestYear":2013,"years":9}},{"type":"Feature","geometry":{"type":"Point","coordinates":[139.2154,37.929297]},"properties":{"name":"北消防署","addr":"新潟市北区葛塚5095","org":"新潟市","avg":220.4,"max":377.5,"latest":103.0,"latestYear":2013,"years":7}},{"type":"Feature","geometry":{"type":"Point","coordinates":[139.076326,37.936259]},"properties":{"name":"東消防署","addr":"新潟市東区大山2-3-7","org":"新潟市","avg":128.1,"max":235.0,"latest":35.2,"latestYear":2013,"years":7}},{"type":"Feature","geometry":{"type":"Point","coordinates":[139.038705,37.924481]},"properties":{"name":"中央消防署","addr":"新潟市中央区東大畑通1番地643番地2","org":"新潟市","avg":88.6,"max":181.0,"latest":32.0,"latestYear":2013,"years":7}},{"type":"Feature","geometry":{"type":"Point","coordinates":[139.047887,37.868233]},"properties":{"name":"江南消防署","addr":"新潟市港南区泉町3-2-1","org":"新潟市","avg":226.2,"max":405.0,"latest":64.0,"latestYear":2013,"years":7}},{"type":"Feature","geometry":{"type":"Point","coordinates":[139.112778,37.78657]},"properties":{"name":"秋葉消防署","addr":"新潟市秋葉区程島1958番地1","org":"新潟市","avg":255.9,"max":449.0,"latest":102.0,"latestYear":2013,"years":7}},{"type":"Feature","geometry":{"type":"Point","coordinates":[139.021555,37.767016]},"properties":{"name":"南消防署","addr":"新潟市南区親和町8-1","org":"新潟市","avg":193.6,"max":356.0,"latest":45.0,"latestYear":2013,"years":7}},{"type":"Feature","geometry":{"type":"Point","coordinates":[138.942503,37.854764]},"properties":{"name":"西消防署","addr":"新潟市西区槇尾80番地1","org":"新潟市","avg":103.4,"max":280.0,"latest":19.0,"latestYear":2013,"years":7}},{"type":"Feature","geometry":{"type":"Point","coordinates":[138.878078,37.768599]},"properties":{"name":"西蒲消防署","addr":"新潟市西蒲区前田414番地1","org":"新潟市","avg":151.3,"max":389.0,"latest":35.0,"latestYear":2013,"years":7}},{"type":"Feature","geometry":{"type":"Point","coordinates":[139.340841,37.938298]},"properties":{"name":"新潟県新発田地域振興局","addr":"新発田市豊町3-3-2","org":"新発田市","avg":364.1,"max":618.0,"latest":313.0,"latestYear":2013,"years":8}},{"type":"Feature","geometry":{"type":"Point","coordinates":[139.301694,37.955557]},"properties":{"name":"新発田地域広域消防本部","addr":"新発田市新栄町1-8-31","org":"新発田市","avg":266.6,"max":462.0,"latest":235.0,"latestYear":2013,"years":8}},{"type":"Feature","geometry":{"type":"Point","coordinates":[139.416531,37.836022]},"properties":{"name":"市中央公民館赤谷分館","addr":"新発田市上赤谷2689","org":"新発田市","avg":577.6,"max":1006.0,"latest":445.0,"latestYear":2013,"years":8}},{"type":"Feature","geometry":{"type":"Point","coordinates":[139.413829,37.980726]},"properties":{"name":"菅谷コミュニティセンター","addr":"新発田市菅谷3350","org":"新発田市","avg":333.5,"max":436.0,"latest":231.0,"latestYear":2013,"years":2}},{"type":"Feature","geometry":{"type":"Point","coordinates":[139.305926,37.915159]},"properties":{"name":"市豊浦支所","addr":"新発田市乙次281-2","org":"新発田市","avg":210.1,"max":559.0,"latest":125.0,"latestYear":2013,"years":8}},{"type":"Feature","geometry":{"type":"Point","coordinates":[139.320826,38.013507]},"properties":{"name":"新発田消防署紫雲寺出張所","addr":"新発田市稲荷岡2371","org":"新発田市","avg":17.0,"max":17.0,"latest":17.0,"latestYear":2006,"years":1}},{"type":"Feature","geometry":{"type":"Point","coordinates":[139.321578,38.013471]},"properties":{"name":"市紫雲寺支所","addr":"新発田市稲荷岡2361","org":"新発田市","avg":138.7,"max":238.0,"latest":115.0,"latestYear":2013,"years":7}},{"type":"Feature","geometry":{"type":"Point","coordinates":[139.365293,37.989376]},"properties":{"name":"新発田消防署加治川出張所","addr":"新発田市川口350-1","org":"新発田市","avg":210.5,"max":472.0,"latest":106.0,"latestYear":2013,"years":8}},{"type":"Feature","geometry":{"type":"Point","coordinates":[139.271899,37.973388]},"properties":{"name":"新発田地域広域消防聖籠分署","addr":"北蒲原郡聖籠町諏訪山2350","org":"聖籠町","avg":219.0,"max":512.0,"latest":110.0,"latestYear":2013,"years":15}},{"type":"Feature","geometry":{"type":"Point","coordinates":[139.452042,38.122551]},"properties":{"name":"荒川中学校","addr":"村上市坂町2510","org":"村上市","avg":1572.9,"max":4124.0,"latest":4124.0,"latestYear":1977,"years":7}},{"type":"Feature","geometry":{"type":"Point","coordinates":[139.45047,38.129201]},"properties":{"name":"松山","addr":"村上市大津松山","org":"村上市","avg":157.3,"max":201.0,"latest":201.0,"latestYear":1980,"years":3}},{"type":"Feature","geometry":{"type":"Point","coordinates":[139.45049,38.126396]},"properties":{"name":"松山観測所","addr":"村上市大津3141-5","org":"村上市","avg":121.2,"max":196.5,"latest":181.0,"latestYear":1997,"years":9}},{"type":"Feature","geometry":{"type":"Point","coordinates":[139.474305,38.180681]},"properties":{"name":"有明観測所","addr":"村上市有明","org":"村上市","avg":2469.3,"max":7595.0,"latest":178.0,"latestYear":1996,"years":14}},{"type":"Feature","geometry":{"type":"Point","coordinates":[139.461754,38.182937]},"properties":{"name":"神林村役場","addr":"村上市今宿56","org":"村上市","avg":144.4,"max":286.0,"latest":286.0,"latestYear":1997,"years":12}},{"type":"Feature","geometry":{"type":"Point","coordinates":[139.449628,38.165748]},"properties":{"name":"南大平","addr":"村上市南田中","org":"村上市","avg":286.0,"max":286.0,"latest":286.0,"latestYear":1997,"years":1}},{"type":"Feature","geometry":{"type":"Point","coordinates":[139.489052,38.219582]},"properties":{"name":"新潟県林業試験場","addr":"村上市本町933-1","org":"村上市","avg":75.4,"max":140.0,"latest":122.0,"latestYear":1977,"years":20}},{"type":"Feature","geometry":{"type":"Point","coordinates":[139.532145,38.205658]},"properties":{"name":"村上市立門前谷小学校","addr":"村上市鋳物師330","org":"村上市","avg":255.6,"max":445.0,"latest":188.0,"latestYear":1999,"years":12}},{"type":"Feature","geometry":{"type":"Point","coordinates":[139.483386,38.214694]},"properties":{"name":"岩船地域広域事務組合消防本部２","addr":"村上市羽黒町2-38","org":"村上市","avg":241.3,"max":359.0,"latest":196.0,"latestYear":1996,"years":6}},{"type":"Feature","geometry":{"type":"Point","coordinates":[139.47473,38.227979]},"properties":{"name":"村上市消防本部","addr":"村上市塩町12-6","org":"村上市","avg":230.6,"max":339.0,"latest":127.3,"latestYear":2013,"years":5}},{"type":"Feature","geometry":{"type":"Point","coordinates":[139.6356,38.241631]},"properties":{"name":"新潟県三面ダム管理所","addr":"村上市岩崩","org":"村上市","avg":132.8,"max":279.0,"latest":100.0,"latestYear":2008,"years":24}},{"type":"Feature","geometry":{"type":"Point","coordinates":[139.714587,38.344684]},"properties":{"name":"高根観測所","addr":"村上市高根","org":"村上市","avg":367.0,"max":417.0,"latest":304.0,"latestYear":2001,"years":3}},{"type":"Feature","geometry":{"type":"Point","coordinates":[139.532195,38.26142]},"properties":{"name":"村上市消防署朝日分署","addr":"村上市岩沢4887-4","org":"村上市","avg":395.2,"max":579.0,"latest":218.0,"latestYear":2013,"years":5}},{"type":"Feature","geometry":{"type":"Point","coordinates":[139.608944,38.333586]},"properties":{"name":"朝日村立高根小学校","addr":"村上市高根1940","org":"村上市","avg":526.3,"max":1023.0,"latest":569.0,"latestYear":1996,"years":9}},{"type":"Feature","geometry":{"type":"Point","coordinates":[139.576693,38.343175]},"properties":{"name":"荒沢","addr":"村上市荒沢","org":"村上市","avg":312.0,"max":312.0,"latest":312.0,"latestYear":1997,"years":1}},{"type":"Feature","geometry":{"type":"Point","coordinates":[139.601658,38.481018]},"properties":{"name":"山北町立中継小学校","addr":"村上市中継546","org":"村上市","avg":327.2,"max":517.0,"latest":373.5,"latestYear":1997,"years":13}},{"type":"Feature","geometry":{"type":"Point","coordinates":[139.592958,38.436889]},"properties":{"name":"山北町立黒川俣小学校","addr":"村上市北中861","org":"村上市","avg":489.0,"max":855.0,"latest":490.0,"latestYear":2003,"years":18}},{"type":"Feature","geometry":{"type":"Point","coordinates":[139.534077,38.514545]},"properties":{"name":"山北町役場","addr":"村上市府屋232","org":"村上市","avg":83.8,"max":186.0,"latest":21.0,"latestYear":2006,"years":15}},{"type":"Feature","geometry":{"type":"Point","coordinates":[139.534077,38.514545]},"properties":{"name":"山北支所","addr":"村上市府屋232","org":"村上市","avg":120.8,"max":152.0,"latest":152.0,"latestYear":2011,"years":5}},{"type":"Feature","geometry":{"type":"Point","coordinates":[139.450482,38.121688]},"properties":{"name":"岩船地域広域事務組合荒川分所","addr":"村上市藤沢155－1","org":"村上市","avg":152.4,"max":239.0,"latest":74.0,"latestYear":2008,"years":10}},{"type":"Feature","geometry":{"type":"Point","coordinates":[139.432093,38.132144]},"properties":{"name":"村上市消防署荒川分署","addr":"村上市大津1669-1","org":"村上市","avg":248.9,"max":359.0,"latest":119.0,"latestYear":2013,"years":5}},{"type":"Feature","geometry":{"type":"Point","coordinates":[139.673576,38.498924]},"properties":{"name":"雷ふるさとふれあいセンター","addr":"村上市雷81-1","org":"村上市","avg":642.1,"max":1008.0,"latest":750.0,"latestYear":2013,"years":7}},{"type":"Feature","geometry":{"type":"Point","coordinates":[139.442452,38.174743]},"properties":{"name":"村上市消防署神林分署","addr":"村上市牧目1224-1番地","org":"村上市","avg":172.6,"max":317.0,"latest":88.0,"latestYear":2013,"years":7}},{"type":"Feature","geometry":{"type":"Point","coordinates":[139.554274,38.389705]},"properties":{"name":"蒲萄スキー場","addr":"村上市蒲萄338-1","org":"村上市","avg":517.0,"max":893.0,"latest":889.2,"latestYear":2011,"years":5}},{"type":"Feature","geometry":{"type":"Point","coordinates":[139.554086,38.384635]},"properties":{"name":"蒲萄","addr":"村上市蒲萄1740-1","org":"村上市","avg":687.5,"max":763.0,"latest":612.0,"latestYear":2013,"years":2}},{"type":"Feature","geometry":{"type":"Point","coordinates":[139.530205,38.511527]},"properties":{"name":"村上市消防署山北分署","addr":"村上市府屋6-35","org":"村上市","avg":113.0,"max":157.0,"latest":69.0,"latestYear":2013,"years":2}},{"type":"Feature","geometry":{"type":"Point","coordinates":[139.671789,38.295495]},"properties":{"name":"岩沢観測所","addr":"新潟県岩船郡朝日村","org":"村上市","avg":228.0,"max":228.0,"latest":228.0,"latestYear":1978,"years":1}},{"type":"Feature","geometry":{"type":"Point","coordinates":[139.410347,38.059714]},"properties":{"name":"胎内市役所","addr":"胎内市新和町2-10","org":"胎内市","avg":46.0,"max":46.0,"latest":46.0,"latestYear":2006,"years":1}},{"type":"Feature","geometry":{"type":"Point","coordinates":[139.497984,38.022806]},"properties":{"name":"胎内アウレッツ館","addr":"胎内市夏井1191-1","org":"胎内市","avg":100.0,"max":100.0,"latest":100.0,"latestYear":2013,"years":1}},{"type":"Feature","geometry":{"type":"Point","coordinates":[139.409823,38.060057]},"properties":{"name":"胎内消防署","addr":"胎内市新和町2-24","org":"胎内市","avg":57.1,"max":110.0,"latest":19.0,"latestYear":2013,"years":8}},{"type":"Feature","geometry":{"type":"Point","coordinates":[139.469885,38.037479]},"properties":{"name":"胎内市立鼓岡小学校","addr":"胎内市鼓岡1078番地","org":"胎内市","avg":107.0,"max":200.0,"latest":140.0,"latestYear":2012,"years":8}},{"type":"Feature","geometry":{"type":"Point","coordinates":[138.871647,37.443093]},"properties":{"name":"長岡国道事務所","addr":"長岡市中沢4丁目430-1","org":"長岡市","avg":411.0,"max":501.0,"latest":321.0,"latestYear":2013,"years":2}},{"type":"Feature","geometry":{"type":"Point","coordinates":[138.830172,37.354292]},"properties":{"name":"六日市小学校","addr":"長岡市中潟町286","org":"長岡市","avg":637.0,"max":743.0,"latest":531.0,"latestYear":2013,"years":2}},{"type":"Feature","geometry":{"type":"Point","coordinates":[138.745644,37.44992]},"properties":{"name":"宮本小学校","addr":"長岡市宮本町１丁目甲67-1","org":"長岡市","avg":451.0,"max":552.0,"latest":350.0,"latestYear":2013,"years":2}},{"type":"Feature","geometry":{"type":"Point","coordinates":[138.865239,37.44386]},"properties":{"name":"長岡消防署川崎出張所","addr":"長岡市川崎町2708-1","org":"長岡市","avg":377.0,"max":558.0,"latest":196.0,"latestYear":2013,"years":2}},{"type":"Feature","geometry":{"type":"Point","coordinates":[138.838654,37.435232]},"properties":{"name":"市立劇場","addr":"長岡市幸町2丁目1-2","org":"長岡市","avg":564.5,"max":655.0,"latest":474.0,"latestYear":2013,"years":2}},{"type":"Feature","geometry":{"type":"Point","coordinates":[138.871867,37.426725]},"properties":{"name":"鉢伏町","addr":"長岡市鉢伏町1602","org":"長岡市","avg":618.0,"max":744.0,"latest":492.0,"latestYear":2013,"years":2}},{"type":"Feature","geometry":{"type":"Point","coordinates":[138.882635,37.363262]},"properties":{"name":"濁沢小学校跡地","addr":"長岡市濁沢町754","org":"長岡市","avg":810.0,"max":919.0,"latest":701.0,"latestYear":2013,"years":2}},{"type":"Feature","geometry":{"type":"Point","coordinates":[138.752194,37.443054]},"properties":{"name":"青葉台北公園","addr":"長岡市青葉台2丁目17","org":"長岡市","avg":591.0,"max":656.0,"latest":526.0,"latestYear":2013,"years":2}},{"type":"Feature","geometry":{"type":"Point","coordinates":[138.711293,37.410586]},"properties":{"name":"大積千本公民館","addr":"長岡市大積千本町575-15","org":"長岡市","avg":561.5,"max":576.0,"latest":547.0,"latestYear":2013,"years":2}},{"type":"Feature","geometry":{"type":"Point","coordinates":[138.877428,37.5478]},"properties":{"name":"中之島支所","addr":"長岡市中之島788","org":"長岡市","avg":349.5,"max":439.0,"latest":260.0,"latestYear":2013,"years":2}},{"type":"Feature","geometry":{"type":"Point","coordinates":[138.788657,37.394094]},"properties":{"name":"越路支所","addr":"長岡市浦715","org":"長岡市","avg":648.0,"max":789.0,"latest":507.0,"latestYear":2013,"years":2}},{"type":"Feature","geometry":{"type":"Point","coordinates":[138.782642,37.493658]},"properties":{"name":"三島支所","addr":"長岡市上岩井1261-1","org":"長岡市","avg":407.5,"max":493.0,"latest":322.0,"latestYear":2013,"years":2}},{"type":"Feature","geometry":{"type":"Point","coordinates":[138.889914,37.326602]},"properties":{"name":"山古志支所","addr":"長岡市山古志竹沢乙461","org":"長岡市","avg":1619.5,"max":1976.0,"latest":1263.0,"latestYear":2013,"years":2}},{"type":"Feature","geometry":{"type":"Point","coordinates":[138.927773,37.354736]},"properties":{"name":"種苧原保育園","addr":"長岡市山古志種苧原2697","org":"長岡市","avg":2023.5,"max":2479.0,"latest":1568.0,"latestYear":2013,"years":2}},{"type":"Feature","geometry":{"type":"Point","coordinates":[138.708619,37.305301]},"properties":{"name":"小国支所","addr":"長岡市小国町法坂793","org":"長岡市","avg":699.0,"max":801.0,"latest":597.0,"latestYear":2013,"years":2}},{"type":"Feature","geometry":{"type":"Point","coordinates":[138.705519,37.264417]},"properties":{"name":"しぶみ工房","addr":"長岡市小国町原甲348","org":"長岡市","avg":1046.0,"max":1187.0,"latest":905.0,"latestYear":2013,"years":2}},{"type":"Feature","geometry":{"type":"Point","coordinates":[138.772013,37.575512]},"properties":{"name":"和島支所","addr":"長岡市小島谷3434-4","org":"長岡市","avg":149.0,"max":183.0,"latest":115.0,"latestYear":2013,"years":2}},{"type":"Feature","geometry":{"type":"Point","coordinates":[138.773255,37.637022]},"properties":{"name":"与板消防署寺泊出張所","addr":"長岡市寺泊烏帽子平1977-8","org":"長岡市","avg":47.5,"max":66.0,"latest":29.0,"latestYear":2013,"years":2}},{"type":"Feature","geometry":{"type":"Point","coordinates":[138.827558,37.598706]},"properties":{"name":"寺泊浄水場","addr":"長岡市寺泊町軽井238-1","org":"長岡市","avg":218.0,"max":277.0,"latest":159.0,"latestYear":2013,"years":2}},{"type":"Feature","geometry":{"type":"Point","coordinates":[138.992253,37.476092]},"properties":{"name":"栃尾消防署","addr":"長岡市栃尾大町2-11","org":"長岡市","avg":677.5,"max":802.0,"latest":553.0,"latestYear":2013,"years":2}},{"type":"Feature","geometry":{"type":"Point","coordinates":[139.018672,37.447363]},"properties":{"name":"東谷小学校","addr":"長岡市栃堀53","org":"長岡市","avg":991.0,"max":1212.0,"latest":770.0,"latestYear":2013,"years":2}},{"type":"Feature","geometry":{"type":"Point","coordinates":[138.983559,37.397856]},"properties":{"name":"中野俣小学校","addr":"長岡市西中野俣1316","org":"長岡市","avg":1315.0,"max":1557.0,"latest":1073.0,"latestYear":2013,"years":2}},{"type":"Feature","geometry":{"type":"Point","coordinates":[138.813743,37.553172]},"properties":{"name":"与板消防署","addr":"長岡市与板町本与板3731","org":"長岡市","avg":269.0,"max":366.0,"latest":172.0,"latestYear":2013,"years":2}},{"type":"Feature","geometry":{"type":"Point","coordinates":[138.809514,37.540759]},"properties":{"name":"与板支所","addr":"長岡市与板町与板甲134","org":"長岡市","avg":315.5,"max":396.0,"latest":235.0,"latestYear":2013,"years":2}},{"type":"Feature","geometry":{"type":"Point","coordinates":[138.861296,37.270322]},"properties":{"name":"川口支所","addr":"長岡市東川口1974-26","org":"長岡市","avg":990.0,"max":1143.0,"latest":837.0,"latestYear":2013,"years":2}},{"type":"Feature","geometry":{"type":"Point","coordinates":[138.8578,37.238847]},"properties":{"name":"川口公民館田麦山分館","addr":"長岡市川口田麦山543","org":"長岡市","avg":1256.0,"max":1525.0,"latest":987.0,"latestYear":2013,"years":2}},{"type":"Feature","geometry":{"type":"Point","coordinates":[138.849632,37.283709]},"properties":{"name":"小千谷市消防署川口出張所","addr":"長岡市川口牛ケ島160-3","org":"長岡市","avg":1129.0,"max":1320.0,"latest":938.0,"latestYear":2013,"years":2}},{"type":"Feature","geometry":{"type":"Point","coordinates":[138.652566,37.014288]},"properties":{"name":"津南町役場","addr":"中魚沼郡津南町下船渡戊585","org":"津南町","avg":1477.8,"max":2543.0,"latest":1246.0,"latestYear":2013,"years":51}},{"type":"Feature","geometry":{"type":"Point","coordinates":[139.057987,37.6988]},"properties":{"name":"田上町役場","addr":"南蒲原郡田上町原ヶ崎新田3070","org":"田上町","avg":29.5,"max":50.0,"latest":10.0,"latestYear":2013,"years":25}},{"type":"Feature","geometry":{"type":"Point","coordinates":[138.817434,36.934001]},"properties":{"name":"湯沢町役場","addr":"南魚沼郡湯沢町神立300","org":"湯沢町","avg":1376.3,"max":2070.0,"latest":374.0,"latestYear":2013,"years":7}},{"type":"Feature","geometry":{"type":"Point","coordinates":[138.876097,37.065536]},"properties":{"name":"南魚沼市役所本庁舎","addr":"南魚沼市六日町180-1","org":"南魚沼市","avg":1189.7,"max":2168.0,"latest":990.0,"latestYear":2013,"years":10}},{"type":"Feature","geometry":{"type":"Point","coordinates":[138.876097,37.065536]},"properties":{"name":"六日町役場","addr":"南魚沼郡六日町大字六日町180-1","org":"南魚沼市","avg":1160.6,"max":2237.0,"latest":793.0,"latestYear":2003,"years":26}},{"type":"Feature","geometry":{"type":"Point","coordinates":[138.925424,37.16143]},"properties":{"name":"南魚沼市役所大和庁舎","addr":"南魚沼市浦佐1188-2","org":"南魚沼市","avg":1113.1,"max":1897.0,"latest":927.0,"latestYear":2013,"years":10}},{"type":"Feature","geometry":{"type":"Point","coordinates":[138.925424,37.16143]},"properties":{"name":"大和町役場","addr":"南魚沼郡大和町大字浦佐1188-2","org":"南魚沼市","avg":1170.1,"max":2256.0,"latest":780.0,"latestYear":2003,"years":35}},{"type":"Feature","geometry":{"type":"Point","coordinates":[138.847416,37.039507]},"properties":{"name":"南魚沼市役所塩沢庁舎","addr":"南魚沼市塩沢1370-1","org":"南魚沼市","avg":1046.2,"max":1876.0,"latest":904.0,"latestYear":2013,"years":9}},{"type":"Feature","geometry":{"type":"Point","coordinates":[138.847416,37.039507]},"properties":{"name":"塩沢町役場","addr":"南魚沼市塩沢1370-1","org":"南魚沼市","avg":1257.2,"max":2223.0,"latest":1290.0,"latestYear":2004,"years":37}},{"type":"Feature","geometry":{"type":"Point","coordinates":[138.579019,37.367607]},"properties":{"name":"柏崎地域振興局","addr":"柏崎市三和町5-55","org":"柏崎市","avg":302.3,"max":1002.0,"latest":228.0,"latestYear":2013,"years":34}},{"type":"Feature","geometry":{"type":"Point","coordinates":[138.553003,37.35343]},"properties":{"name":"柏崎総合高等学校","addr":"柏崎市元城町1-11","org":"柏崎市","avg":293.2,"max":826.0,"latest":152.0,"latestYear":2013,"years":34}},{"type":"Feature","geometry":{"type":"Point","coordinates":[138.671975,37.370178]},"properties":{"name":"旧北条北小学校","addr":"柏崎市柏崎市西長鳥甲1972-2","org":"柏崎市","avg":526.7,"max":1327.0,"latest":344.0,"latestYear":2013,"years":34}},{"type":"Feature","geometry":{"type":"Point","coordinates":[138.622225,37.296422]},"properties":{"name":"中鯖石宮平","addr":"柏崎市宮平102-5","org":"柏崎市","avg":554.7,"max":1402.0,"latest":408.0,"latestYear":2013,"years":34}},{"type":"Feature","geometry":{"type":"Point","coordinates":[138.549417,37.244768]},"properties":{"name":"鵜川小学校跡地","addr":"柏崎市女谷4518","org":"柏崎市","avg":1008.0,"max":2071.0,"latest":865.0,"latestYear":2013,"years":34}},{"type":"Feature","geometry":{"type":"Point","coordinates":[138.666416,37.456973]},"properties":{"name":"西山町事務所","addr":"柏崎市西山町池浦117-2","org":"柏崎市","avg":270.3,"max":639.0,"latest":212.0,"latestYear":2013,"years":35}},{"type":"Feature","geometry":{"type":"Point","coordinates":[138.638923,37.224088]},"properties":{"name":"高柳町事務所","addr":"柏崎市高柳町岡野町1849-1","org":"柏崎市","avg":864.7,"max":1977.0,"latest":676.0,"latestYear":2013,"years":35}},{"type":"Feature","geometry":{"type":"Point","coordinates":[138.616176,37.188285]},"properties":{"name":"高柳町門出","addr":"柏崎市高柳町門出5123-1","org":"柏崎市","avg":1095.1,"max":2189.0,"latest":863.0,"latestYear":2013,"years":35}},{"type":"Feature","geometry":{"type":"Point","coordinates":[138.569889,37.188737]},"properties":{"name":"高柳町石黒地域活動拠点施設","addr":"柏崎市高柳町石黒1685","org":"柏崎市","avg":1083.4,"max":2091.0,"latest":1063.0,"latestYear":2013,"years":35}},{"type":"Feature","geometry":{"type":"Point","coordinates":[138.578395,37.18979]},"properties":{"name":"板畑","addr":"柏崎市高柳町石黒5159","org":"柏崎市","avg":1257.4,"max":2155.0,"latest":1819.0,"latestYear":2012,"years":27}},{"type":"Feature","geometry":{"type":"Point","coordinates":[138.612401,37.222735]},"properties":{"name":"磯之辺","addr":"柏崎市高柳町高尾2622","org":"柏崎市","avg":1421.7,"max":2779.0,"latest":888.0,"latestYear":2008,"years":26}},{"type":"Feature","geometry":{"type":"Point","coordinates":[138.829687,37.710298]},"properties":{"name":"弥彦消防署２","addr":"西蒲原郡弥彦村大字弥彦971-4","org":"弥彦村","avg":243.0,"max":636.8,"latest":298.0,"latestYear":2009,"years":33}},{"type":"Feature","geometry":{"type":"Point","coordinates":[138.621166,37.422004]},"properties":{"name":"刈羽小学校","addr":"刈羽郡刈羽村大字割町新田177","org":"刈羽村","avg":222.4,"max":321.0,"latest":189.0,"latestYear":2013,"years":7}},{"type":"Feature","geometry":{"type":"Point","coordinates":[138.829687,37.710298]},"properties":{"name":"弥彦消防署","addr":"西蒲原郡弥彦村上泉1753－1","org":"弥彦村","avg":232.4,"max":422.5,"latest":123.5,"latestYear":2013,"years":4}},{"type":"Feature","geometry":{"type":"Point","coordinates":[137.859648,37.046581]},"properties":{"name":"糸魚川地域消防事務組合","addr":"糸魚川市大町2-12-1","org":"糸魚川市","avg":307.1,"max":912.0,"latest":251.0,"latestYear":1994,"years":35}},{"type":"Feature","geometry":{"type":"Point","coordinates":[138.698827,37.053267]},"properties":{"name":"中里村役場","addr":"十日町市上山己2133番地","org":"十日町市","avg":1337.5,"max":2502.0,"latest":1515.0,"latestYear":2004,"years":29}},{"type":"Feature","geometry":{"type":"Point","coordinates":[138.607745,37.1326]},"properties":{"name":"松代町役場","addr":"十日町市松代3252-1","org":"十日町市","avg":1196.4,"max":2224.0,"latest":1355.0,"latestYear":2004,"years":34}},{"type":"Feature","geometry":{"type":"Point","coordinates":[138.607362,37.087615]},"properties":{"name":"松之山町役場","addr":"十日町市松之山1212-2","org":"十日町市","avg":1683.7,"max":2823.0,"latest":2101.0,"latestYear":2004,"years":34}},{"type":"Feature","geometry":{"type":"Point","coordinates":[139.483386,38.214694]},"properties":{"name":"岩船地域広域事務組合消防署","addr":"村上市羽黒町2-38","org":"村上市","avg":210.2,"max":308.0,"latest":199.0,"latestYear":1989,"years":4}},{"type":"Feature","geometry":{"type":"Point","coordinates":[139.47473,38.227979]},"properties":{"name":"岩船地域広域事務組合消防本部","addr":"村上市塩町12-6","org":"村上市","avg":143.7,"max":175.0,"latest":84.0,"latestYear":2008,"years":3}},{"type":"Feature","geometry":{"type":"Point","coordinates":[139.714587,38.344684]},"properties":{"name":"農業気象観測乙種観測所","addr":"村上市高根","org":"村上市","avg":159.4,"max":327.0,"latest":200.0,"latestYear":1977,"years":8}},{"type":"Feature","geometry":{"type":"Point","coordinates":[139.532195,38.26142]},"properties":{"name":"岩船地域広域事務組合朝日分署","addr":"村上市岩沢4887-4","org":"村上市","avg":292.0,"max":696.0,"latest":199.0,"latestYear":2008,"years":11}},{"type":"Feature","geometry":{"type":"Point","coordinates":[139.608944,38.333586]},"properties":{"name":"朝日村立高根小中学校","addr":"村上市高根1940","org":"村上市","avg":555.0,"max":555.0,"latest":555.0,"latestYear":1986,"years":1}},{"type":"Feature","geometry":{"type":"Point","coordinates":[138.248444,37.021899]},"properties":{"name":"市公民館","addr":"妙高市白山町4-1-20","org":"妙高市","avg":641.1,"max":1092.0,"latest":150.0,"latestYear":2006,"years":18}},{"type":"Feature","geometry":{"type":"Point","coordinates":[138.257035,37.029071]},"properties":{"name":"新井消防署","addr":"妙高市諏訪町1丁目7-8","org":"妙高市","avg":543.0,"max":972.0,"latest":430.0,"latestYear":2013,"years":9}},{"type":"Feature","geometry":{"type":"Point","coordinates":[138.20526,36.888825]},"properties":{"name":"頸南消防署","addr":"妙高市田切629","org":"妙高市","avg":1324.8,"max":2025.0,"latest":1219.0,"latestYear":2013,"years":19}},{"type":"Feature","geometry":{"type":"Point","coordinates":[138.228125,36.934087]},"properties":{"name":"妙高支所","addr":"妙高市関山1200-1","org":"妙高市","avg":1269.2,"max":2226.0,"latest":1274.0,"latestYear":2013,"years":19}},{"type":"Feature","geometry":{"type":"Point","coordinates":[139.465484,38.220576]},"properties":{"name":"村上","addr":"新潟県村上市田端町","org":"新潟県","avg":316.4,"max":719.0,"latest":132.0,"latestYear":2013,"years":51}},{"type":"Feature","geometry":{"type":"Point","coordinates":[139.693345,38.486426]},"properties":{"name":"山北","addr":"新潟県村上市雷","org":"新潟県","avg":626.0,"max":1072.0,"latest":683.0,"latestYear":2013,"years":47}},{"type":"Feature","geometry":{"type":"Point","coordinates":[139.335205,37.939708]},"properties":{"name":"新発田","addr":"新潟県新発田市豊町","org":"新潟県","avg":384.9,"max":849.0,"latest":321.0,"latestYear":2013,"years":51}},{"type":"Feature","geometry":{"type":"Point","coordinates":[139.411228,38.060601]},"properties":{"name":"中条","addr":"新潟県胎内市新和町","org":"新潟県","avg":311.0,"max":589.0,"latest":172.0,"latestYear":2013,"years":51}},{"type":"Feature","geometry":{"type":"Point","coordinates":[139.221187,37.842979]},"properties":{"name":"水原","addr":"新潟県阿賀野市安野町","org":"新潟県","avg":314.4,"max":895.0,"latest":116.0,"latestYear":2013,"years":51}},{"type":"Feature","geometry":{"type":"Point","coordinates":[139.415608,37.83899]},"properties":{"name":"赤谷","addr":"新潟県新発田市上赤谷","org":"新潟県","avg":825.1,"max":1583.0,"latest":619.0,"latestYear":2013,"years":37}},{"type":"Feature","geometry":{"type":"Point","coordinates":[139.277036,37.974237]},"properties":{"name":"聖籠","addr":"新潟県聖籠町諏訪山","org":"新潟県","avg":228.5,"max":605.0,"latest":119.0,"latestYear":2013,"years":37}},{"type":"Feature","geometry":{"type":"Point","coordinates":[139.108775,37.793777]},"properties":{"name":"新津","addr":"新潟県新潟市秋葉区新津","org":"新潟県","avg":275.0,"max":606.0,"latest":123.0,"latestYear":2013,"years":51}},{"type":"Feature","geometry":{"type":"Point","coordinates":[139.179773,37.748223]},"properties":{"name":"五泉","addr":"新潟県五泉市粟島","org":"新潟県","avg":320.0,"max":836.0,"latest":159.0,"latestYear":2013,"years":47}},{"type":"Feature","geometry":{"type":"Point","coordinates":[139.193581,37.696557]},"properties":{"name":"村松","addr":"新潟県五泉市石曽根","org":"新潟県","avg":430.9,"max":961.0,"latest":253.0,"latestYear":2013,"years":51}},{"type":"Feature","geometry":{"type":"Point","coordinates":[139.455171,37.681414]},"properties":{"name":"津川","addr":"新潟県阿賀町大字津川","org":"新潟県","avg":704.2,"max":1244.0,"latest":852.0,"latestYear":2013,"years":51}},{"type":"Feature","geometry":{"type":"Point","coordinates":[139.420543,37.789208]},"properties":{"name":"綱木","addr":"新潟県阿賀町大字綱木","org":"新潟県","avg":1025.0,"max":1826.0,"latest":1079.0,"latestYear":2013,"years":47}},{"type":"Feature","geometry":{"type":"Point","coordinates":[139.406022,37.587618]},"properties":{"name":"室谷","addr":"新潟県阿賀町大字神谷","org":"新潟県","avg":1129.5,"max":1966.0,"latest":954.0,"latestYear":2013,"years":37}},{"type":"Feature","geometry":{"type":"Point","coordinates":[139.514215,37.577193]},"properties":{"name":"丸淵","addr":"新潟県阿賀町大字七名","org":"新潟県","avg":993.6,"max":1529.0,"latest":1028.0,"latestYear":2013,"years":37}},{"type":"Feature","geometry":{"type":"Point","coordinates":[138.922125,37.662438]},"properties":{"name":"燕","addr":"新潟県燕市秋葉町","org":"新潟県","avg":254.6,"max":692.0,"latest":157.0,"latestYear":2013,"years":47}},{"type":"Feature","geometry":{"type":"Point","coordinates":[138.969405,37.63571]},"properties":{"name":"三条","addr":"新潟県三条市興野","org":"新潟県","avg":376.3,"max":762.0,"latest":378.0,"latestYear":2013,"years":51}},{"type":"Feature","geometry":{"type":"Point","coordinates":[139.045181,37.664013]},"properties":{"name":"加茂","addr":"新潟県加茂市幸町","org":"新潟県","avg":329.6,"max":860.0,"latest":97.0,"latestYear":2013,"years":51}},{"type":"Feature","geometry":{"type":"Point","coordinates":[139.137366,37.529762]},"properties":{"name":"下田","addr":"新潟県三条市大谷地","org":"新潟県","avg":759.5,"max":1390.0,"latest":823.0,"latestYear":2013,"years":45}},{"type":"Feature","geometry":{"type":"Point","coordinates":[138.875215,37.43692]},"properties":{"name":"長岡","addr":"新潟県長岡市字長倉町","org":"新潟県","avg":587.1,"max":1325.0,"latest":451.0,"latestYear":2013,"years":51}},{"type":"Feature","geometry":{"type":"Point","coordinates":[138.781803,37.392982]},"properties":{"name":"越路","addr":"新潟県長岡市来迎寺","org":"新潟県","avg":634.1,"max":1533.0,"latest":508.0,"latestYear":2013,"years":51}},{"type":"Feature","geometry":{"type":"Point","coordinates":[139.009193,37.398436]},"properties":{"name":"栃尾","addr":"新潟県長岡市栗山沢","org":"新潟県","avg":806.7,"max":1543.0,"latest":1185.0,"latestYear":2013,"years":51}},{"type":"Feature","geometry":{"type":"Point","coordinates":[138.885912,37.32792]},"properties":{"name":"山古志","addr":"新潟県長岡市山古志竹沢","org":"新潟県","avg":1387.0,"max":2607.0,"latest":879.0,"latestYear":2013,"years":47}},{"type":"Feature","geometry":{"type":"Point","coordinates":[138.911621,37.534124]},"properties":{"name":"見附","addr":"新潟県見附市昭和町","org":"新潟県","avg":484.8,"max":1140.0,"latest":446.0,"latestYear":2013,"years":51}},{"type":"Feature","geometry":{"type":"Point","coordinates":[138.809839,37.543798]},"properties":{"name":"与板","addr":"新潟県長岡市与板町与板","org":"新潟県","avg":433.0,"max":929.0,"latest":357.0,"latestYear":2013,"years":50}},{"type":"Feature","geometry":{"type":"Point","coordinates":[138.781663,37.491258]},"properties":{"name":"三島","addr":"新潟県長岡市上岩井","org":"新潟県","avg":476.6,"max":1174.0,"latest":337.0,"latestYear":2013,"years":47}},{"type":"Feature","geometry":{"type":"Point","coordinates":[138.707679,37.526948]},"properties":{"name":"出雲崎","addr":"新潟県出雲崎町大字川西","org":"新潟県","avg":362.6,"max":923.0,"latest":237.0,"latestYear":2013,"years":45}},{"type":"Feature","geometry":{"type":"Point","coordinates":[138.791867,37.316897]},"properties":{"name":"小千谷","addr":"新潟県小千谷市平沢","org":"新潟県","avg":783.4,"max":1607.0,"latest":626.0,"latestYear":2013,"years":51}},{"type":"Feature","geometry":{"type":"Point","coordinates":[138.794538,37.240399]},"properties":{"name":"岩沢","addr":"新潟県小千谷市大字岩沢","org":"新潟県","avg":1293.4,"max":2392.0,"latest":1196.0,"latestYear":2013,"years":47}},{"type":"Feature","geometry":{"type":"Point","coordinates":[138.721156,37.338693]},"properties":{"name":"小国","addr":"新潟県長岡市小国町樽沢","org":"新潟県","avg":879.9,"max":2280.0,"latest":597.0,"latestYear":2013,"years":47}},{"type":"Feature","geometry":{"type":"Point","coordinates":[138.983546,37.241309]},"properties":{"name":"小出","addr":"新潟県魚沼市一日市","org":"新潟県","avg":1152.1,"max":2187.0,"latest":931.0,"latestYear":2013,"years":51}},{"type":"Feature","geometry":{"type":"Point","coordinates":[139.149409,37.343599]},"properties":{"name":"入広瀬","addr":"新潟県魚沼市大白川新田","org":"新潟県","avg":1543.0,"max":2802.0,"latest":1337.0,"latestYear":2013,"years":47}},{"type":"Feature","geometry":{"type":"Point","coordinates":[138.742632,37.132217]},"properties":{"name":"十日町","addr":"新潟県十日町市大字高山","org":"新潟県","avg":1126.1,"max":2031.0,"latest":1174.0,"latestYear":2013,"years":51}},{"type":"Feature","geometry":{"type":"Point","coordinates":[138.750342,37.191642]},"properties":{"name":"千手","addr":"新潟県十日町市新町新田","org":"新潟県","avg":1297.4,"max":2478.0,"latest":1121.0,"latestYear":2013,"years":47}},{"type":"Feature","geometry":{"type":"Point","coordinates":[138.656546,36.88534]},"properties":{"name":"津南","addr":"新潟県津南町大割野","org":"新潟県","avg":1438.1,"max":2545.0,"latest":1233.0,"latestYear":2013,"years":51}},{"type":"Feature","geometry":{"type":"Point","coordinates":[138.5966,36.99448]},"properties":{"name":"宮野原","addr":"新潟県津南町大字上郷子種新田","org":"新潟県","avg":1539.9,"max":3085.0,"latest":1415.0,"latestYear":2013,"years":47}},{"type":"Feature","geometry":{"type":"Point","coordinates":[138.796368,37.090159]},"properties":{"name":"八箇峠","addr":"新潟県十日町市大字八箇","org":"新潟県","avg":1323.6,"max":2366.0,"latest":1191.0,"latestYear":2013,"years":19}},{"type":"Feature","geometry":{"type":"Point","coordinates":[138.71262,37.05931]},"properties":{"name":"十二峠","addr":"新潟県十日町市田沢","org":"新潟県","avg":1548.8,"max":2671.0,"latest":1506.0,"latestYear":2013,"years":19}},{"type":"Feature","geometry":{"type":"Point","coordinates":[138.611638,37.13781]},"properties":{"name":"松代","addr":"新潟県十日町市松代","org":"新潟県","avg":1256.8,"max":2540.0,"latest":1056.0,"latestYear":2013,"years":51}},{"type":"Feature","geometry":{"type":"Point","coordinates":[138.873359,37.061734]},"properties":{"name":"六日町","addr":"新潟県南魚沼市六日町","org":"新潟県","avg":1197.7,"max":2357.0,"latest":947.0,"latestYear":2013,"years":51}},{"type":"Feature","geometry":{"type":"Point","coordinates":[138.919989,37.166666]},"properties":{"name":"大和","addr":"新潟県南魚沼市浦佐","org":"新潟県","avg":1136.9,"max":2236.0,"latest":925.0,"latestYear":2013,"years":51}},{"type":"Feature","geometry":{"type":"Point","coordinates":[138.829837,37.044429]},"properties":{"name":"塩沢","addr":"新潟県南魚沼市塩沢","org":"新潟県","avg":1181.0,"max":2197.0,"latest":892.0,"latestYear":2013,"years":51}},{"type":"Feature","geometry":{"type":"Point","coordinates":[138.808507,36.909529]},"properties":{"name":"湯沢","addr":"新潟県湯沢町大字神立","org":"新潟県","avg":1288.7,"max":2468.0,"latest":1310.0,"latestYear":2013,"years":51}},{"type":"Feature","geometry":{"type":"Point","coordinates":[138.581183,37.366326]},"properties":{"name":"柏崎","addr":"新潟県柏崎市三和町","org":"新潟県","avg":339.7,"max":1000.0,"latest":228.0,"latestYear":2013,"years":51}},{"type":"Feature","geometry":{"type":"Point","coordinates":[138.667989,37.462139]},"properties":{"name":"西山","addr":"新潟県柏崎市西山町池浦","org":"新潟県","avg":323.0,"max":883.0,"latest":220.0,"latestYear":2013,"years":47}},{"type":"Feature","geometry":{"type":"Point","coordinates":[138.635708,37.227629]},"properties":{"name":"高柳","addr":"新潟県柏崎市高柳町岡野町","org":"新潟県","avg":897.8,"max":2021.0,"latest":710.0,"latestYear":2013,"years":51}},{"type":"Feature","geometry":{"type":"Point","coordinates":[138.450007,37.130919]},"properties":{"name":"安塚","addr":"新潟県上越市安塚区安塚","org":"新潟県","avg":857.5,"max":1887.0,"latest":890.0,"latestYear":2013,"years":51}},{"type":"Feature","geometry":{"type":"Point","coordinates":[138.24901,37.104132]},"properties":{"name":"上越","addr":"新潟県上越市南城町","org":"新潟県","avg":540.4,"max":1316.0,"latest":369.0,"latestYear":2013,"years":51}},{"type":"Feature","geometry":{"type":"Point","coordinates":[138.410403,37.226212]},"properties":{"name":"吉川","addr":"新潟県上越市吉川区下町","org":"新潟県","avg":500.3,"max":1541.0,"latest":322.0,"latestYear":2013,"years":47}},{"type":"Feature","geometry":{"type":"Point","coordinates":[138.265629,36.971917]},"properties":{"name":"新井","addr":"新潟県妙高市小原新田","org":"新潟県","avg":956.3,"max":2090.0,"latest":436.0,"latestYear":2013,"years":37}},{"type":"Feature","geometry":{"type":"Point","coordinates":[138.216951,36.933729]},"properties":{"name":"関山","addr":"新潟県妙高市関山","org":"新潟県","avg":1368.3,"max":2532.0,"latest":1275.0,"latestYear":2013,"years":51}},{"type":"Feature","geometry":{"type":"Point","coordinates":[138.177356,36.892005]},"properties":{"name":"赤倉","addr":"新潟県妙高市赤倉","org":"新潟県","avg":1866.3,"max":3393.0,"latest":1969.0,"latestYear":2013,"years":41}},{"type":"Feature","geometry":{"type":"Point","coordinates":[138.101367,37.112469]},"properties":{"name":"森","addr":"新潟県上越市名立区森","org":"新潟県","avg":668.5,"max":1576.0,"latest":510.5,"latestYear":2013,"years":47}},{"type":"Feature","geometry":{"type":"Point","coordinates":[137.878208,37.045555]},"properties":{"name":"糸魚川","addr":"新潟県糸魚川市南押上","org":"新潟県","avg":335.4,"max":932.0,"latest":177.0,"latestYear":2013,"years":51}},{"type":"Feature","geometry":{"type":"Point","coordinates":[137.863426,36.947479]},"properties":{"name":"根小屋","addr":"新潟県糸魚川市大字大工屋敷","org":"新潟県","avg":1009.1,"max":1805.0,"latest":884.0,"latestYear":2013,"years":47}},{"type":"Feature","geometry":{"type":"Point","coordinates":[137.983327,37.028389]},"properties":{"name":"音坂","addr":"新潟県糸魚川市大字土塩","org":"新潟県","avg":930.0,"max":2331.0,"latest":703.5,"latestYear":2013,"years":51}},{"type":"Feature","geometry":{"type":"Point","coordinates":[138.43959,38.078522]},"properties":{"name":"両津","addr":"新潟県佐渡市湊","org":"新潟県","avg":200.0,"max":545.0,"latest":128.0,"latestYear":2013,"years":49}},{"type":"Feature","geometry":{"type":"Point","coordinates":[138.385979,37.909108]},"properties":{"name":"赤泊","addr":"新潟県佐渡市上川茂","org":"新潟県","avg":318.2,"max":647.0,"latest":288.0,"latestYear":2013,"years":37}},{"type":"Feature","geometry":{"type":"Point","coordinates":[138.456674,37.106665]},"properties":{"name":"安塚","addr":"上越市安塚区和田","org":"国土交通省気象庁","avg":967.6,"max":1913.0,"latest":726.0,"latestYear":2013,"years":34}},{"type":"Feature","geometry":{"type":"Point","coordinates":[139.563348,38.091664]},"properties":{"name":"下関","addr":"岩船郡関川村下関","org":"国土交通省気象庁","avg":617.3,"max":1219.0,"latest":466.0,"latestYear":2013,"years":34}},{"type":"Feature","geometry":{"type":"Point","coordinates":[138.221673,36.933332]},"properties":{"name":"関山","addr":"妙高市大字関山字原田","org":"国土交通省気象庁","avg":1172.1,"max":1811.0,"latest":924.0,"latestYear":2013,"years":34}},{"type":"Feature","geometry":{"type":"Point","coordinates":[138.246674,37.106666]},"properties":{"name":"高田","addr":"上越市大手町　高田特別地域気象観測所","org":"国土交通省気象庁","avg":613.4,"max":1494.0,"latest":420.0,"latestYear":2013,"years":62}},{"type":"Feature","geometry":{"type":"Point","coordinates":[139.043342,37.346665]},"properties":{"name":"守門","addr":"魚沼市西名","org":"国土交通省気象庁","avg":1343.6,"max":1965.0,"latest":990.0,"latestYear":2013,"years":34}},{"type":"Feature","geometry":{"type":"Point","coordinates":[138.726675,37.143333]},"properties":{"name":"十日町","addr":"十日町市小泉字北原","org":"国土交通省気象庁","avg":1145.5,"max":2187.0,"latest":845.0,"latestYear":2013,"years":34}},{"type":"Feature","geometry":{"type":"Point","coordinates":[138.963342,37.226666]},"properties":{"name":"小出","addr":"魚沼市佐梨","org":"国土交通省気象庁","avg":1025.3,"max":1599.0,"latest":824.0,"latestYear":2013,"years":34}},{"type":"Feature","geometry":{"type":"Point","coordinates":[139.018344,37.893331]},"properties":{"name":"新潟","addr":"新潟市中央区美咲町　新潟地方気象台","org":"国土交通省気象庁","avg":169.8,"max":422.0,"latest":64.0,"latestYear":2013,"years":62}},{"type":"Feature","geometry":{"type":"Point","coordinates":[139.086678,37.791665]},"properties":{"name":"新津","addr":"新潟市秋葉区小戸上組","org":"国土交通省気象庁","avg":319.2,"max":765.0,"latest":102.0,"latestYear":2013,"years":32}},{"type":"Feature","geometry":{"type":"Point","coordinates":[138.240009,38.028331]},"properties":{"name":"相川","addr":"佐渡市相川三町目新浜町　相川特別地域気象観測所","org":"国土交通省気象庁","avg":94.0,"max":275.0,"latest":29.0,"latestYear":2013,"years":61}},{"type":"Feature","geometry":{"type":"Point","coordinates":[138.823342,37.449999]},"properties":{"name":"長岡","addr":"長岡市緑町","org":"国土交通省気象庁","avg":611.6,"max":1656.0,"latest":439.0,"latestYear":2013,"years":34}},{"type":"Feature","geometry":{"type":"Point","coordinates":[139.446679,37.671665]},"properties":{"name":"津川","addr":"東蒲原郡阿賀町津川","org":"国土交通省気象庁","avg":746.6,"max":1167.0,"latest":655.0,"latestYear":2013,"years":34}},{"type":"Feature","geometry":{"type":"Point","coordinates":[138.683333,36.996667]},"properties":{"name":"津南","addr":"中魚沼郡津南町中深見乙","org":"国土交通省気象庁","avg":1361.1,"max":1939.0,"latest":1300.0,"latestYear":2013,"years":25}},{"type":"Feature","geometry":{"type":"Point","coordinates":[138.810007,36.941666]},"properties":{"name":"湯沢","addr":"南魚沼郡湯沢町湯沢字中島川原","org":"国土交通省気象庁","avg":1174.4,"max":1888.0,"latest":1012.0,"latestYear":2013,"years":32}},{"type":"Feature","geometry":{"type":"Point","coordinates":[138.02334,37.083332]},"properties":{"name":"能生","addr":"糸魚川市大字平","org":"国土交通省気象庁","avg":616.9,"max":1251.0,"latest":459.0,"latestYear":2013,"years":34}},{"type":"Feature","geometry":{"type":"Point","coordinates":[138.553341,37.351666]},"properties":{"name":"柏崎","addr":"柏崎市元城町","org":"国土交通省気象庁","avg":366.9,"max":940.0,"latest":275.0,"latestYear":2013,"years":34}},{"type":"Feature","geometry":{"type":"Point","coordinates":[137.616686,36.966676]},"properties":{"name":"境","addr":"下新川郡朝日町境","org":"北陸地方整備局","avg":142.0,"max":142.0,"latest":142.0,"latestYear":2013,"years":1}},{"type":"Feature","geometry":{"type":"Point","coordinates":[137.500018,36.933338]},"properties":{"name":"椚山","addr":"下新川郡入善町椚山","org":"北陸地方整備局","avg":151.0,"max":151.0,"latest":151.0,"latestYear":2013,"years":1}},{"type":"Feature","geometry":{"type":"Point","coordinates":[137.483344,36.916676]},"properties":{"name":"上野","addr":"入善町青木(入善黒部BP入善除雪ST)","org":"北陸地方整備局","avg":174.0,"max":174.0,"latest":174.0,"latestYear":2013,"years":1}},{"type":"Feature","geometry":{"type":"Point","coordinates":[137.433351,36.883348]},"properties":{"name":"出島","addr":"黒部市出島(入善黒部BP)","org":"北陸地方整備局","avg":17.0,"max":17.0,"latest":17.0,"latestYear":2013,"years":1}},{"type":"Feature","geometry":{"type":"Point","coordinates":[137.366685,36.766667]},"properties":{"name":"北野１","addr":"滑川市北野","org":"北陸地方整備局","avg":211.0,"max":211.0,"latest":211.0,"latestYear":2013,"years":1}},{"type":"Feature","geometry":{"type":"Point","coordinates":[137.450016,36.866679]},"properties":{"name":"黒部国道維持","addr":"黒部国道維持出張所","org":"北陸地方整備局","avg":184.0,"max":184.0,"latest":184.0,"latestYear":2013,"years":1}},{"type":"Feature","geometry":{"type":"Point","coordinates":[137.233342,36.483338]},"properties":{"name":"片掛１","addr":"富山市片掛","org":"北陸地方整備局","avg":235.0,"max":235.0,"latest":235.0,"latestYear":2013,"years":1}},{"type":"Feature","geometry":{"type":"Point","coordinates":[137.216685,36.516681]},"properties":{"name":"楡原","addr":"富山市楡原(猪谷楡原道路)","org":"北陸地方整備局","avg":706.0,"max":706.0,"latest":706.0,"latestYear":2013,"years":1}},{"type":"Feature","geometry":{"type":"Point","coordinates":[137.216681,36.533346]},"properties":{"name":"岩稲","addr":"富山市岩稲","org":"北陸地方整備局","avg":584.0,"max":584.0,"latest":584.0,"latestYear":2013,"years":1}},{"type":"Feature","geometry":{"type":"Point","coordinates":[137.20002,36.550006]},"properties":{"name":"笹津","addr":"富山市笹津","org":"北陸地方整備局","avg":497.0,"max":497.0,"latest":497.0,"latestYear":2013,"years":1}},{"type":"Feature","geometry":{"type":"Point","coordinates":[137.200009,36.583341]},"properties":{"name":"大沢野","addr":"富山市上二杉","org":"北陸地方整備局","avg":444.0,"max":444.0,"latest":444.0,"latestYear":2013,"years":1}},{"type":"Feature","geometry":{"type":"Point","coordinates":[137.31668,36.716676]},"properties":{"name":"久金１","addr":"中新川郡上市町久金","org":"北陸地方整備局","avg":83.0,"max":83.0,"latest":83.0,"latestYear":2013,"years":1}},{"type":"Feature","geometry":{"type":"Point","coordinates":[137.216679,36.716679]},"properties":{"name":"富山国道維持","addr":"富山国道維持出張所","org":"北陸地方整備局","avg":69.0,"max":69.0,"latest":69.0,"latestYear":2013,"years":1}},{"type":"Feature","geometry":{"type":"Point","coordinates":[137.083338,36.75]},"properties":{"name":"鏡宮","addr":"射水市鏡宮","org":"北陸地方整備局","avg":87.0,"max":87.0,"latest":87.0,"latestYear":2013,"years":1}},{"type":"Feature","geometry":{"type":"Point","coordinates":[137.006261,36.557542]},"properties":{"name":"小牧","addr":"砺波市庄川町小牧","org":"北陸地方整備局","avg":481.0,"max":481.0,"latest":481.0,"latestYear":2013,"years":1}},{"type":"Feature","geometry":{"type":"Point","coordinates":[136.950015,36.633348]},"properties":{"name":"砺波","addr":"砺波除雪ステーション","org":"北陸地方整備局","avg":89.0,"max":89.0,"latest":89.0,"latestYear":2013,"years":1}},{"type":"Feature","geometry":{"type":"Point","coordinates":[137.016681,36.91667]},"properties":{"name":"大境１","addr":"氷見市大境","org":"北陸地方整備局","avg":36.0,"max":36.0,"latest":36.0,"latestYear":2013,"years":1}},{"type":"Feature","geometry":{"type":"Point","coordinates":[137.000005,36.766672]},"properties":{"name":"高岡国道維持","addr":"高岡国道維持出張所","org":"北陸地方整備局","avg":113.0,"max":113.0,"latest":113.0,"latestYear":2013,"years":1}},{"type":"Feature","geometry":{"type":"Point","coordinates":[137.000008,36.916666]},"properties":{"name":"灘浦ＩＣ","addr":"氷見市灘浦(灘浦IC）","org":"北陸地方整備局","avg":98.0,"max":98.0,"latest":98.0,"latestYear":2013,"years":1}},{"type":"Feature","geometry":{"type":"Point","coordinates":[136.950011,36.850008]},"properties":{"name":"氷見IC","addr":"氷見市中大野(氷見除雪ST)","org":"北陸地方整備局","avg":39.0,"max":39.0,"latest":39.0,"latestYear":2013,"years":1}},{"type":"Feature","geometry":{"type":"Point","coordinates":[136.966684,36.76667]},"properties":{"name":"高岡北","addr":"高岡市五十里(高岡北IC)","org":"北陸地方整備局","avg":281.0,"max":281.0,"latest":281.0,"latestYear":2013,"years":1}},{"type":"Feature","geometry":{"type":"Point","coordinates":[136.850014,36.683337]},"properties":{"name":"桜町","addr":"小矢部市桜町","org":"北陸地方整備局","avg":359.0,"max":359.0,"latest":359.0,"latestYear":2013,"years":1}},{"type":"Feature","geometry":{"type":"Point","coordinates":[137.383346,36.766675]},"properties":{"name":"大掛","addr":"滑川市大掛","org":"北陸地方整備局","avg":171.0,"max":171.0,"latest":171.0,"latestYear":2013,"years":1}},{"type":"Feature","geometry":{"type":"Point","coordinates":[136.81668,36.666675]},"properties":{"name":"小矢部","addr":"小矢部市安楽寺","org":"北陸地方整備局","avg":196.0,"max":196.0,"latest":196.0,"latestYear":2013,"years":1}},{"type":"Feature","geometry":{"type":"Point","coordinates":[137.356297,36.761059]},"properties":{"name":"滑川消防署","addr":"滑川市上小泉24番地","org":"滑川市","avg":204.0,"max":204.0,"latest":204.0,"latestYear":2013,"years":1}},{"type":"Feature","geometry":{"type":"Point","coordinates":[137.356297,36.761059]},"properties":{"name":"滑川市消防本部","addr":"滑川市上小泉24番地","org":"滑川市","avg":283.8,"max":1095.5,"latest":295.0,"latestYear":2012,"years":30}},{"type":"Feature","geometry":{"type":"Point","coordinates":[137.450791,36.861873]},"properties":{"name":"黒部消防署２","addr":"黒部市前沢","org":"黒部市","avg":300.9,"max":736.0,"latest":508.0,"latestYear":2011,"years":52}},{"type":"Feature","geometry":{"type":"Point","coordinates":[137.455813,36.880495]},"properties":{"name":"黒部消防署","addr":"黒部市植木761-1","org":"黒部市","avg":198.0,"max":234.0,"latest":162.0,"latestYear":2013,"years":2}},{"type":"Feature","geometry":{"type":"Point","coordinates":[137.581645,36.815691]},"properties":{"name":"宇奈月消防署","addr":"黒部市宇奈月温泉322番地3","org":"黒部市","avg":581.6,"max":1072.0,"latest":487.0,"latestYear":2013,"years":44}},{"type":"Feature","geometry":{"type":"Point","coordinates":[137.363407,36.700751]},"properties":{"name":"上市中央小学校","addr":"中新川郡上市町横法音寺１","org":"上市町","avg":733.0,"max":1726.0,"latest":415.0,"latestYear":2013,"years":9}},{"type":"Feature","geometry":{"type":"Point","coordinates":[136.896913,36.879296]},"properties":{"name":"熊無","addr":"氷見市熊無","org":"氷見市","avg":338.0,"max":338.0,"latest":338.0,"latestYear":2013,"years":1}},{"type":"Feature","geometry":{"type":"Point","coordinates":[136.982382,36.846754]},"properties":{"name":"氷見","addr":"氷見市朝日丘9番地24号","org":"氷見市","avg":627.0,"max":627.0,"latest":627.0,"latestYear":2013,"years":1}},{"type":"Feature","geometry":{"type":"Point","coordinates":[136.880532,36.795239]},"properties":{"name":"赤毛","addr":"氷見市赤毛","org":"氷見市","avg":337.0,"max":337.0,"latest":337.0,"latestYear":2013,"years":1}},{"type":"Feature","geometry":{"type":"Point","coordinates":[136.946069,36.942812]},"properties":{"name":"小滝","addr":"氷見市小滝","org":"氷見市","avg":241.0,"max":241.0,"latest":241.0,"latestYear":2013,"years":1}},{"type":"Feature","geometry":{"type":"Point","coordinates":[136.927797,36.784782]},"properties":{"name":"脇之谷内","addr":"氷見市仏生寺","org":"氷見市","avg":234.0,"max":234.0,"latest":234.0,"latestYear":2013,"years":1}},{"type":"Feature","geometry":{"type":"Point","coordinates":[136.872293,36.847619]},"properties":{"name":"床鍋","addr":"氷見市床鍋","org":"氷見市","avg":493.0,"max":493.0,"latest":493.0,"latestYear":2013,"years":1}},{"type":"Feature","geometry":{"type":"Point","coordinates":[137.319361,36.661994]},"properties":{"name":"立山町消防署","addr":"中新川郡立山町米沢３６","org":"立山町","avg":354.4,"max":485.0,"latest":192.0,"latestYear":2013,"years":5}},{"type":"Feature","geometry":{"type":"Point","coordinates":[137.502808,36.933969]},"properties":{"name":"入善町消防本部","addr":"下新川郡入善町入膳3520-1","org":"入善町","avg":308.3,"max":469.0,"latest":202.0,"latestYear":2012,"years":3}},{"type":"Feature","geometry":{"type":"Point","coordinates":[137.502808,36.933969]},"properties":{"name":"入善消防署","addr":"下新川郡入善町入膳3520-1","org":"入善町","avg":122.0,"max":122.0,"latest":122.0,"latestYear":2013,"years":1}},{"type":"Feature","geometry":{"type":"Point","coordinates":[137.496352,36.935463]},"properties":{"name":"入善","addr":"下新川郡入善町上野11473","org":"富山県","avg":240.7,"max":465.0,"latest":214.0,"latestYear":2013,"years":14}},{"type":"Feature","geometry":{"type":"Point","coordinates":[137.557566,36.833671]},"properties":{"name":"宇奈月","addr":"黒部市宇奈月町内山","org":"富山県","avg":881.3,"max":1213.0,"latest":1095.0,"latestYear":2013,"years":14}},{"type":"Feature","geometry":{"type":"Point","coordinates":[137.593152,36.904478]},"properties":{"name":"蛭谷","addr":"下新川郡朝日町蛭谷436","org":"富山県","avg":674.4,"max":1593.0,"latest":527.0,"latestYear":2013,"years":14}},{"type":"Feature","geometry":{"type":"Point","coordinates":[137.504167,36.830378]},"properties":{"name":"黒部","addr":"黒部市笠破","org":"富山県","avg":624.5,"max":1007.0,"latest":505.0,"latestYear":2013,"years":14}},{"type":"Feature","geometry":{"type":"Point","coordinates":[137.403585,36.807231]},"properties":{"name":"新宿","addr":"魚津市住吉","org":"富山県","avg":362.0,"max":774.0,"latest":238.0,"latestYear":2013,"years":14}},{"type":"Feature","geometry":{"type":"Point","coordinates":[137.470794,36.792457]},"properties":{"name":"島尻","addr":"魚津市島尻818","org":"富山県","avg":799.2,"max":1453.0,"latest":570.0,"latestYear":2013,"years":14}},{"type":"Feature","geometry":{"type":"Point","coordinates":[137.395224,36.74546]},"properties":{"name":"大崎野","addr":"滑川市大崎野45","org":"富山県","avg":510.4,"max":780.0,"latest":423.0,"latestYear":2013,"years":14}},{"type":"Feature","geometry":{"type":"Point","coordinates":[137.464021,36.831893]},"properties":{"name":"西布施","addr":"魚津市長引野152","org":"富山県","avg":549.4,"max":932.0,"latest":410.0,"latestYear":2013,"years":14}},{"type":"Feature","geometry":{"type":"Point","coordinates":[137.311753,36.663462]},"properties":{"name":"立山","addr":"中新川郡立山町前沢2359-5","org":"富山県","avg":524.4,"max":994.0,"latest":367.0,"latestYear":2013,"years":14}},{"type":"Feature","geometry":{"type":"Point","coordinates":[137.444749,36.583289]},"properties":{"name":"芦峅寺","addr":"中新川郡立山町芦峅寺字野口割","org":"富山県","avg":1269.1,"max":1843.0,"latest":1467.0,"latestYear":2013,"years":14}},{"type":"Feature","geometry":{"type":"Point","coordinates":[137.318348,36.734539]},"properties":{"name":"水橋","addr":"富山市水橋小出","org":"富山県","avg":315.1,"max":895.0,"latest":87.0,"latestYear":2013,"years":14}},{"type":"Feature","geometry":{"type":"Point","coordinates":[137.393439,36.66546]},"properties":{"name":"大岩","addr":"中新川郡上市町大岩","org":"富山県","avg":497.1,"max":801.0,"latest":411.0,"latestYear":2013,"years":14}},{"type":"Feature","geometry":{"type":"Point","coordinates":[137.451813,36.679843]},"properties":{"name":"蓬沢","addr":"中新川郡上市町折戸120","org":"富山県","avg":984.9,"max":1415.0,"latest":1052.0,"latestYear":2013,"years":14}},{"type":"Feature","geometry":{"type":"Point","coordinates":[137.203493,36.694963]},"properties":{"name":"富山","addr":"富山市安野屋町1","org":"富山県","avg":352.3,"max":823.0,"latest":161.0,"latestYear":2013,"years":14}},{"type":"Feature","geometry":{"type":"Point","coordinates":[137.125731,36.564609]},"properties":{"name":"八尾","addr":"富山市八尾町上田池","org":"富山県","avg":1105.6,"max":7354.0,"latest":447.0,"latestYear":2013,"years":14}},{"type":"Feature","geometry":{"type":"Point","coordinates":[137.080208,36.479391]},"properties":{"name":"大長谷","addr":"富山市八尾町内名88","org":"富山県","avg":1144.8,"max":1958.0,"latest":1119.0,"latestYear":2013,"years":14}},{"type":"Feature","geometry":{"type":"Point","coordinates":[137.290493,36.60552]},"properties":{"name":"大山","addr":"富山市文珠寺1739","org":"富山県","avg":603.8,"max":956.0,"latest":461.0,"latestYear":2013,"years":14}},{"type":"Feature","geometry":{"type":"Point","coordinates":[137.414675,36.569645]},"properties":{"name":"原","addr":"富山市原","org":"富山県","avg":1171.1,"max":1528.0,"latest":1218.0,"latestYear":2013,"years":14}},{"type":"Feature","geometry":{"type":"Point","coordinates":[137.070075,36.626081]},"properties":{"name":"婦中","addr":"富山市婦中町鶚谷","org":"富山県","avg":714.3,"max":1173.0,"latest":582.0,"latestYear":2013,"years":14}},{"type":"Feature","geometry":{"type":"Point","coordinates":[137.075108,36.573809]},"properties":{"name":"鎌倉","addr":"富山市山田鎌倉","org":"富山県","avg":698.3,"max":961.0,"latest":495.0,"latestYear":2013,"years":13}},{"type":"Feature","geometry":{"type":"Point","coordinates":[137.022427,36.73275]},"properties":{"name":"高岡","addr":"高岡市赤祖父211","org":"富山県","avg":344.1,"max":651.0,"latest":146.0,"latestYear":2013,"years":14}},{"type":"Feature","geometry":{"type":"Point","coordinates":[137.132123,36.769999]},"properties":{"name":"古明神","addr":"射水市古明神","org":"富山県","avg":302.8,"max":516.0,"latest":200.0,"latestYear":2013,"years":14}},{"type":"Feature","geometry":{"type":"Point","coordinates":[136.976137,36.778689]},"properties":{"name":"五十里","addr":"高岡市五十里","org":"富山県","avg":447.6,"max":673.0,"latest":310.0,"latestYear":2013,"years":13}},{"type":"Feature","geometry":{"type":"Point","coordinates":[137.077653,36.69654]},"properties":{"name":"五歩一","addr":"射水市橋下条五歩一","org":"富山県","avg":315.7,"max":485.0,"latest":144.0,"latestYear":2013,"years":13}},{"type":"Feature","geometry":{"type":"Point","coordinates":[136.854733,36.775166]},"properties":{"name":"沢川","addr":"高岡市福岡町沢川659","org":"富山県","avg":990.1,"max":2087.0,"latest":1055.0,"latestYear":2013,"years":14}},{"type":"Feature","geometry":{"type":"Point","coordinates":[136.909366,36.713303]},"properties":{"name":"下向田","addr":"高岡市福岡町下向田","org":"富山県","avg":521.4,"max":942.0,"latest":178.0,"latestYear":2013,"years":14}},{"type":"Feature","geometry":{"type":"Point","coordinates":[136.893887,36.733052]},"properties":{"name":"栃丘","addr":"高岡市福岡町栃丘","org":"富山県","avg":620.4,"max":1283.0,"latest":388.0,"latestYear":2013,"years":13}},{"type":"Feature","geometry":{"type":"Point","coordinates":[136.924424,36.628299]},"properties":{"name":"鷹栖","addr":"砺波市鷹栖","org":"富山県","avg":469.9,"max":847.0,"latest":253.0,"latestYear":2013,"years":14}},{"type":"Feature","geometry":{"type":"Point","coordinates":[137.037157,36.591941]},"properties":{"name":"井栗谷","addr":"砺波市井栗谷","org":"富山県","avg":912.2,"max":1613.0,"latest":568.0,"latestYear":2013,"years":14}},{"type":"Feature","geometry":{"type":"Point","coordinates":[136.854322,36.578408]},"properties":{"name":"福光","addr":"南砺市川西","org":"富山県","avg":548.7,"max":898.0,"latest":415.0,"latestYear":2013,"years":14}},{"type":"Feature","geometry":{"type":"Point","coordinates":[137.013457,36.421986]},"properties":{"name":"坂上","addr":"南砺市利賀村坂上","org":"富山県","avg":1495.7,"max":2382.0,"latest":1399.0,"latestYear":2013,"years":14}},{"type":"Feature","geometry":{"type":"Point","coordinates":[137.028862,36.517564]},"properties":{"name":"利賀","addr":"南砺市利賀村高沼","org":"富山県","avg":1230.4,"max":1996.0,"latest":840.0,"latestYear":2013,"years":14}},{"type":"Feature","geometry":{"type":"Point","coordinates":[136.886649,36.400262]},"properties":{"name":"菅沼","addr":"南砺市菅沼","org":"富山県","avg":1493.2,"max":2151.0,"latest":2143.0,"latestYear":2011,"years":12}},{"type":"Feature","geometry":{"type":"Point","coordinates":[136.929146,36.446537]},"properties":{"name":"砺波・平","addr":"南砺市梨谷","org":"富山県","avg":1273.6,"max":1598.0,"latest":1098.0,"latestYear":2013,"years":14}},{"type":"Feature","geometry":{"type":"Point","coordinates":[136.975778,36.497184]},"properties":{"name":"新山","addr":"南砺市利賀村新山","org":"富山県","avg":1044.6,"max":1583.0,"latest":827.0,"latestYear":2013,"years":14}},{"type":"Feature","geometry":{"type":"Point","coordinates":[136.900165,36.474191]},"properties":{"name":"大鋸屋","addr":"南砺市大鋸屋","org":"富山県","avg":1000.1,"max":1580.0,"latest":640.0,"latestYear":2013,"years":14}},{"type":"Feature","geometry":{"type":"Point","coordinates":[136.971587,36.564966]},"properties":{"name":"井波","addr":"南砺市井波520","org":"富山県","avg":625.8,"max":1033.0,"latest":522.0,"latestYear":2013,"years":13}},{"type":"Feature","geometry":{"type":"Point","coordinates":[136.982384,36.84676]},"properties":{"name":"氷見","addr":"氷見市朝日丘","org":"富山県","avg":677.0,"max":1033.0,"latest":522.0,"latestYear":2013,"years":13}},{"type":"Feature","geometry":{"type":"Point","coordinates":[136.943395,36.785866]},"properties":{"name":"脇之谷内","addr":"氷見市仏生寺","org":"富山県","avg":439.7,"max":765.0,"latest":208.0,"latestYear":2013,"years":14}},{"type":"Feature","geometry":{"type":"Point","coordinates":[136.940136,36.937713]},"properties":{"name":"国見","addr":"氷見市国見","org":"富山県","avg":428.8,"max":923.0,"latest":224.0,"latestYear":2013,"years":14}},{"type":"Feature","geometry":{"type":"Point","coordinates":[136.896905,36.87929]},"properties":{"name":"熊無","addr":"氷見市熊無","org":"富山県","avg":491.7,"max":931.0,"latest":340.0,"latestYear":2013,"years":14}},{"type":"Feature","geometry":{"type":"Point","coordinates":[136.880779,36.795144]},"properties":{"name":"赤毛","addr":"氷見市赤毛","org":"富山県","avg":552.1,"max":944.0,"latest":377.0,"latestYear":2013,"years":14}},{"type":"Feature","geometry":{"type":"Point","coordinates":[136.992892,36.962714]},"properties":{"name":"氷見・平","addr":"氷見市平","org":"富山県","avg":629.5,"max":1389.0,"latest":440.0,"latestYear":2013,"years":13}},{"type":"Feature","geometry":{"type":"Point","coordinates":[136.879098,36.674826]},"properties":{"name":"小矢部","addr":"小矢部市今石動町2-13-1","org":"富山県","avg":336.0,"max":615.0,"latest":175.0,"latestYear":2013,"years":14}},{"type":"Feature","geometry":{"type":"Point","coordinates":[136.79182,36.619153]},"properties":{"name":"内山","addr":"小矢部市内山","org":"富山県","avg":478.7,"max":708.0,"latest":294.0,"latestYear":2013,"years":14}},{"type":"Feature","geometry":{"type":"Point","coordinates":[136.819043,36.700387]},"properties":{"name":"岩尾滝","addr":"小矢部市岩尾滝","org":"富山県","avg":688.0,"max":1301.0,"latest":396.0,"latestYear":2013,"years":14}},{"type":"Feature","geometry":{"type":"Point","coordinates":[137.428338,36.821666]},"properties":{"name":"魚津","addr":"魚津市六郎丸","org":"国土交通省気象庁","avg":396.5,"max":1099.0,"latest":253.0,"latestYear":2013,"years":34}},{"type":"Feature","geometry":{"type":"Point","coordinates":[137.23667,36.473332]},"properties":{"name":"猪谷","addr":"富山市猪谷","org":"国土交通省気象庁","avg":731.3,"max":1234.0,"latest":572.0,"latestYear":2013,"years":34}},{"type":"Feature","geometry":{"type":"Point","coordinates":[136.955004,36.609999]},"properties":{"name":"砺波","addr":"砺波市五郎丸","org":"国土交通省気象庁","avg":418.4,"max":898.0,"latest":313.0,"latestYear":2013,"years":34}},{"type":"Feature","geometry":{"type":"Point","coordinates":[137.551672,36.951665]},"properties":{"name":"泊","addr":"下新川郡朝日町東草野","org":"国土交通省気象庁","avg":288.3,"max":809.0,"latest":182.0,"latestYear":2013,"years":34}},{"type":"Feature","geometry":{"type":"Point","coordinates":[136.960005,36.863332]},"properties":{"name":"氷見","addr":"氷見市七分一","org":"国土交通省気象庁","avg":248.2,"max":599.0,"latest":133.0,"latestYear":2013,"years":25}},{"type":"Feature","geometry":{"type":"Point","coordinates":[137.201671,36.708332]},"properties":{"name":"富山","addr":"富山市石坂　富山地方気象台","org":"国土交通省気象庁","avg":361.8,"max":771.0,"latest":161.0,"latestYear":2013,"years":62}},{"type":"Feature","geometry":{"type":"Point","coordinates":[137.055005,36.791666]},"properties":{"name":"伏木","addr":"高岡市伏木古国府　伏木特別地域気象観測所","org":"国土交通省気象庁","avg":321.7,"max":753.0,"latest":136.0,"latestYear":2013,"years":62}},{"type":"Feature","geometry":{"type":"Point","coordinates":[136.583344,36.516669]},"properties":{"name":"松任除雪","addr":"白山市橋爪新田","org":"北陸地方整備局","avg":45.0,"max":45.0,"latest":45.0,"latestYear":2013,"years":1}},{"type":"Feature","geometry":{"type":"Point","coordinates":[136.616676,36.433346]},"properties":{"name":"鶴来１","addr":"白山市鶴来大国町","org":"北陸地方整備局","avg":213.0,"max":213.0,"latest":213.0,"latestYear":2013,"years":1}},{"type":"Feature","geometry":{"type":"Point","coordinates":[136.616684,36.41668]},"properties":{"name":"白山","addr":"白山市白山町","org":"北陸地方整備局","avg":420.0,"max":420.0,"latest":420.0,"latestYear":2013,"years":1}},{"type":"Feature","geometry":{"type":"Point","coordinates":[136.483345,36.383347]},"properties":{"name":"小松除雪","addr":"小松市八幡町","org":"北陸地方整備局","avg":133.0,"max":133.0,"latest":133.0,"latestYear":2013,"years":1}},{"type":"Feature","geometry":{"type":"Point","coordinates":[136.283342,36.266671]},"properties":{"name":"牛の谷","addr":"加賀市熊坂町北原","org":"北陸地方整備局","avg":155.0,"max":155.0,"latest":155.0,"latestYear":2013,"years":1}},{"type":"Feature","geometry":{"type":"Point","coordinates":[136.466685,36.366678]},"properties":{"name":"千木野","addr":"小松市千木野","org":"北陸地方整備局","avg":133.0,"max":133.0,"latest":133.0,"latestYear":2013,"years":1}},{"type":"Feature","geometry":{"type":"Point","coordinates":[136.883348,36.950007]},"properties":{"name":"小竹","addr":"鹿島郡中能登町小竹","org":"北陸地方整備局","avg":108.0,"max":108.0,"latest":108.0,"latestYear":2013,"years":1}},{"type":"Feature","geometry":{"type":"Point","coordinates":[136.766678,36.833343]},"properties":{"name":"押水","addr":"羽咋郡宝達志水町宿","org":"北陸地方整備局","avg":58.0,"max":58.0,"latest":58.0,"latestYear":2013,"years":1}},{"type":"Feature","geometry":{"type":"Point","coordinates":[137.000007,37.050002]},"properties":{"name":"大田除雪","addr":"七尾市大田町","org":"北陸地方整備局","avg":8.0,"max":8.0,"latest":8.0,"latestYear":2013,"years":1}},{"type":"Feature","geometry":{"type":"Point","coordinates":[137.000015,37.05]},"properties":{"name":"大田１","addr":"七尾市大田町","org":"北陸地方整備局","avg":6.0,"max":6.0,"latest":6.0,"latestYear":2013,"years":1}},{"type":"Feature","geometry":{"type":"Point","coordinates":[137.016676,37.050001]},"properties":{"name":"沢野２","addr":"七尾市沢野町","org":"北陸地方整備局","avg":35.0,"max":35.0,"latest":35.0,"latestYear":2013,"years":1}},{"type":"Feature","geometry":{"type":"Point","coordinates":[136.916678,37.26667]},"properties":{"name":"穴水","addr":"鳳珠郡穴水町麦ケ浦","org":"北陸地方整備局","avg":275.0,"max":275.0,"latest":275.0,"latestYear":2013,"years":1}},{"type":"Feature","geometry":{"type":"Point","coordinates":[136.783343,36.666673]},"properties":{"name":"九折","addr":"河北郡津幡町刈安","org":"北陸地方整備局","avg":159.0,"max":159.0,"latest":159.0,"latestYear":2013,"years":1}},{"type":"Feature","geometry":{"type":"Point","coordinates":[136.733338,36.683334]},"properties":{"name":"津幡","addr":"河北郡津幡町庄","org":"北陸地方整備局","avg":39.0,"max":39.0,"latest":39.0,"latestYear":2013,"years":1}},{"type":"Feature","geometry":{"type":"Point","coordinates":[136.633337,36.583343]},"properties":{"name":"南新保","addr":"金沢市南新保町","org":"北陸地方整備局","avg":54.0,"max":54.0,"latest":54.0,"latestYear":2013,"years":1}},{"type":"Feature","geometry":{"type":"Point","coordinates":[136.700004,36.600001]},"properties":{"name":"月浦","addr":"金沢市月浦町","org":"北陸地方整備局","avg":143.0,"max":143.0,"latest":143.0,"latestYear":2013,"years":1}},{"type":"Feature","geometry":{"type":"Point","coordinates":[136.749298,36.778553]},"properties":{"name":"かほく市大海交流センター","addr":"かほく市夏栗い３４","org":"かほく市","avg":133.3,"max":241.0,"latest":36.0,"latestYear":2013,"years":6}},{"type":"Feature","geometry":{"type":"Point","coordinates":[136.457723,36.408353]},"properties":{"name":"小松市消防本部","addr":"小松市園町ホ110番地1","org":"小松市","avg":233.0,"max":496.0,"latest":82.0,"latestYear":1987,"years":22}},{"type":"Feature","geometry":{"type":"Point","coordinates":[136.542312,36.468637]},"properties":{"name":"能美広域事務組合消防本部川北分署","addr":"能美郡川北町壱ツ屋174番地","org":"川北町","avg":1634.8,"max":4077.0,"latest":364.0,"latestYear":2013,"years":5}},{"type":"Feature","geometry":{"type":"Point","coordinates":[136.901798,36.988848]},"properties":{"name":"鳥屋庁舎","addr":"鹿島郡中能登町末坂9部46番地","org":"中能登町","avg":233.5,"max":516.0,"latest":82.0,"latestYear":2013,"years":6}},{"type":"Feature","geometry":{"type":"Point","coordinates":[136.797326,36.737747]},"properties":{"name":"津幡町役場(河合谷町民センター)","addr":"河北郡津幡町上河合ロ23-1","org":"津幡町","avg":264.4,"max":439.0,"latest":201.0,"latestYear":2013,"years":11}},{"type":"Feature","geometry":{"type":"Point","coordinates":[136.797326,36.737747]},"properties":{"name":"津幡町役場(河合谷出張所)","addr":"河北郡津幡町上河合ロ23-1","org":"津幡町","avg":190.0,"max":323.0,"latest":160.0,"latestYear":2002,"years":8}},{"type":"Feature","geometry":{"type":"Point","coordinates":[136.643633,36.642989]},"properties":{"name":"内灘町消防本部","addr":"河北郡内灘町鶴ヶ丘2-610","org":"内灘町","avg":115.8,"max":445.5,"latest":78.5,"latestYear":2013,"years":25}},{"type":"Feature","geometry":{"type":"Point","coordinates":[136.635639,36.441237]},"properties":{"name":"石川土木","addr":"白山市八幡町イ20","org":"石川県","avg":268.9,"max":436.0,"latest":164.0,"latestYear":2013,"years":9}},{"type":"Feature","geometry":{"type":"Point","coordinates":[136.635639,36.441237]},"properties":{"name":"鶴木","addr":"白山市八幡町イ20","org":"石川県","avg":326.0,"max":326.0,"latest":326.0,"latestYear":2004,"years":1}},{"type":"Feature","geometry":{"type":"Point","coordinates":[136.678195,36.34744]},"properties":{"name":"河内","addr":"白山市河内町内尾","org":"石川県","avg":506.1,"max":705.0,"latest":316.0,"latestYear":2013,"years":10}},{"type":"Feature","geometry":{"type":"Point","coordinates":[136.605223,36.359396]},"properties":{"name":"鳥越","addr":"白山市別宮","org":"石川県","avg":361.1,"max":539.0,"latest":223.0,"latestYear":2013,"years":10}},{"type":"Feature","geometry":{"type":"Point","coordinates":[136.585822,36.300708]},"properties":{"name":"阿手","addr":"白山市数瀬町","org":"石川県","avg":486.7,"max":699.0,"latest":312.0,"latestYear":2013,"years":10}},{"type":"Feature","geometry":{"type":"Point","coordinates":[136.646593,36.308184]},"properties":{"name":"吉野谷","addr":"白山市木滑ヌ4","org":"石川県","avg":516.2,"max":730.0,"latest":284.0,"latestYear":2013,"years":10}},{"type":"Feature","geometry":{"type":"Point","coordinates":[136.649224,36.280718]},"properties":{"name":"尾口","addr":"白山市女原","org":"石川県","avg":549.2,"max":790.0,"latest":325.0,"latestYear":2013,"years":10}},{"type":"Feature","geometry":{"type":"Point","coordinates":[136.722811,36.262789]},"properties":{"name":"一里野","addr":"白山市尾添","org":"石川県","avg":690.6,"max":924.0,"latest":429.0,"latestYear":2013,"years":10}},{"type":"Feature","geometry":{"type":"Point","coordinates":[136.625529,36.178061]},"properties":{"name":"白峰","addr":"白山市白峰ニ110","org":"石川県","avg":664.5,"max":950.0,"latest":441.0,"latestYear":2013,"years":10}},{"type":"Feature","geometry":{"type":"Point","coordinates":[136.589617,36.146583]},"properties":{"name":"谷峠","addr":"白山市白峰（大道谷）","org":"石川県","avg":942.4,"max":1392.0,"latest":758.0,"latestYear":2013,"years":10}},{"type":"Feature","geometry":{"type":"Point","coordinates":[136.579484,36.480702]},"properties":{"name":"木津","addr":"白山市向島町","org":"石川県","avg":120.1,"max":184.0,"latest":60.0,"latestYear":2013,"years":10}},{"type":"Feature","geometry":{"type":"Point","coordinates":[136.493078,36.490704]},"properties":{"name":"美川","addr":"白山市美川浜町ヨ104","org":"石川県","avg":82.0,"max":140.0,"latest":57.0,"latestYear":2013,"years":10}},{"type":"Feature","geometry":{"type":"Point","coordinates":[136.565697,36.514461]},"properties":{"name":"倉光","addr":"白山市倉光2丁目1番地","org":"石川県","avg":259.0,"max":259.0,"latest":259.0,"latestYear":2005,"years":1}},{"type":"Feature","geometry":{"type":"Point","coordinates":[136.785237,36.590396]},"properties":{"name":"東原","addr":"金沢市東原町","org":"石川県","avg":312.2,"max":644.0,"latest":162.0,"latestYear":2013,"years":10}},{"type":"Feature","geometry":{"type":"Point","coordinates":[136.763599,36.490378]},"properties":{"name":"湯涌","addr":"金沢市古郷町","org":"石川県","avg":357.7,"max":495.0,"latest":252.0,"latestYear":2013,"years":9}},{"type":"Feature","geometry":{"type":"Point","coordinates":[136.763599,36.490378]},"properties":{"name":"芝原","addr":"金沢市古郷町","org":"石川県","avg":407.0,"max":407.0,"latest":407.0,"latestYear":2004,"years":1}},{"type":"Feature","geometry":{"type":"Point","coordinates":[136.67602,36.50444]},"properties":{"name":"別所","addr":"金沢市別所町イ18-3","org":"石川県","avg":300.2,"max":556.0,"latest":155.0,"latestYear":2013,"years":10}},{"type":"Feature","geometry":{"type":"Point","coordinates":[136.799843,36.735723]},"properties":{"name":"河合谷","addr":"河北郡津幡町上河合ホ8先","org":"石川県","avg":248.4,"max":502.0,"latest":113.0,"latestYear":2013,"years":10}},{"type":"Feature","geometry":{"type":"Point","coordinates":[136.814655,36.673894]},"properties":{"name":"倶利伽羅","addr":"河北郡津幡町九折","org":"石川県","avg":311.2,"max":515.0,"latest":138.0,"latestYear":2013,"years":10}},{"type":"Feature","geometry":{"type":"Point","coordinates":[136.745641,36.781649]},"properties":{"name":"高松","addr":"かほく市中沼","org":"石川県","avg":102.8,"max":225.0,"latest":29.0,"latestYear":2013,"years":10}},{"type":"Feature","geometry":{"type":"Point","coordinates":[136.772768,36.557339]},"properties":{"name":"二俣","addr":"金沢市二俣町","org":"石川県","avg":302.3,"max":631.0,"latest":156.0,"latestYear":2013,"years":10}},{"type":"Feature","geometry":{"type":"Point","coordinates":[136.635097,36.553957]},"properties":{"name":"県央土木","addr":"金沢市泉本町6丁目34","org":"石川県","avg":113.1,"max":244.0,"latest":46.0,"latestYear":2013,"years":9}},{"type":"Feature","geometry":{"type":"Point","coordinates":[136.756856,36.623205]},"properties":{"name":"加賀朝日","addr":"金沢市加賀朝日町ホ49","org":"石川県","avg":330.1,"max":606.0,"latest":606.0,"latestYear":2010,"years":7}},{"type":"Feature","geometry":{"type":"Point","coordinates":[136.737891,36.669324]},"properties":{"name":"津幡土木","addr":"河北郡津幡町加賀爪ヌ111番地","org":"石川県","avg":133.4,"max":252.0,"latest":50.0,"latestYear":2013,"years":9}},{"type":"Feature","geometry":{"type":"Point","coordinates":[136.551242,36.37319]},"properties":{"name":"上麦口","addr":"小松市上麦口町ホ120","org":"石川県","avg":248.5,"max":514.0,"latest":127.0,"latestYear":2013,"years":10}},{"type":"Feature","geometry":{"type":"Point","coordinates":[136.529012,36.293731]},"properties":{"name":"尾小屋","addr":"小松市尾小屋町","org":"石川県","avg":377.8,"max":559.0,"latest":432.0,"latestYear":2013,"years":10}},{"type":"Feature","geometry":{"type":"Point","coordinates":[136.507339,36.257803]},"properties":{"name":"大杉","addr":"小松市大杉町マ52","org":"石川県","avg":393.1,"max":536.0,"latest":294.0,"latestYear":2013,"years":10}},{"type":"Feature","geometry":{"type":"Point","coordinates":[136.345159,36.20025]},"properties":{"name":"我谷","addr":"加賀市山中温泉我谷町","org":"石川県","avg":258.0,"max":466.0,"latest":148.0,"latestYear":2013,"years":10}},{"type":"Feature","geometry":{"type":"Point","coordinates":[136.373194,36.255242]},"properties":{"name":"山中","addr":"加賀市山中温泉東桂木町ヌ11-2","org":"石川県","avg":196.5,"max":307.0,"latest":160.0,"latestYear":2013,"years":10}},{"type":"Feature","geometry":{"type":"Point","coordinates":[136.334495,36.350136]},"properties":{"name":"片山津","addr":"加賀市塩浜町105","org":"石川県","avg":46.9,"max":100.0,"latest":12.0,"latestYear":2013,"years":10}},{"type":"Feature","geometry":{"type":"Point","coordinates":[136.427829,36.320822]},"properties":{"name":"那谷","addr":"小松市上荒屋町カ40","org":"石川県","avg":127.7,"max":212.0,"latest":72.0,"latestYear":2013,"years":10}},{"type":"Feature","geometry":{"type":"Point","coordinates":[136.548985,36.44395]},"properties":{"name":"辰口","addr":"能美市辰口町432-1","org":"石川県","avg":106.4,"max":176.0,"latest":56.0,"latestYear":2013,"years":10}},{"type":"Feature","geometry":{"type":"Point","coordinates":[136.469909,36.45716]},"properties":{"name":"根上","addr":"能美市福島町","org":"石川県","avg":78.4,"max":225.0,"latest":116.0,"latestYear":2013,"years":10}},{"type":"Feature","geometry":{"type":"Point","coordinates":[136.46789,36.411973]},"properties":{"name":"南加賀土木","addr":"小松市白江町リ61-1","org":"石川県","avg":162.3,"max":366.0,"latest":72.0,"latestYear":2013,"years":7}},{"type":"Feature","geometry":{"type":"Point","coordinates":[136.360393,36.292051]},"properties":{"name":"山代","addr":"加賀市山代温泉20-41-1","org":"石川県","avg":149.0,"max":302.0,"latest":55.0,"latestYear":2013,"years":6}},{"type":"Feature","geometry":{"type":"Point","coordinates":[136.248535,36.296784]},"properties":{"name":"塩屋","addr":"加賀市塩屋町ニ32","org":"石川県","avg":70.0,"max":113.0,"latest":15.0,"latestYear":2013,"years":6}},{"type":"Feature","geometry":{"type":"Point","coordinates":[136.319177,36.298897]},"properties":{"name":"大聖寺土木","addr":"石川県加賀市幸町2-77","org":"石川県","avg":86.8,"max":135.0,"latest":30.0,"latestYear":2013,"years":6}},{"type":"Feature","geometry":{"type":"Point","coordinates":[136.541856,36.468924]},"properties":{"name":"川北","addr":"能美郡川北町壱ッ屋174","org":"石川県","avg":87.2,"max":199.0,"latest":7.0,"latestYear":2013,"years":10}},{"type":"Feature","geometry":{"type":"Point","coordinates":[136.817946,37.143567]},"properties":{"name":"西谷内","addr":"七尾市中島町藤瀬3-122-1","org":"石川県","avg":85.4,"max":174.0,"latest":25.0,"latestYear":2013,"years":10}},{"type":"Feature","geometry":{"type":"Point","coordinates":[136.982415,36.994885]},"properties":{"name":"滝尻","addr":"七尾市熊淵町シ51","org":"石川県","avg":309.1,"max":411.0,"latest":162.0,"latestYear":2013,"years":10}},{"type":"Feature","geometry":{"type":"Point","coordinates":[136.860528,36.884735]},"properties":{"name":"神子原","addr":"羽咋市神子原町","org":"石川県","avg":177.5,"max":309.0,"latest":85.0,"latestYear":2013,"years":10}},{"type":"Feature","geometry":{"type":"Point","coordinates":[136.824477,36.98271]},"properties":{"name":"上棚","addr":"羽咋郡志賀町上棚ト19先","org":"石川県","avg":119.0,"max":210.0,"latest":35.0,"latestYear":2013,"years":10}},{"type":"Feature","geometry":{"type":"Point","coordinates":[136.795938,37.189189]},"properties":{"name":"地保","addr":"羽咋郡志賀町鵜野屋ロ113-1","org":"石川県","avg":151.2,"max":239.0,"latest":83.0,"latestYear":2013,"years":10}},{"type":"Feature","geometry":{"type":"Point","coordinates":[136.716642,37.190095]},"properties":{"name":"深谷","addr":"羽咋郡志賀町大福寺ニ173-1","org":"石川県","avg":73.9,"max":134.0,"latest":29.0,"latestYear":2013,"years":9}},{"type":"Feature","geometry":{"type":"Point","coordinates":[136.76391,37.0907]},"properties":{"name":"荒屋","addr":"羽咋郡志賀町三明チ26","org":"石川県","avg":103.0,"max":193.0,"latest":39.0,"latestYear":2013,"years":10}},{"type":"Feature","geometry":{"type":"Point","coordinates":[136.847567,37.067581]},"properties":{"name":"大津","addr":"七尾市大津町","org":"石川県","avg":107.0,"max":198.0,"latest":34.0,"latestYear":2013,"years":10}},{"type":"Feature","geometry":{"type":"Point","coordinates":[136.777223,37.005318]},"properties":{"name":"高浜","addr":"羽咋郡志賀町高浜町ク37","org":"石川県","avg":65.5,"max":124.0,"latest":6.0,"latestYear":2013,"years":10}},{"type":"Feature","geometry":{"type":"Point","coordinates":[136.732533,37.142162]},"properties":{"name":"富来","addr":"羽咋郡志賀町富来高田3-52","org":"石川県","avg":72.7,"max":273.0,"latest":9.0,"latestYear":2013,"years":9}},{"type":"Feature","geometry":{"type":"Point","coordinates":[136.996316,37.124845]},"properties":{"name":"能登島","addr":"七尾市能登島町向田ろ1","org":"石川県","avg":99.7,"max":165.0,"latest":44.0,"latestYear":2013,"years":9}},{"type":"Feature","geometry":{"type":"Point","coordinates":[136.996316,37.124845]},"properties":{"name":"向田","addr":"七尾市能登島町向田ろ1","org":"石川県","avg":123.0,"max":123.0,"latest":123.0,"latestYear":2004,"years":1}},{"type":"Feature","geometry":{"type":"Point","coordinates":[136.918076,36.964977]},"properties":{"name":"二宮","addr":"鹿島郡中能登町井田4-1-1","org":"石川県","avg":125.0,"max":233.0,"latest":29.0,"latestYear":2013,"years":9}},{"type":"Feature","geometry":{"type":"Point","coordinates":[136.758212,36.821722]},"properties":{"name":"押水","addr":"羽咋郡宝達志水町小川ハ250番地","org":"石川県","avg":91.6,"max":199.0,"latest":28.0,"latestYear":2013,"years":10}},{"type":"Feature","geometry":{"type":"Point","coordinates":[136.797508,36.862783]},"properties":{"name":"志雄","addr":"羽咋郡宝達志水町子浦そ18番地","org":"石川県","avg":99.0,"max":202.0,"latest":12.0,"latestYear":2013,"years":10}},{"type":"Feature","geometry":{"type":"Point","coordinates":[136.846717,36.978885]},"properties":{"name":"上後山","addr":"鹿島郡中能登町上後山ヤ","org":"石川県","avg":149.6,"max":227.0,"latest":56.0,"latestYear":2013,"years":10}},{"type":"Feature","geometry":{"type":"Point","coordinates":[136.861934,36.95771]},"properties":{"name":"鹿西","addr":"鹿島郡中能登町能登部下","org":"石川県","avg":126.4,"max":192.0,"latest":22.0,"latestYear":2013,"years":10}},{"type":"Feature","geometry":{"type":"Point","coordinates":[136.793458,36.896817]},"properties":{"name":"羽咋土木","addr":"羽咋市石野町へ31","org":"石川県","avg":117.6,"max":207.0,"latest":17.0,"latestYear":2013,"years":9}},{"type":"Feature","geometry":{"type":"Point","coordinates":[136.793458,36.896817]},"properties":{"name":"羽咋","addr":"羽咋市石野町へ31","org":"石川県","avg":159.0,"max":159.0,"latest":159.0,"latestYear":2004,"years":1}},{"type":"Feature","geometry":{"type":"Point","coordinates":[136.857234,37.115928]},"properties":{"name":"中島","addr":"七尾市中島町中島乙","org":"石川県","avg":107.4,"max":185.0,"latest":46.0,"latestYear":2013,"years":10}},{"type":"Feature","geometry":{"type":"Point","coordinates":[137.03683,36.979265]},"properties":{"name":"花園","addr":"七尾市山崎町山61","org":"石川県","avg":183.0,"max":574.0,"latest":6.0,"latestYear":2013,"years":10}},{"type":"Feature","geometry":{"type":"Point","coordinates":[136.893644,37.060828]},"properties":{"name":"田鶴浜","addr":"七尾市田鶴浜町ニ120","org":"石川県","avg":128.7,"max":273.0,"latest":159.0,"latestYear":2012,"years":8}},{"type":"Feature","geometry":{"type":"Point","coordinates":[136.971486,37.040203]},"properties":{"name":"中能登土木","addr":"七尾市本府中町ソ27番9","org":"石川県","avg":149.6,"max":360.0,"latest":15.0,"latestYear":2013,"years":9}},{"type":"Feature","geometry":{"type":"Point","coordinates":[136.901549,36.98887]},"properties":{"name":"鳥屋","addr":"鹿島郡中能登町末坂9-46","org":"石川県","avg":235.9,"max":516.0,"latest":50.0,"latestYear":2013,"years":10}},{"type":"Feature","geometry":{"type":"Point","coordinates":[136.891803,36.920551]},"properties":{"name":"碁石ヶ峰","addr":"鹿島郡中能登町高畠原山分ハ1","org":"石川県","avg":522.7,"max":1319.0,"latest":283.0,"latestYear":2013,"years":10}},{"type":"Feature","geometry":{"type":"Point","coordinates":[136.85692,37.346817]},"properties":{"name":"縄又","addr":"輪島市縄又町85-1","org":"石川県","avg":121.2,"max":223.0,"latest":44.0,"latestYear":2013,"years":10}},{"type":"Feature","geometry":{"type":"Point","coordinates":[137.015003,37.272633]},"properties":{"name":"本木","addr":"鳳珠郡能登町本木","org":"石川県","avg":192.2,"max":329.0,"latest":35.0,"latestYear":2013,"years":10}},{"type":"Feature","geometry":{"type":"Point","coordinates":[136.893994,37.293741]},"properties":{"name":"三井","addr":"輪島市三井町市ノ坂ニ","org":"石川県","avg":197.0,"max":378.0,"latest":74.0,"latestYear":2013,"years":10}},{"type":"Feature","geometry":{"type":"Point","coordinates":[136.981049,37.305863]},"properties":{"name":"太田原","addr":"鳳珠郡能登町太田原","org":"石川県","avg":295.0,"max":428.0,"latest":146.0,"latestYear":2013,"years":10}},{"type":"Feature","geometry":{"type":"Point","coordinates":[137.199108,37.474026]},"properties":{"name":"大谷峠","addr":"珠洲市若山町宇都山","org":"石川県","avg":239.9,"max":454.0,"latest":159.0,"latestYear":2013,"years":9}},{"type":"Feature","geometry":{"type":"Point","coordinates":[137.176722,37.321349]},"properties":{"name":"十八束","addr":"鳳珠郡能登町時長","org":"石川県","avg":144.8,"max":252.0,"latest":19.0,"latestYear":2013,"years":10}},{"type":"Feature","geometry":{"type":"Point","coordinates":[137.162377,37.352994]},"properties":{"name":"駒渡","addr":"鳳珠郡能登町駒渡10","org":"石川県","avg":298.8,"max":471.0,"latest":149.0,"latestYear":2013,"years":10}},{"type":"Feature","geometry":{"type":"Point","coordinates":[137.12171,37.383546]},"properties":{"name":"桐畑","addr":"鳳珠郡能登町小間生8","org":"石川県","avg":252.0,"max":420.0,"latest":135.0,"latestYear":2013,"years":10}},{"type":"Feature","geometry":{"type":"Point","coordinates":[136.83977,37.274665]},"properties":{"name":"二又川","addr":"輪島市門前町別所2-90","org":"石川県","avg":154.6,"max":264.0,"latest":67.0,"latestYear":2013,"years":10}},{"type":"Feature","geometry":{"type":"Point","coordinates":[137.346021,37.506495]},"properties":{"name":"寺家","addr":"珠洲市三崎町寺家エ２","org":"石川県","avg":107.6,"max":278.0,"latest":29.0,"latestYear":2013,"years":8}},{"type":"Feature","geometry":{"type":"Point","coordinates":[137.147601,37.446215]},"properties":{"name":"八太郎","addr":"珠洲市若山町上山6-17-1","org":"石川県","avg":258.2,"max":433.0,"latest":156.0,"latestYear":2013,"years":10}},{"type":"Feature","geometry":{"type":"Point","coordinates":[136.90075,37.230028]},"properties":{"name":"穴水","addr":"鳳珠郡穴水町大町リ123","org":"石川県","avg":119.9,"max":196.0,"latest":14.0,"latestYear":2013,"years":9}},{"type":"Feature","geometry":{"type":"Point","coordinates":[137.150391,37.2991]},"properties":{"name":"宇出津","addr":"鳳珠郡能登町宇出津マ106-7","org":"石川県","avg":111.8,"max":233.0,"latest":10.0,"latestYear":2013,"years":10}},{"type":"Feature","geometry":{"type":"Point","coordinates":[137.088449,37.429517]},"properties":{"name":"町野","addr":"輪島市町野町広江","org":"石川県","avg":111.6,"max":183.0,"latest":56.0,"latestYear":2013,"years":10}},{"type":"Feature","geometry":{"type":"Point","coordinates":[136.779435,37.288308]},"properties":{"name":"門前","addr":"輪島市門前町深田21-17","org":"石川県","avg":78.1,"max":162.0,"latest":16.0,"latestYear":2013,"years":9}},{"type":"Feature","geometry":{"type":"Point","coordinates":[136.957285,37.295217]},"properties":{"name":"能登空港","addr":"輪島市三井町洲衛10-11-1","org":"石川県","avg":244.5,"max":380.0,"latest":135.0,"latestYear":2013,"years":10}},{"type":"Feature","geometry":{"type":"Point","coordinates":[136.820111,37.340154]},"properties":{"name":"西円山","addr":"輪島市門前町西円山10-25","org":"石川県","avg":252.0,"max":417.0,"latest":92.0,"latestYear":2013,"years":10}},{"type":"Feature","geometry":{"type":"Point","coordinates":[137.227229,37.300881]},"properties":{"name":"小木","addr":"鳳珠郡能登町小木17-22","org":"石川県","avg":144.6,"max":311.0,"latest":11.0,"latestYear":2013,"years":9}},{"type":"Feature","geometry":{"type":"Point","coordinates":[136.901398,37.39079]},"properties":{"name":"奥能登土木","addr":"石川県輪島市河井町22-1-1","org":"石川県","avg":124.0,"max":124.0,"latest":124.0,"latestYear":2005,"years":1}},{"type":"Feature","geometry":{"type":"Point","coordinates":[136.934195,37.335116]},"properties":{"name":"与呂見","addr":"輪島市三井町仁行青谷前223","org":"石川県","avg":342.2,"max":553.0,"latest":161.0,"latestYear":2013,"years":10}},{"type":"Feature","geometry":{"type":"Point","coordinates":[137.091999,37.368015]},"properties":{"name":"柳田","addr":"鳳珠郡能登町柳田山114-1","org":"石川県","avg":221.3,"max":367.0,"latest":91.0,"latestYear":2013,"years":10}},{"type":"Feature","geometry":{"type":"Point","coordinates":[137.269021,37.439636]},"properties":{"name":"珠洲土木","addr":"石川県珠洲市野々江町シ32","org":"石川県","avg":163.0,"max":278.0,"latest":103.0,"latestYear":2013,"years":9}},{"type":"Feature","geometry":{"type":"Point","coordinates":[136.361669,36.23]},"properties":{"name":"加賀菅谷","addr":"加賀市山中温泉菅谷町","org":"国土交通省気象庁","avg":526.2,"max":1040.0,"latest":306.0,"latestYear":2013,"years":34}},{"type":"Feature","geometry":{"type":"Point","coordinates":[136.633337,36.588332]},"properties":{"name":"金沢","addr":"金沢市西念　金沢地方気象台","org":"国土交通省気象庁","avg":244.7,"max":688.0,"latest":104.0,"latestYear":2013,"years":62}},{"type":"Feature","geometry":{"type":"Point","coordinates":[136.991671,37.029999]},"properties":{"name":"七尾","addr":"七尾市万行町43の部","org":"国土交通省気象庁","avg":196.0,"max":543.0,"latest":28.0,"latestYear":2013,"years":34}},{"type":"Feature","geometry":{"type":"Point","coordinates":[137.286673,37.446665]},"properties":{"name":"珠洲","addr":"珠洲市正院町正院","org":"国土交通省気象庁","avg":274.1,"max":823.0,"latest":166.0,"latestYear":2013,"years":34}},{"type":"Feature","geometry":{"type":"Point","coordinates":[136.613336,36.361666]},"properties":{"name":"白山吉野","addr":"白山市吉野壬","org":"国土交通省気象庁","avg":607.8,"max":1168.0,"latest":461.0,"latestYear":2013,"years":34}},{"type":"Feature","geometry":{"type":"Point","coordinates":[136.895005,37.389999]},"properties":{"name":"輪島","addr":"輪島市鳳至町畠田　輪島特別地域気象観測所","org":"国土交通省気象庁","avg":148.8,"max":418.0,"latest":46.0,"latestYear":2013,"years":62}},{"type":"Feature","geometry":{"type":"Point","coordinates":[136.286806,36.236707]},"properties":{"name":"熊坂","addr":"福井県あわら市熊坂","org":"近畿地方整備局","avg":214.5,"max":655.0,"latest":153.0,"latestYear":2013,"years":43}},{"type":"Feature","geometry":{"type":"Point","coordinates":[136.242222,36.052967]},"properties":{"name":"福井国道維持出張所","addr":"福井県福井市成和1-3117","org":"近畿地方整備局","avg":184.8,"max":554.0,"latest":54.0,"latestYear":2013,"years":39}},{"type":"Feature","geometry":{"type":"Point","coordinates":[136.091592,35.800512]},"properties":{"name":"大良","addr":"福井県南条郡南越前町大良","org":"近畿地方整備局","avg":243.9,"max":635.0,"latest":188.0,"latestYear":2013,"years":43}},{"type":"Feature","geometry":{"type":"Point","coordinates":[136.103035,35.743049]},"properties":{"name":"杉津","addr":"福井県敦賀市大比田字椿原","org":"近畿地方整備局","avg":87.4,"max":318.0,"latest":37.0,"latestYear":2013,"years":36}},{"type":"Feature","geometry":{"type":"Point","coordinates":[136.06767,35.648143]},"properties":{"name":"敦賀国道維持出張所","addr":"福井県敦賀市開町3番28-1","org":"近畿地方整備局","avg":163.4,"max":627.0,"latest":57.0,"latestYear":2013,"years":39}},{"type":"Feature","geometry":{"type":"Point","coordinates":[136.124237,35.589506]},"properties":{"name":"新道東","addr":"福井県敦賀市新道","org":"近畿地方整備局","avg":369.6,"max":928.0,"latest":292.0,"latestYear":2013,"years":45}},{"type":"Feature","geometry":{"type":"Point","coordinates":[135.901863,35.484206]},"properties":{"name":"倉見","addr":"福井県三方上中郡若狭町倉見","org":"近畿地方整備局","avg":280.2,"max":777.0,"latest":294.0,"latestYear":2013,"years":45}},{"type":"Feature","geometry":{"type":"Point","coordinates":[135.781936,35.484755]},"properties":{"name":"小浜国道維持出張所","addr":"福井県小浜市遠敷1-101","org":"近畿地方整備局","avg":138.9,"max":462.0,"latest":65.0,"latestYear":2013,"years":39}},{"type":"Feature","geometry":{"type":"Point","coordinates":[135.481989,35.483371]},"properties":{"name":"高浜","addr":"福井県大飯郡高浜町六路谷","org":"近畿地方整備局","avg":184.6,"max":562.0,"latest":161.0,"latestYear":2013,"years":45}},{"type":"Feature","geometry":{"type":"Point","coordinates":[136.097299,35.539125]},"properties":{"name":"山中","addr":"福井県敦賀市山中４号西土休場１０番地","org":"近畿地方整備局","avg":508.4,"max":1136.0,"latest":398.0,"latestYear":2013,"years":45}},{"type":"Feature","geometry":{"type":"Point","coordinates":[136.446839,36.062482]},"properties":{"name":"勝山","addr":"福井県勝山市鹿谷町保田","org":"近畿地方整備局","avg":514.2,"max":712.0,"latest":303.0,"latestYear":2013,"years":5}},{"type":"Feature","geometry":{"type":"Point","coordinates":[136.498184,36.003592]},"properties":{"name":"大野ＩＣ","addr":"福井県大野市横枕","org":"近畿地方整備局","avg":186.0,"max":186.0,"latest":186.0,"latestYear":2013,"years":1}},{"type":"Feature","geometry":{"type":"Point","coordinates":[136.329298,36.06101]},"properties":{"name":"市野々観測所","addr":"吉田郡永平寺町市野々地先","org":"永平寺町","avg":190.3,"max":359.0,"latest":359.0,"latestYear":2005,"years":7}},{"type":"Feature","geometry":{"type":"Point","coordinates":[136.416702,36.068411]},"properties":{"name":"藤巻観測所","addr":"吉田郡永平寺町藤巻地先","org":"永平寺町","avg":175.4,"max":290.0,"latest":109.0,"latestYear":2013,"years":8}},{"type":"Feature","geometry":{"type":"Point","coordinates":[136.501393,36.051768]},"properties":{"name":"勝山委託積雪観測所","addr":"勝山市立川町2-2","org":"勝山市","avg":281.5,"max":442.0,"latest":240.0,"latestYear":2001,"years":13}},{"type":"Feature","geometry":{"type":"Point","coordinates":[136.506599,36.069402]},"properties":{"name":"勝山市消防署","addr":"勝山市長山町2-2-7","org":"勝山市","avg":376.5,"max":671.0,"latest":324.0,"latestYear":2012,"years":11}},{"type":"Feature","geometry":{"type":"Point","coordinates":[136.488432,35.978598]},"properties":{"name":"大野市消防署","addr":"大野市天神町7-14","org":"大野市","avg":465.4,"max":1096.0,"latest":229.0,"latestYear":2013,"years":42}},{"type":"Feature","geometry":{"type":"Point","coordinates":[136.240648,36.057773]},"properties":{"name":"福井","addr":"福井市城東4-28-1","org":"福井県","avg":196.1,"max":622.0,"latest":23.0,"latestYear":2013,"years":34}},{"type":"Feature","geometry":{"type":"Point","coordinates":[136.09242,36.067917]},"properties":{"name":"上一光","addr":"福井市上一光","org":"福井県","avg":423.4,"max":879.0,"latest":313.0,"latestYear":2013,"years":34}},{"type":"Feature","geometry":{"type":"Point","coordinates":[136.147523,36.145055]},"properties":{"name":"砂子坂","addr":"福井市砂子坂","org":"福井県","avg":97.7,"max":417.0,"latest":26.0,"latestYear":2013,"years":34}},{"type":"Feature","geometry":{"type":"Point","coordinates":[136.39491,36.07908]},"properties":{"name":"山王","addr":"吉田郡永平寺町山王","org":"福井県","avg":277.8,"max":812.0,"latest":129.0,"latestYear":2013,"years":34}},{"type":"Feature","geometry":{"type":"Point","coordinates":[136.43307,36.024573]},"properties":{"name":"皿谷","addr":"福井市皿谷町","org":"福井県","avg":539.4,"max":1256.0,"latest":481.0,"latestYear":2013,"years":34}},{"type":"Feature","geometry":{"type":"Point","coordinates":[136.153211,36.2136]},"properties":{"name":"錦","addr":"坂井市三国町錦4丁目2の68","org":"福井県","avg":80.7,"max":414.0,"latest":11.0,"latestYear":2013,"years":34}},{"type":"Feature","geometry":{"type":"Point","coordinates":[136.38048,36.145733]},"properties":{"name":"山竹田","addr":"坂井市丸岡町上竹田","org":"福井県","avg":355.8,"max":816.0,"latest":243.0,"latestYear":2013,"years":34}},{"type":"Feature","geometry":{"type":"Point","coordinates":[136.243573,36.165935]},"properties":{"name":"宮領","addr":"坂井市坂井町宮領","org":"福井県","avg":155.9,"max":434.0,"latest":60.0,"latestYear":2013,"years":34}},{"type":"Feature","geometry":{"type":"Point","coordinates":[136.500214,35.998148]},"properties":{"name":"大野","addr":"大野市友江11-14","org":"福井県","avg":402.9,"max":1068.0,"latest":168.0,"latestYear":2013,"years":34}},{"type":"Feature","geometry":{"type":"Point","coordinates":[136.606097,36.029088]},"properties":{"name":"南六呂師","addr":"大野市南六呂師","org":"福井県","avg":701.3,"max":1446.0,"latest":566.0,"latestYear":2013,"years":34}},{"type":"Feature","geometry":{"type":"Point","coordinates":[136.625721,35.92027]},"properties":{"name":"下山","addr":"大野市下山","org":"福井県","avg":792.9,"max":1798.0,"latest":557.0,"latestYear":2013,"years":34}},{"type":"Feature","geometry":{"type":"Point","coordinates":[136.493931,36.068947]},"properties":{"name":"勝山","addr":"勝山市滝波町1-569","org":"福井県","avg":419.4,"max":1060.0,"latest":354.0,"latestYear":2013,"years":34}},{"type":"Feature","geometry":{"type":"Point","coordinates":[136.581823,36.123112]},"properties":{"name":"北谷町","addr":"勝山市北谷町谷","org":"福井県","avg":986.1,"max":1823.0,"latest":888.0,"latestYear":2013,"years":34}},{"type":"Feature","geometry":{"type":"Point","coordinates":[136.184728,35.956959]},"properties":{"name":"西山","addr":"鯖江市西山町14-2","org":"福井県","avg":195.9,"max":506.0,"latest":112.0,"latestYear":2013,"years":34}},{"type":"Feature","geometry":{"type":"Point","coordinates":[136.259197,35.97242]},"properties":{"name":"上戸ノ口","addr":"鯖江市上戸口町","org":"福井県","avg":331.8,"max":787.0,"latest":187.0,"latestYear":2013,"years":34}},{"type":"Feature","geometry":{"type":"Point","coordinates":[136.151109,35.901913]},"properties":{"name":"武生","addr":"越前市上太田町42-1-1","org":"福井県","avg":209.4,"max":608.0,"latest":89.0,"latestYear":2013,"years":34}},{"type":"Feature","geometry":{"type":"Point","coordinates":[136.030917,35.886822]},"properties":{"name":"千合谷町","addr":"越前市千合谷町","org":"福井県","avg":315.2,"max":862.0,"latest":220.0,"latestYear":2013,"years":34}},{"type":"Feature","geometry":{"type":"Point","coordinates":[136.257705,35.769879]},"properties":{"name":"今庄","addr":"南条郡南越前町今庄","org":"福井県","avg":393.7,"max":868.0,"latest":257.0,"latestYear":2013,"years":34}},{"type":"Feature","geometry":{"type":"Point","coordinates":[136.271254,35.704135]},"properties":{"name":"広野","addr":"南条郡南越前町広野","org":"福井県","avg":564.9,"max":1340.0,"latest":358.0,"latestYear":2013,"years":34}},{"type":"Feature","geometry":{"type":"Point","coordinates":[136.239091,35.9166]},"properties":{"name":"今立","addr":"越前市粟田部町","org":"福井県","avg":227.7,"max":591.0,"latest":94.0,"latestYear":2013,"years":34}},{"type":"Feature","geometry":{"type":"Point","coordinates":[136.354059,35.898553]},"properties":{"name":"谷口","addr":"今立郡池田町谷口","org":"福井県","avg":488.8,"max":1158.0,"latest":388.0,"latestYear":2013,"years":34}},{"type":"Feature","geometry":{"type":"Point","coordinates":[136.140852,35.978567]},"properties":{"name":"気比庄","addr":"丹生郡越前町気比庄","org":"福井県","avg":207.0,"max":517.0,"latest":112.0,"latestYear":2013,"years":34}},{"type":"Feature","geometry":{"type":"Point","coordinates":[136.06682,36.034354]},"properties":{"name":"天谷","addr":"福井市西別所町","org":"福井県","avg":315.2,"max":820.0,"latest":183.0,"latestYear":2013,"years":34}},{"type":"Feature","geometry":{"type":"Point","coordinates":[136.05893,35.958355]},"properties":{"name":"織田","addr":"丹生郡越前町織田","org":"福井県","avg":234.6,"max":685.0,"latest":121.0,"latestYear":2013,"years":34}},{"type":"Feature","geometry":{"type":"Point","coordinates":[136.057104,35.642759]},"properties":{"name":"敦賀","addr":"敦賀市中央町1丁目7-36","org":"福井県","avg":153.9,"max":560.0,"latest":46.0,"latestYear":2013,"years":34}},{"type":"Feature","geometry":{"type":"Point","coordinates":[136.154048,35.603947]},"properties":{"name":"刀根","addr":"敦賀市刀根","org":"福井県","avg":383.0,"max":990.0,"latest":225.0,"latestYear":2013,"years":34}},{"type":"Feature","geometry":{"type":"Point","coordinates":[135.990555,35.546333]},"properties":{"name":"新庄","addr":"三方郡美浜町新庄","org":"福井県","avg":221.0,"max":737.0,"latest":136.0,"latestYear":2013,"years":34}},{"type":"Feature","geometry":{"type":"Point","coordinates":[135.782631,35.48444]},"properties":{"name":"遠敷","addr":"小浜市遠敷1-101","org":"福井県","avg":149.1,"max":434.0,"latest":97.0,"latestYear":2013,"years":34}},{"type":"Feature","geometry":{"type":"Point","coordinates":[135.898473,35.439281]},"properties":{"name":"熊川","addr":"三方上中郡若狭町熊川","org":"福井県","avg":277.9,"max":570.0,"latest":356.0,"latestYear":2013,"years":34}},{"type":"Feature","geometry":{"type":"Point","coordinates":[135.562124,35.396275]},"properties":{"name":"納田終","addr":"大飯郡おおい町名田庄納田終","org":"福井県","avg":333.0,"max":877.0,"latest":349.0,"latestYear":2013,"years":34}},{"type":"Feature","geometry":{"type":"Point","coordinates":[135.473465,35.519003]},"properties":{"name":"山中","addr":"大飯郡高浜町山中","org":"福井県","avg":260.9,"max":674.0,"latest":166.0,"latestYear":2013,"years":34}},{"type":"Feature","geometry":{"type":"Point","coordinates":[136.670001,35.905]},"properties":{"name":"九頭竜","addr":"大野市和泉川合","org":"国土交通省気象庁","avg":882.8,"max":1401.0,"latest":452.0,"latestYear":2013,"years":32}},{"type":"Feature","geometry":{"type":"Point","coordinates":[136.200001,35.766666]},"properties":{"name":"今庄","addr":"南条郡南越前町今庄","org":"国土交通省気象庁","avg":508.8,"max":986.0,"latest":285.0,"latestYear":2013,"years":34}},{"type":"Feature","geometry":{"type":"Point","coordinates":[135.781667,35.483333]},"properties":{"name":"小浜","addr":"小浜市遠敷","org":"国土交通省気象庁","avg":188.1,"max":559.0,"latest":113.0,"latestYear":2013,"years":34}},{"type":"Feature","geometry":{"type":"Point","coordinates":[136.061668,35.653333]},"properties":{"name":"敦賀","addr":"敦賀市松栄町　敦賀特別地域気象観測所","org":"国土交通省気象庁","avg":200.0,"max":613.0,"latest":67.0,"latestYear":2013,"years":62}},{"type":"Feature","geometry":{"type":"Point","coordinates":[136.173335,35.905]},"properties":{"name":"武生","addr":"越前市村国","org":"国土交通省気象庁","avg":267.8,"max":621.0,"latest":164.0,"latestYear":2013,"years":25}},{"type":"Feature","geometry":{"type":"Point","coordinates":[136.221669,36.055]},"properties":{"name":"福井","addr":"福井市豊島　福井地方気象台","org":"国土交通省気象庁","avg":244.4,"max":622.0,"latest":117.0,"latestYear":2013,"years":62}},{"type":"Feature","geometry":{"type":"Point","coordinates":[138.380584,35.637901]},"properties":{"name":"芦安窓口サービスセンター","addr":"南アルプス市芦安芦倉516番地","org":"南アルプス市","avg":70.8,"max":231.0,"latest":231.0,"latestYear":2013,"years":6}},{"type":"Feature","geometry":{"type":"Point","coordinates":[138.22082,36.787032]},"properties":{"name":"古間","addr":"長野県上水内郡信濃町大字古間1546-2","org":"長野国道事務所","avg":543.8,"max":1124.0,"latest":384.0,"latestYear":2008,"years":12}},{"type":"Feature","geometry":{"type":"Point","coordinates":[138.269354,36.385532]},"properties":{"name":"上田","addr":"長野県上田市大字踏入２－１６－３３","org":"長野国道事務所","avg":49.7,"max":135.0,"latest":6.0,"latestYear":2008,"years":12}},{"type":"Feature","geometry":{"type":"Point","coordinates":[138.010729,36.565999]},"properties":{"name":"信州新町","addr":"長野県上水内郡信州新町大字新町927","org":"長野国道事務所","avg":127.5,"max":246.0,"latest":64.0,"latestYear":2008,"years":11}},{"type":"Feature","geometry":{"type":"Point","coordinates":[138.092869,36.614266]},"properties":{"name":"瀬脇","addr":"長野県長野市七二会大字己997","org":"長野国道事務所","avg":148.7,"max":279.0,"latest":106.0,"latestYear":2003,"years":6}},{"type":"Feature","geometry":{"type":"Point","coordinates":[138.279269,36.729641]},"properties":{"name":"川谷","addr":"長野県上水内郡豊野町大字川谷字八幡前1192-2","org":"長野国道事務所","avg":221.5,"max":392.0,"latest":107.0,"latestYear":2003,"years":6}},{"type":"Feature","geometry":{"type":"Point","coordinates":[138.223669,36.644891]},"properties":{"name":"長野","addr":"長野県長野市稲葉字中千田沖2139-1","org":"長野国道事務所","avg":118.7,"max":212.0,"latest":40.0,"latestYear":2008,"years":12}},{"type":"Feature","geometry":{"type":"Point","coordinates":[138.226905,36.753957]},"properties":{"name":"牟礼","addr":"長野県上水内郡飯綱町小玉","org":"長野国道事務所","avg":388.3,"max":822.0,"latest":191.0,"latestYear":2008,"years":12}},{"type":"Feature","geometry":{"type":"Point","coordinates":[138.204145,36.826424]},"properties":{"name":"野尻","addr":"長野県上水内郡信濃町大字野尻字上野原729","org":"長野国道事務所","avg":763.1,"max":1009.0,"latest":542.0,"latestYear":2008,"years":11}},{"type":"Feature","geometry":{"type":"Point","coordinates":[137.799794,36.327209]},"properties":{"name":"穂高有明牧","addr":"安曇野市穂高有明","org":"安曇野市","avg":110.9,"max":180.5,"latest":170.8,"latestYear":2013,"years":21}},{"type":"Feature","geometry":{"type":"Point","coordinates":[137.846311,36.345531]},"properties":{"name":"豊里","addr":"安曇野市穂高有明8574-1","org":"安曇野市","avg":101.6,"max":173.5,"latest":170.8,"latestYear":2013,"years":26}},{"type":"Feature","geometry":{"type":"Point","coordinates":[137.842414,36.366773]},"properties":{"name":"矢村","addr":"安曇野市穂高有明1514-1","org":"安曇野市","avg":84.6,"max":156.0,"latest":109.0,"latestYear":2013,"years":26}},{"type":"Feature","geometry":{"type":"Point","coordinates":[137.844234,36.330309]},"properties":{"name":"牧","addr":"安曇野市穂高牧522-1","org":"安曇野市","avg":98.8,"max":180.5,"latest":156.5,"latestYear":2013,"years":25}},{"type":"Feature","geometry":{"type":"Point","coordinates":[138.576923,36.987484]},"properties":{"name":"森","addr":"下水内郡栄村北信3433番地","org":"栄村","avg":1393.2,"max":2594.0,"latest":1276.0,"latestYear":2013,"years":41}},{"type":"Feature","geometry":{"type":"Point","coordinates":[138.413212,36.740391]},"properties":{"name":"山ノ内消防署","addr":"下高井郡山ノ内町平穏4106番地11","org":"山ノ内町(岳南広域消防組合)","avg":371.3,"max":986.6,"latest":129.1,"latestYear":2013,"years":42}},{"type":"Feature","geometry":{"type":"Point","coordinates":[137.986944,36.658859]},"properties":{"name":"小川天文台観測所","addr":"上水内郡小川村稲丘4981","org":"小川村","avg":38.1,"max":97.0,"latest":70.0,"latestYear":2013,"years":34}},{"type":"Feature","geometry":{"type":"Point","coordinates":[137.908401,36.77906]},"properties":{"name":"小谷村","addr":"北安曇野郡小谷村中小谷丙131","org":"小谷村","avg":834.6,"max":1474.0,"latest":546.0,"latestYear":2013,"years":44}},{"type":"Feature","geometry":{"type":"Point","coordinates":[138.143505,36.706817]},"properties":{"name":"長野市飯綱","addr":"長野市上ケ屋2471-1254","org":"長野市","avg":581.9,"max":738.0,"latest":655.0,"latestYear":2013,"years":7}},{"type":"Feature","geometry":{"type":"Point","coordinates":[138.089049,36.702348]},"properties":{"name":"農林環境改善センター","addr":"長野市戸隠豊岡1550-1","org":"長野市","avg":365.5,"max":668.0,"latest":341.0,"latestYear":2013,"years":31}},{"type":"Feature","geometry":{"type":"Point","coordinates":[138.003374,36.681454]},"properties":{"name":"鬼無里村役場（旧）","addr":"長野市鬼無里295-2","org":"長野市","avg":319.6,"max":584.0,"latest":239.0,"latestYear":1999,"years":31}},{"type":"Feature","geometry":{"type":"Point","coordinates":[138.001588,36.680343]},"properties":{"name":"長野市鬼無里支所","addr":"長野市鬼無里日影2750-1","org":"長野市","avg":339.9,"max":551.0,"latest":390.0,"latestYear":2013,"years":9}},{"type":"Feature","geometry":{"type":"Point","coordinates":[137.988464,36.50664]},"properties":{"name":"長野市大岡支所","addr":"長野市大岡乙287","org":"長野市","avg":31.1,"max":74.0,"latest":74.0,"latestYear":2013,"years":9}},{"type":"Feature","geometry":{"type":"Point","coordinates":[138.006513,36.567267]},"properties":{"name":"信州新町支所","addr":"長野市信州新町新町1000-1","org":"長野市","avg":143.8,"max":175.0,"latest":159.0,"latestYear":2013,"years":5}},{"type":"Feature","geometry":{"type":"Point","coordinates":[138.02379,36.638777]},"properties":{"name":"倉本","addr":"長野市中条御山里2401-1","org":"長野市","avg":407.1,"max":579.0,"latest":368.0,"latestYear":2013,"years":18}},{"type":"Feature","geometry":{"type":"Point","coordinates":[138.188014,36.748651]},"properties":{"name":"飯綱浄水場","addr":"上水内郡飯綱町川上2755-8","org":"飯綱町","avg":440.0,"max":491.7,"latest":456.5,"latestYear":2013,"years":7}},{"type":"Feature","geometry":{"type":"Point","coordinates":[138.261414,36.796116]},"properties":{"name":"溝口","addr":"上水内郡飯綱町芋川6279-7","org":"飯綱町","avg":529.3,"max":4473.0,"latest":476.0,"latestYear":2013,"years":32}},{"type":"Feature","geometry":{"type":"Point","coordinates":[138.406685,36.858452]},"properties":{"name":"木島平村役場","addr":"下高井郡木島平村往郷973-1","org":"木島平村","avg":536.0,"max":984.0,"latest":400.0,"latestYear":2013,"years":12}},{"type":"Feature","geometry":{"type":"Point","coordinates":[138.516613,36.982359]},"properties":{"name":"明石","addr":"下高井郡野沢温泉村東大滝明石","org":"野沢温泉村","avg":1350.5,"max":2244.0,"latest":1280.0,"latestYear":2013,"years":19}},{"type":"Feature","geometry":{"type":"Point","coordinates":[138.447782,36.921515]},"properties":{"name":"野沢温泉","addr":"下高井郡野沢温泉村豊郷9549-ロ-2","org":"野沢温泉村","avg":1128.6,"max":1897.0,"latest":1217.0,"latestYear":2013,"years":30}},{"type":"Feature","geometry":{"type":"Point","coordinates":[138.001588,36.680343]},"properties":{"name":"鬼無里村役場","addr":"鬼無里村大字鬼無里日影2750-1","org":"長野市","avg":446.8,"max":472.0,"latest":465.0,"latestYear":2004,"years":5}},{"type":"Feature","geometry":{"type":"Point","coordinates":[138.345943,36.524873]},"properties":{"name":"上田菅平","addr":"上田市菅平高原1278","org":"長野県","avg":375.5,"max":447.0,"latest":391.0,"latestYear":2013,"years":13}},{"type":"Feature","geometry":{"type":"Point","coordinates":[137.973166,36.869495]},"properties":{"name":"小谷温泉","addr":"北安曇郡小谷村中土18926ｰ1","org":"長野県","avg":1061.3,"max":1719.0,"latest":1320.0,"latestYear":2013,"years":13}},{"type":"Feature","geometry":{"type":"Point","coordinates":[137.937959,36.827722]},"properties":{"name":"中土","addr":"北安曇郡小谷村中土7282-イ","org":"長野県","avg":891.2,"max":1399.0,"latest":896.0,"latestYear":2013,"years":13}},{"type":"Feature","geometry":{"type":"Point","coordinates":[137.895064,36.851977]},"properties":{"name":"北小谷","addr":"北安曇郡小谷村北小谷2019","org":"長野県","avg":593.1,"max":1059.0,"latest":676.0,"latestYear":2013,"years":13}},{"type":"Feature","geometry":{"type":"Point","coordinates":[137.909779,36.774226]},"properties":{"name":"南小谷","addr":"北安曇郡小谷村千国10365","org":"長野県","avg":665.3,"max":926.0,"latest":589.0,"latestYear":2013,"years":13}},{"type":"Feature","geometry":{"type":"Point","coordinates":[137.879681,36.754291]},"properties":{"name":"栂池","addr":"北安曇郡小谷村千国819-16","org":"長野県","avg":744.2,"max":887.0,"latest":758.0,"latestYear":2013,"years":13}},{"type":"Feature","geometry":{"type":"Point","coordinates":[137.861831,36.698165]},"properties":{"name":"北城","addr":"北安曇郡白馬村北城7025","org":"長野県","avg":638.4,"max":848.0,"latest":555.0,"latestYear":2013,"years":13}},{"type":"Feature","geometry":{"type":"Point","coordinates":[137.844131,36.628645]},"properties":{"name":"佐野","addr":"北安曇郡白馬村神城797","org":"長野県","avg":542.7,"max":737.0,"latest":549.0,"latestYear":2013,"years":13}},{"type":"Feature","geometry":{"type":"Point","coordinates":[137.848218,36.600638]},"properties":{"name":"青木","addr":"大町市平21436-3","org":"長野県","avg":493.2,"max":699.0,"latest":401.0,"latestYear":2013,"years":13}},{"type":"Feature","geometry":{"type":"Point","coordinates":[137.80478,36.574265]},"properties":{"name":"鹿島","addr":"大町市平8457-1","org":"長野県","avg":433.4,"max":597.0,"latest":382.0,"latestYear":2013,"years":12}},{"type":"Feature","geometry":{"type":"Point","coordinates":[137.849252,36.519151]},"properties":{"name":"大町","addr":"大町市大町2054","org":"長野県","avg":147.4,"max":248.0,"latest":108.0,"latestYear":2013,"years":12}},{"type":"Feature","geometry":{"type":"Point","coordinates":[137.883141,36.612227]},"properties":{"name":"青具","addr":"大町市美麻22574","org":"長野県","avg":277.4,"max":377.0,"latest":321.0,"latestYear":2013,"years":12}},{"type":"Feature","geometry":{"type":"Point","coordinates":[137.909901,36.531736]},"properties":{"name":"新行","addr":"大町市美麻4890","org":"長野県","avg":352.6,"max":505.0,"latest":313.0,"latestYear":2013,"years":13}},{"type":"Feature","geometry":{"type":"Point","coordinates":[137.891281,36.535282]},"properties":{"name":"大塩","addr":"大町市美麻975","org":"長野県","avg":375.6,"max":474.0,"latest":378.0,"latestYear":2013,"years":13}},{"type":"Feature","geometry":{"type":"Point","coordinates":[138.424331,36.671023]},"properties":{"name":"山田温泉","addr":"上高井郡高井村奥山田3568","org":"長野県","avg":366.9,"max":480.0,"latest":480.0,"latestYear":2013,"years":13}},{"type":"Feature","geometry":{"type":"Point","coordinates":[138.459692,36.657821]},"properties":{"name":"五色温泉","addr":"上高井郡高井村奥山田3682-6","org":"長野県","avg":606.1,"max":757.0,"latest":694.0,"latestYear":2013,"years":13}},{"type":"Feature","geometry":{"type":"Point","coordinates":[138.342219,36.541151]},"properties":{"name":"菅平","addr":"須坂市仁礼町蜂の原3153-972","org":"長野県","avg":528.3,"max":848.0,"latest":694.0,"latestYear":2013,"years":13}},{"type":"Feature","geometry":{"type":"Point","coordinates":[138.378989,36.75155]},"properties":{"name":"中野","addr":"中野市中野2046","org":"長野県","avg":249.9,"max":382.0,"latest":216.0,"latestYear":2013,"years":12}},{"type":"Feature","geometry":{"type":"Point","coordinates":[138.361229,36.818401]},"properties":{"name":"田上","addr":"中野市田上1059","org":"長野県","avg":543.1,"max":908.0,"latest":396.0,"latestYear":2013,"years":12}},{"type":"Feature","geometry":{"type":"Point","coordinates":[138.435933,36.794548]},"properties":{"name":"須賀川","addr":"下高井郡山ノ内町夜間瀬8159-1","org":"長野県","avg":766.0,"max":1055.0,"latest":931.0,"latestYear":2013,"years":12}},{"type":"Feature","geometry":{"type":"Point","coordinates":[138.446268,36.725915]},"properties":{"name":"上林","addr":"下高井郡山ノ内町平隠478-5","org":"長野県","avg":579.1,"max":792.0,"latest":685.0,"latestYear":2013,"years":12}},{"type":"Feature","geometry":{"type":"Point","coordinates":[138.490643,36.719746]},"properties":{"name":"蓮池","addr":"下高井郡山ノ内町平隠7148-203志賀高原総合会館98","org":"長野県","avg":961.3,"max":1289.0,"latest":1009.0,"latestYear":2013,"years":12}},{"type":"Feature","geometry":{"type":"Point","coordinates":[138.494977,36.684554]},"properties":{"name":"熊の湯","addr":"下高井郡山ノ内町志賀高原熊の湯7148","org":"長野県","avg":831.2,"max":991.0,"latest":764.0,"latestYear":2013,"years":12}},{"type":"Feature","geometry":{"type":"Point","coordinates":[138.507535,36.730152]},"properties":{"name":"高天ヶ原","addr":"下高井郡山ノ内町平隠7149（志賀高原高天ヶ原）","org":"長野県","avg":582.8,"max":718.0,"latest":542.0,"latestYear":2013,"years":12}},{"type":"Feature","geometry":{"type":"Point","coordinates":[138.182262,36.650895]},"properties":{"name":"長野","addr":"長野市南長野南県町686-1","org":"長野県","avg":175.9,"max":428.0,"latest":175.0,"latestYear":2013,"years":13}},{"type":"Feature","geometry":{"type":"Point","coordinates":[138.085556,36.739708]},"properties":{"name":"戸隠","addr":"長野市戸隠3488-2","org":"長野県","avg":773.3,"max":1033.0,"latest":826.0,"latestYear":2013,"years":13}},{"type":"Feature","geometry":{"type":"Point","coordinates":[138.006946,36.68059]},"properties":{"name":"鬼無里","addr":"長野市鬼無里36-5","org":"長野県","avg":434.4,"max":1048.0,"latest":455.0,"latestYear":2013,"years":13}},{"type":"Feature","geometry":{"type":"Point","coordinates":[138.204196,36.808489]},"properties":{"name":"柏原","addr":"上水内郡信濃町柏原374-5","org":"長野県","avg":584.7,"max":808.0,"latest":488.0,"latestYear":2013,"years":13}},{"type":"Feature","geometry":{"type":"Point","coordinates":[138.246045,36.847112]},"properties":{"name":"古海","addr":"上水内郡信濃町古海3161-1","org":"長野県","avg":914.8,"max":1339.0,"latest":763.0,"latestYear":2013,"years":13}},{"type":"Feature","geometry":{"type":"Point","coordinates":[138.25118,36.73169]},"properties":{"name":"牟礼","addr":"上水内郡飯綱町平出358","org":"長野県","avg":224.9,"max":325.0,"latest":224.0,"latestYear":2013,"years":13}},{"type":"Feature","geometry":{"type":"Point","coordinates":[138.325331,36.773109]},"properties":{"name":"替佐","addr":"中野市豊津2533-1","org":"長野県","avg":337.5,"max":604.0,"latest":110.0,"latestYear":2013,"years":11}},{"type":"Feature","geometry":{"type":"Point","coordinates":[138.2813,36.816283]},"properties":{"name":"涌井","addr":"中野市永江7924-6","org":"長野県","avg":604.2,"max":876.0,"latest":395.0,"latestYear":2013,"years":12}},{"type":"Feature","geometry":{"type":"Point","coordinates":[138.359026,36.836391]},"properties":{"name":"飯山","addr":"飯山市静間1340-1","org":"長野県","avg":494.9,"max":979.0,"latest":252.0,"latestYear":2013,"years":13}},{"type":"Feature","geometry":{"type":"Point","coordinates":[138.296848,36.855379]},"properties":{"name":"斑尾","addr":"飯山市飯山11492-70","org":"長野県","avg":913.2,"max":1225.0,"latest":666.0,"latestYear":2013,"years":13}},{"type":"Feature","geometry":{"type":"Point","coordinates":[138.31563,36.911526]},"properties":{"name":"富倉","addr":"飯山市富倉1769","org":"長野県","avg":984.8,"max":1681.0,"latest":545.0,"latestYear":2013,"years":13}},{"type":"Feature","geometry":{"type":"Point","coordinates":[138.426243,36.974257]},"properties":{"name":"温井","addr":"飯山市一山1263-2","org":"長野県","avg":1009.0,"max":1552.0,"latest":697.0,"latestYear":2013,"years":13}},{"type":"Feature","geometry":{"type":"Point","coordinates":[138.446246,36.966354]},"properties":{"name":"桑名川","addr":"飯山市照岡388","org":"長野県","avg":792.5,"max":1369.0,"latest":468.0,"latestYear":2013,"years":13}},{"type":"Feature","geometry":{"type":"Point","coordinates":[138.406688,36.858454]},"properties":{"name":"中村","addr":"下高井郡木島平村往郷973-1","org":"長野県","avg":488.8,"max":870.0,"latest":310.0,"latestYear":2013,"years":13}},{"type":"Feature","geometry":{"type":"Point","coordinates":[138.436724,36.92163]},"properties":{"name":"野沢温泉","addr":"下高井郡野沢温泉豊郷10177-2","org":"長野県","avg":795.5,"max":1365.0,"latest":456.0,"latestYear":2013,"years":13}},{"type":"Feature","geometry":{"type":"Point","coordinates":[138.462534,36.973281]},"properties":{"name":"七ヶ巻","addr":"下高井郡野沢温泉村七ヶ巻396","org":"長野県","avg":801.6,"max":1466.0,"latest":478.0,"latestYear":2013,"years":13}},{"type":"Feature","geometry":{"type":"Point","coordinates":[138.562138,36.995416]},"properties":{"name":"森","addr":"下水内郡栄村北信2800-3","org":"長野県","avg":918.8,"max":1602.0,"latest":489.0,"latestYear":2013,"years":13}},{"type":"Feature","geometry":{"type":"Point","coordinates":[138.634904,36.864283]},"properties":{"name":"小赤沢","addr":"下水内郡栄村堺18269-2","org":"長野県","avg":1092.4,"max":1459.0,"latest":996.0,"latestYear":2013,"years":13}},{"type":"Feature","geometry":{"type":"Point","coordinates":[137.930006,36.821666]},"properties":{"name":"小谷","addr":"北安曇郡小谷村大字中土","org":"国土交通省気象庁","avg":905.7,"max":1230.0,"latest":744.0,"latestYear":2013,"years":31}},{"type":"Feature","geometry":{"type":"Point","coordinates":[138.196672,36.808332]},"properties":{"name":"信濃町","addr":"上水内郡信濃町柏原字小丸山","org":"国土交通省気象庁","avg":776.1,"max":1276.0,"latest":635.0,"latestYear":2013,"years":33}},{"type":"Feature","geometry":{"type":"Point","coordinates":[138.325004,36.531666]},"properties":{"name":"菅平","addr":"上田市菅平高原","org":"国土交通省気象庁","avg":679.9,"max":975.0,"latest":558.0,"latestYear":2013,"years":33}},{"type":"Feature","geometry":{"type":"Point","coordinates":[137.831671,36.523332]},"properties":{"name":"大町","addr":"大町市大町","org":"国土交通省気象庁","avg":500.4,"max":800.0,"latest":380.0,"latestYear":2013,"years":33}},{"type":"Feature","geometry":{"type":"Point","coordinates":[138.191671,36.661666]},"properties":{"name":"長野","addr":"長野市箱清水　長野地方気象台","org":"国土交通省気象庁","avg":172.1,"max":366.0,"latest":183.0,"latestYear":2013,"years":62}},{"type":"Feature","geometry":{"type":"Point","coordinates":[137.861672,36.698332]},"properties":{"name":"白馬","addr":"北安曇郡白馬村北城","org":"国土交通省気象庁","avg":665.3,"max":864.0,"latest":683.0,"latestYear":2013,"years":34}},{"type":"Feature","geometry":{"type":"Point","coordinates":[138.375006,36.874999]},"properties":{"name":"飯山","addr":"飯山市大字飯山字大道東","org":"国土交通省気象庁","avg":880.1,"max":1427.0,"latest":825.0,"latestYear":2013,"years":31}},{"type":"Feature","geometry":{"type":"Point","coordinates":[138.441672,36.911666]},"properties":{"name":"野沢温泉","addr":"下高井郡野沢温泉村大字豊郷字南原","org":"国土交通省気象庁","avg":1196.6,"max":1988.0,"latest":1025.0,"latestYear":2013,"years":34}},{"type":"Feature","geometry":{"type":"Point","coordinates":[137.26317,36.081321]},"properties":{"name":"宮峠","addr":"岐阜県高山市一之宮町宮峠","org":"中部地方整備局","avg":72.7,"max":105.0,"latest":71.0,"latestYear":2013,"years":11}},{"type":"Feature","geometry":{"type":"Point","coordinates":[137.298379,36.336913]},"properties":{"name":"神岡","addr":"岐阜県飛騨市神岡町大字東町754","org":"中部地方整備局","avg":134.0,"max":209.0,"latest":59.0,"latestYear":2013,"years":11}},{"type":"Feature","geometry":{"type":"Point","coordinates":[137.205893,36.296945]},"properties":{"name":"数河","addr":"岐阜県飛騨市古川町数河237-92","org":"中部地方整備局","avg":188.8,"max":245.0,"latest":100.0,"latestYear":2013,"years":11}},{"type":"Feature","geometry":{"type":"Point","coordinates":[137.265716,36.110345]},"properties":{"name":"高山","addr":"岐阜県高山市石浦町1-274","org":"中部地方整備局","avg":66.1,"max":102.0,"latest":27.0,"latestYear":2013,"years":11}},{"type":"Feature","geometry":{"type":"Point","coordinates":[137.277848,36.433079]},"properties":{"name":"東茂住","addr":"岐阜県飛騨市神岡町東茂住字村ノ下539","org":"中部地方整備局","avg":139.4,"max":207.0,"latest":105.0,"latestYear":2013,"years":7}},{"type":"Feature","geometry":{"type":"Point","coordinates":[137.207861,36.212449]},"properties":{"name":"大野","addr":"岐阜県飛騨市古川町大野","org":"中部地方整備局","avg":40.3,"max":81.0,"latest":74.0,"latestYear":2013,"years":4}},{"type":"Feature","geometry":{"type":"Point","coordinates":[136.466222,35.369183]},"properties":{"name":"関ヶ原","addr":"岐阜県不破郡関ヶ原町関ヶ原山中登里","org":"中部地方整備局","avg":257.0,"max":385.0,"latest":104.0,"latestYear":2013,"years":5}},{"type":"Feature","geometry":{"type":"Point","coordinates":[136.80352,35.760359]},"properties":{"name":"板取門原","addr":"岐阜県関市板取5601","org":"関市","avg":2643.0,"max":5983.0,"latest":704.0,"latestYear":2013,"years":7}},{"type":"Feature","geometry":{"type":"Point","coordinates":[136.898451,36.270826]},"properties":{"name":"白川村役場","addr":"大野郡白川村鳩谷517","org":"白川村","avg":1117.7,"max":2174.0,"latest":994.0,"latestYear":2003,"years":31}},{"type":"Feature","geometry":{"type":"Point","coordinates":[137.066292,35.893428]},"properties":{"name":"明宝村奥住","addr":"郡上市明宝奥住2568-1","org":"岐阜県","avg":309.2,"max":522.0,"latest":254.0,"latestYear":2013,"years":18}},{"type":"Feature","geometry":{"type":"Point","coordinates":[136.876016,35.941219]},"properties":{"name":"高鷲村大鷲","addr":"郡上市高鷲町大鷲171","org":"岐阜県","avg":752.3,"max":1516.0,"latest":541.0,"latestYear":2013,"years":35}},{"type":"Feature","geometry":{"type":"Point","coordinates":[136.904535,35.846378]},"properties":{"name":"大和町大間見","addr":"郡上市大和町大間見1021-1","org":"岐阜県","avg":292.4,"max":668.0,"latest":115.0,"latestYear":2013,"years":18}},{"type":"Feature","geometry":{"type":"Point","coordinates":[136.831714,35.923751]},"properties":{"name":"長滝","addr":"郡上市白鳥町長滝402-11","org":"岐阜県","avg":470.7,"max":827.0,"latest":408.0,"latestYear":2013,"years":18}},{"type":"Feature","geometry":{"type":"Point","coordinates":[136.950076,35.762478]},"properties":{"name":"八幡建設","addr":"郡上市八幡町初音1727-2","org":"岐阜県","avg":172.4,"max":318.0,"latest":101.0,"latestYear":2013,"years":18}},{"type":"Feature","geometry":{"type":"Point","coordinates":[137.489446,36.034722]},"properties":{"name":"高根村","addr":"高山市高根町上ヶ洞340-2","org":"岐阜県","avg":309.3,"max":443.0,"latest":369.0,"latestYear":2013,"years":18}},{"type":"Feature","geometry":{"type":"Point","coordinates":[137.136856,36.096122]},"properties":{"name":"坂下","addr":"高山市清見町坂下490","org":"岐阜県","avg":406.9,"max":991.0,"latest":374.0,"latestYear":2013,"years":18}},{"type":"Feature","geometry":{"type":"Point","coordinates":[136.720436,35.626839]},"properties":{"name":"美山村","addr":"山県市神崎1750","org":"岐阜県","avg":149.6,"max":361.0,"latest":15.0,"latestYear":2013,"years":12}},{"type":"Feature","geometry":{"type":"Point","coordinates":[136.802913,35.758915]},"properties":{"name":"板取村","addr":"関市板取門原5601","org":"岐阜県","avg":350.4,"max":538.0,"latest":235.0,"latestYear":2013,"years":11}},{"type":"Feature","geometry":{"type":"Point","coordinates":[136.471244,35.357848]},"properties":{"name":"関ケ原町","addr":"関ヶ原町字関ヶ原2670-3","org":"岐阜県","avg":190.5,"max":674.0,"latest":82.0,"latestYear":2013,"years":35}},{"type":"Feature","geometry":{"type":"Point","coordinates":[136.617914,35.63077]},"properties":{"name":"根尾村","addr":"本巣市根尾樽見3-2","org":"岐阜県","avg":242.4,"max":482.0,"latest":34.0,"latestYear":2013,"years":11}},{"type":"Feature","geometry":{"type":"Point","coordinates":[136.436364,35.538544]},"properties":{"name":"久瀬日坂","addr":"揖斐郡揖斐川町日坂1522-7","org":"岐阜県","avg":202.8,"max":520.0,"latest":72.0,"latestYear":2013,"years":16}},{"type":"Feature","geometry":{"type":"Point","coordinates":[136.337648,35.60109]},"properties":{"name":"坂内村","addr":"揖斐郡揖斐川町川上","org":"岐阜県","avg":1060.0,"max":1798.0,"latest":693.0,"latestYear":2013,"years":3}},{"type":"Feature","geometry":{"type":"Point","coordinates":[136.482952,35.466749]},"properties":{"name":"春日高橋西","addr":"揖斐郡揖斐川町春日六合3089-1","org":"岐阜県","avg":163.1,"max":364.0,"latest":47.0,"latestYear":2013,"years":18}},{"type":"Feature","geometry":{"type":"Point","coordinates":[136.612664,35.522619]},"properties":{"name":"谷汲新田","addr":"揖斐郡揖斐川町谷汲名札245-12","org":"岐阜県","avg":158.8,"max":314.0,"latest":44.0,"latestYear":2013,"years":18}},{"type":"Feature","geometry":{"type":"Point","coordinates":[136.459923,35.580568]},"properties":{"name":"藤橋村","addr":"揖斐郡揖斐川町西横山436-2","org":"岐阜県","avg":286.9,"max":677.0,"latest":92.0,"latestYear":2013,"years":16}},{"type":"Feature","geometry":{"type":"Point","coordinates":[136.488385,35.68788]},"properties":{"name":"徳山村","addr":"揖斐郡揖斐川町鶴見280番地1","org":"岐阜県","avg":482.8,"max":758.0,"latest":317.0,"latestYear":2013,"years":6}},{"type":"Feature","geometry":{"type":"Point","coordinates":[136.567902,35.490921]},"properties":{"name":"揖斐川上南方","addr":"揖斐郡揖斐川町上南方1-1","org":"岐阜県","avg":87.1,"max":248.0,"latest":194.0,"latestYear":2007,"years":10}},{"type":"Feature","geometry":{"type":"Point","coordinates":[137.100003,36.304999]},"properties":{"name":"河合","addr":"飛騨市河合町角川","org":"国土交通省気象庁","avg":869.0,"max":1472.0,"latest":661.0,"latestYear":2013,"years":34}},{"type":"Feature","geometry":{"type":"Point","coordinates":[136.466667,35.363333]},"properties":{"name":"関ケ原","addr":"不破郡関ケ原町関ケ原","org":"国土交通省気象庁","avg":192.6,"max":653.0,"latest":55.0,"latestYear":2013,"years":33}},{"type":"Feature","geometry":{"type":"Point","coordinates":[137.253335,36.154999]},"properties":{"name":"高山","addr":"高山市桐生町　高山特別地域気象観測所","org":"国土交通省気象庁","avg":339.8,"max":740.0,"latest":286.0,"latestYear":2013,"years":62}},{"type":"Feature","geometry":{"type":"Point","coordinates":[137.308336,36.321666]},"properties":{"name":"神岡","addr":"飛騨市神岡町殿","org":"国土交通省気象庁","avg":614.0,"max":936.0,"latest":674.0,"latestYear":2013,"years":31}},{"type":"Feature","geometry":{"type":"Point","coordinates":[136.601667,35.638333]},"properties":{"name":"樽見","addr":"本巣市根尾神所","org":"国土交通省気象庁","avg":386.4,"max":775.0,"latest":120.0,"latestYear":2013,"years":34}},{"type":"Feature","geometry":{"type":"Point","coordinates":[136.831668,35.923333]},"properties":{"name":"長滝","addr":"郡上市白鳥町長滝字三昧","org":"国土交通省気象庁","avg":638.3,"max":1207.0,"latest":535.0,"latestYear":2013,"years":32}},{"type":"Feature","geometry":{"type":"Point","coordinates":[136.896669,36.273333]},"properties":{"name":"白川","addr":"大野郡白川村鳩谷字北長","org":"国土交通省気象庁","avg":1030.2,"max":1639.0,"latest":636.0,"latestYear":2013,"years":31}},{"type":"Feature","geometry":{"type":"Point","coordinates":[136.121445,35.488041]},"properties":{"name":"沓掛観測所","addr":"滋賀県長浜市西浅井町大字沓掛","org":"近畿地方整備局","avg":660.0,"max":1070.0,"latest":346.0,"latestYear":2013,"years":10}},{"type":"Feature","geometry":{"type":"Point","coordinates":[136.121445,35.488041]},"properties":{"name":"藤ヶ崎北観測所","addr":"滋賀県長浜市西浅井町大字塩津浜","org":"近畿地方整備局","avg":256.9,"max":575.0,"latest":117.0,"latestYear":2013,"years":9}},{"type":"Feature","geometry":{"type":"Point","coordinates":[136.200722,35.503747]},"properties":{"name":"木之本観測所","addr":"滋賀県長浜市木之本町大字大音１２０","org":"近畿地方整備局","avg":396.2,"max":1006.0,"latest":161.0,"latestYear":2013,"years":10}},{"type":"Feature","geometry":{"type":"Point","coordinates":[136.401103,35.343213]},"properties":{"name":"柏原観測所","addr":"滋賀県米原市柏原","org":"近畿地方整備局","avg":248.5,"max":483.0,"latest":92.0,"latestYear":2013,"years":10}},{"type":"Feature","geometry":{"type":"Point","coordinates":[136.032362,35.439904]},"properties":{"name":"国境観測所","addr":"滋賀県高島市マキノ町大字野口","org":"近畿地方整備局","avg":1034.2,"max":2087.0,"latest":684.0,"latestYear":2013,"years":10}},{"type":"Feature","geometry":{"type":"Point","coordinates":[136.021365,35.397779]},"properties":{"name":"今津観測所","addr":"滋賀県高島市今津町大供字刀尾","org":"近畿地方整備局","avg":381.8,"max":716.0,"latest":462.0,"latestYear":2013,"years":10}},{"type":"Feature","geometry":{"type":"Point","coordinates":[136.311422,35.408388]},"properties":{"name":"防災センター","addr":"西上坂町１１４９－３","org":"滋賀県長浜市","avg":65.6,"max":109.0,"latest":14.0,"latestYear":2013,"years":5}},{"type":"Feature","geometry":{"type":"Point","coordinates":[136.319131,35.463363]},"properties":{"name":"健康パーク浅井","addr":"野瀬町８２８","org":"滋賀県長浜市","avg":158.2,"max":227.0,"latest":29.0,"latestYear":2013,"years":5}},{"type":"Feature","geometry":{"type":"Point","coordinates":[135.916453,35.353829]},"properties":{"name":"市場","addr":"高島市朽木市場","org":"滋賀県","avg":247.4,"max":594.0,"latest":269.0,"latestYear":2013,"years":24}},{"type":"Feature","geometry":{"type":"Point","coordinates":[136.025319,35.418444]},"properties":{"name":"今津","addr":"高島市今津町福岡","org":"滋賀県","avg":144.0,"max":389.0,"latest":124.0,"latestYear":2013,"years":24}},{"type":"Feature","geometry":{"type":"Point","coordinates":[136.044574,35.465115]},"properties":{"name":"蛭口","addr":"高島市マキノ町蛭口","org":"滋賀県","avg":192.6,"max":478.0,"latest":117.0,"latestYear":2013,"years":24}},{"type":"Feature","geometry":{"type":"Point","coordinates":[135.94317,35.413795]},"properties":{"name":"保坂","addr":"高島市今津町保坂","org":"滋賀県","avg":274.7,"max":593.0,"latest":288.0,"latestYear":2013,"years":24}},{"type":"Feature","geometry":{"type":"Point","coordinates":[136.072195,35.514061]},"properties":{"name":"在原","addr":"高島市マキノ町在原","org":"滋賀県","avg":490.8,"max":1368.0,"latest":584.0,"latestYear":2013,"years":24}},{"type":"Feature","geometry":{"type":"Point","coordinates":[135.927908,35.434274]},"properties":{"name":"杉山","addr":"高島市今津町杉山","org":"滋賀県","avg":312.6,"max":839.0,"latest":433.0,"latestYear":2013,"years":24}},{"type":"Feature","geometry":{"type":"Point","coordinates":[135.803996,35.354653]},"properties":{"name":"中牧","addr":"高島市朽木中牧","org":"滋賀県","avg":501.9,"max":904.0,"latest":590.0,"latestYear":2013,"years":24}},{"type":"Feature","geometry":{"type":"Point","coordinates":[136.223843,35.505364]},"properties":{"name":"木之本","addr":"長浜市木之本町木之本","org":"滋賀県","avg":158.8,"max":393.0,"latest":75.0,"latestYear":2013,"years":24}},{"type":"Feature","geometry":{"type":"Point","coordinates":[136.122377,35.487921]},"properties":{"name":"大浦","addr":"長浜市西浅井町大浦","org":"滋賀県","avg":189.6,"max":392.0,"latest":107.0,"latestYear":2013,"years":24}},{"type":"Feature","geometry":{"type":"Point","coordinates":[136.206753,35.540264]},"properties":{"name":"中之郷","addr":"長浜市余呉町中之郷","org":"滋賀県","avg":221.0,"max":476.0,"latest":141.0,"latestYear":2013,"years":24}},{"type":"Feature","geometry":{"type":"Point","coordinates":[136.138138,35.555878]},"properties":{"name":"沓掛","addr":"長浜市西浅井町沓掛","org":"滋賀県","avg":304.0,"max":684.0,"latest":250.0,"latestYear":2013,"years":24}},{"type":"Feature","geometry":{"type":"Point","coordinates":[136.284818,35.57498]},"properties":{"name":"金居原","addr":"長浜市木之本町金居原","org":"滋賀県","avg":400.3,"max":937.0,"latest":254.0,"latestYear":2013,"years":24}},{"type":"Feature","geometry":{"type":"Point","coordinates":[136.23268,35.58947]},"properties":{"name":"菅並","addr":"長浜市余呉町菅並","org":"滋賀県","avg":388.1,"max":719.0,"latest":275.0,"latestYear":2013,"years":24}},{"type":"Feature","geometry":{"type":"Point","coordinates":[136.160281,35.66182]},"properties":{"name":"中河内","addr":"長浜市余呉町中河内","org":"滋賀県","avg":595.0,"max":1138.0,"latest":438.0,"latestYear":2013,"years":24}},{"type":"Feature","geometry":{"type":"Point","coordinates":[136.249555,35.516667]},"properties":{"name":"川合","addr":"長浜市木之本町川合","org":"滋賀県","avg":242.2,"max":481.0,"latest":149.0,"latestYear":2013,"years":16}},{"type":"Feature","geometry":{"type":"Point","coordinates":[136.1909,35.57953]},"properties":{"name":"柳ヶ瀬","addr":"長浜市余呉町柳ケ瀬","org":"滋賀県","avg":341.7,"max":648.0,"latest":272.0,"latestYear":2013,"years":23}},{"type":"Feature","geometry":{"type":"Point","coordinates":[136.28783,35.387077]},"properties":{"name":"長浜","addr":"長浜市小堀町","org":"滋賀県","avg":76.6,"max":185.0,"latest":56.0,"latestYear":2013,"years":24}},{"type":"Feature","geometry":{"type":"Point","coordinates":[136.376516,35.386427]},"properties":{"name":"春照","addr":"米原市春照","org":"滋賀県","avg":150.1,"max":296.0,"latest":81.0,"latestYear":2013,"years":24}},{"type":"Feature","geometry":{"type":"Point","coordinates":[136.371373,35.361351]},"properties":{"name":"長岡","addr":"米原市長岡","org":"滋賀県","avg":117.4,"max":269.0,"latest":58.0,"latestYear":2013,"years":24}},{"type":"Feature","geometry":{"type":"Point","coordinates":[136.294533,35.427498]},"properties":{"name":"内保","addr":"長浜市内保町","org":"滋賀県","avg":141.0,"max":303.0,"latest":83.0,"latestYear":2013,"years":24}},{"type":"Feature","geometry":{"type":"Point","coordinates":[136.314451,35.481276]},"properties":{"name":"高山","addr":"長浜市高山町","org":"滋賀県","avg":261.9,"max":552.0,"latest":170.0,"latestYear":2013,"years":24}},{"type":"Feature","geometry":{"type":"Point","coordinates":[136.363184,35.510206]},"properties":{"name":"甲津原","addr":"米原市甲津原","org":"滋賀県","avg":510.7,"max":1164.0,"latest":433.0,"latestYear":2013,"years":24}},{"type":"Feature","geometry":{"type":"Point","coordinates":[136.401127,35.343219]},"properties":{"name":"柏原","addr":"米原市柏原","org":"滋賀県","avg":179.8,"max":417.0,"latest":190.0,"latestYear":2013,"years":24}},{"type":"Feature","geometry":{"type":"Point","coordinates":[136.428011,35.380868]},"properties":{"name":"藤川","addr":"米原市藤川","org":"滋賀県","avg":215.0,"max":430.0,"latest":105.0,"latestYear":2013,"years":14}},{"type":"Feature","geometry":{"type":"Point","coordinates":[136.359638,35.456419]},"properties":{"name":"吉槻","addr":"米原市吉槻","org":"滋賀県","avg":288.7,"max":567.0,"latest":245.0,"latestYear":2013,"years":24}},{"type":"Feature","geometry":{"type":"Point","coordinates":[135.866171,35.246346]},"properties":{"name":"葛川坊村町","addr":"大津市葛川坊村町","org":"滋賀県","avg":327.0,"max":552.0,"latest":339.0,"latestYear":2013,"years":24}},{"type":"Feature","geometry":{"type":"Point","coordinates":[136.417143,35.387368]},"properties":{"name":"上平寺","addr":"米原市上平寺","org":"滋賀県","avg":183.3,"max":276.0,"latest":193.0,"latestYear":1999,"years":10}},{"type":"Feature","geometry":{"type":"Point","coordinates":[136.028333,35.411667]},"properties":{"name":"今津","addr":"高島市今津町弘川","org":"国土交通省気象庁","avg":285.4,"max":710.0,"latest":167.0,"latestYear":2013,"years":33}},{"type":"Feature","geometry":{"type":"Point","coordinates":[136.343333,35.383333]},"properties":{"name":"米原","addr":"米原市朝日字尻屋","org":"国土交通省気象庁","avg":229.2,"max":492.0,"latest":126.0,"latestYear":2013,"years":13}},{"type":"Feature","geometry":{"type":"Point","coordinates":[136.188333,35.581667]},"properties":{"name":"柳ケ瀬","addr":"長浜市余呉町柳ケ瀬字大門","org":"国土交通省気象庁","avg":568.4,"max":1204.0,"latest":318.0,"latestYear":2013,"years":33}},{"type":"Feature","geometry":{"type":"Point","coordinates":[135.120526,35.28621]},"properties":{"name":"福国","addr":"福知山市天田","org":"近畿地方整備局","avg":34.2,"max":65.0,"latest":17.0,"latestYear":2012,"years":6}},{"type":"Feature","geometry":{"type":"Point","coordinates":[134.937436,35.324863]},"properties":{"name":"夜久野","addr":"京都府福知山市夜久野町字小倉小字俊屋１１０－４","org":"近畿地方整備局","avg":46.0,"max":82.0,"latest":82.0,"latestYear":2011,"years":5}},{"type":"Feature","geometry":{"type":"Point","coordinates":[135.412871,35.488222]},"properties":{"name":"泉源寺","addr":"舞鶴市泉源寺","org":"近畿地方整備局","avg":43.4,"max":91.0,"latest":91.0,"latestYear":2011,"years":5}},{"type":"Feature","geometry":{"type":"Point","coordinates":[135.307839,35.340402]},"properties":{"name":"安国寺","addr":"綾部市安国寺","org":"近畿地方整備局","avg":58.0,"max":58.0,"latest":58.0,"latestYear":2007,"years":1}},{"type":"Feature","geometry":{"type":"Point","coordinates":[135.2735,35.299016]},"properties":{"name":"綾国","addr":"綾部市味方","org":"近畿地方整備局","avg":36.7,"max":62.0,"latest":31.0,"latestYear":2012,"years":6}},{"type":"Feature","geometry":{"type":"Point","coordinates":[134.973603,35.331221]},"properties":{"name":"日置","addr":"京都府福知山市夜久野町日置","org":"近畿地方整備局","avg":14.0,"max":14.0,"latest":14.0,"latestYear":2012,"years":1}},{"type":"Feature","geometry":{"type":"Point","coordinates":[135.318029,35.360252]},"properties":{"name":"上杉","addr":"京津府綾部市上杉町鳥居野","org":"近畿地方整備局","avg":46.0,"max":46.0,"latest":46.0,"latestYear":2012,"years":1}},{"type":"Feature","geometry":{"type":"Point","coordinates":[135.095131,35.50472]},"properties":{"name":"与謝峠","addr":"加悦町与謝","org":"京都府","avg":135.5,"max":138.0,"latest":133.0,"latestYear":1994,"years":2}},{"type":"Feature","geometry":{"type":"Point","coordinates":[135.236018,35.711982]},"properties":{"name":"寺領","addr":"伊根町寺領","org":"京都府","avg":194.5,"max":210.0,"latest":179.0,"latestYear":2000,"years":2}},{"type":"Feature","geometry":{"type":"Point","coordinates":[135.183745,35.639824]},"properties":{"name":"上世屋","addr":"宮津市上世屋","org":"京都府","avg":153.7,"max":292.0,"latest":148.0,"latestYear":2013,"years":26}},{"type":"Feature","geometry":{"type":"Point","coordinates":[135.497232,35.417325]},"properties":{"name":"老富","addr":"綾部市老富","org":"京都府","avg":114.5,"max":165.0,"latest":165.0,"latestYear":1999,"years":4}},{"type":"Feature","geometry":{"type":"Point","coordinates":[135.55,35.275]},"properties":{"name":"美山","addr":"南丹市美山町静原桧野","org":"国土交通省気象庁","avg":197.1,"max":648.0,"latest":191.0,"latestYear":2013,"years":33}},{"type":"Feature","geometry":{"type":"Point","coordinates":[135.316667,35.45]},"properties":{"name":"舞鶴","addr":"舞鶴市字下福井　舞鶴特別地域気象観測所","org":"国土交通省気象庁","avg":176.1,"max":435.0,"latest":92.0,"latestYear":2013,"years":54}},{"type":"Feature","geometry":{"type":"Point","coordinates":[135.071667,35.618333]},"properties":{"name":"峰山","addr":"京丹後市峰山町荒山","org":"国土交通省気象庁","avg":270.8,"max":751.0,"latest":88.0,"latestYear":2013,"years":33}},{"type":"Feature","geometry":{"type":"Point","coordinates":[134.538413,35.299302]},"properties":{"name":"戸倉観測所","addr":"兵庫県宍粟市波賀町戸倉宮ノ向","org":"近畿地方整備局","avg":662.6,"max":1049.0,"latest":535.0,"latestYear":2013,"years":16}},{"type":"Feature","geometry":{"type":"Point","coordinates":[134.844976,35.339344]},"properties":{"name":"和田山","addr":"兵庫県朝来市和田山町東谷","org":"近畿地方整備局","avg":149.4,"max":254.0,"latest":155.0,"latestYear":2013,"years":8}},{"type":"Feature","geometry":{"type":"Point","coordinates":[134.786563,35.375259]},"properties":{"name":"上野","addr":"兵庫県養父市上野","org":"近畿地方整備局","avg":130.6,"max":202.0,"latest":154.0,"latestYear":2013,"years":7}},{"type":"Feature","geometry":{"type":"Point","coordinates":[134.756906,35.396072]},"properties":{"name":"八鹿","addr":"兵庫県養父市八鹿町国木","org":"近畿地方整備局","avg":194.2,"max":459.0,"latest":171.0,"latestYear":2013,"years":25}},{"type":"Feature","geometry":{"type":"Point","coordinates":[134.622407,35.393709]},"properties":{"name":"八木谷（旧）","addr":"兵庫県養父市関宮","org":"近畿地方整備局","avg":431.7,"max":677.5,"latest":313.0,"latestYear":2001,"years":13}},{"type":"Feature","geometry":{"type":"Point","coordinates":[134.625507,35.390555]},"properties":{"name":"八木谷","addr":"兵庫県養父市関宮八木谷","org":"近畿地方整備局","avg":284.0,"max":457.0,"latest":202.0,"latestYear":2013,"years":6}},{"type":"Feature","geometry":{"type":"Point","coordinates":[134.606856,35.405021]},"properties":{"name":"福岡","addr":"兵庫県美方郡香美町村岡区八井谷","org":"近畿地方整備局","avg":460.4,"max":753.0,"latest":518.0,"latestYear":2013,"years":25}},{"type":"Feature","geometry":{"type":"Point","coordinates":[134.575808,35.485933]},"properties":{"name":"入江","addr":"兵庫県美方郡香美町村岡区入江","org":"近畿地方整備局","avg":518.7,"max":794.0,"latest":504.0,"latestYear":2013,"years":7}},{"type":"Feature","geometry":{"type":"Point","coordinates":[134.537938,35.500363]},"properties":{"name":"春来基地","addr":"兵庫県美方郡香美町村岡区熊波","org":"近畿地方整備局","avg":511.4,"max":840.0,"latest":453.0,"latestYear":2013,"years":25}},{"type":"Feature","geometry":{"type":"Point","coordinates":[134.523665,35.512497]},"properties":{"name":"春来テレ","addr":"兵庫県美方郡新温泉町春来","org":"近畿地方整備局","avg":485.4,"max":704.0,"latest":466.0,"latestYear":2013,"years":7}},{"type":"Feature","geometry":{"type":"Point","coordinates":[134.480142,35.564851]},"properties":{"name":"湯村","addr":"兵庫県美方郡新温泉町竹田","org":"近畿地方整備局","avg":279.9,"max":432.0,"latest":391.0,"latestYear":2005,"years":17}},{"type":"Feature","geometry":{"type":"Point","coordinates":[134.429231,35.525036]},"properties":{"name":"蒲生","addr":"兵庫県美方郡新温泉町千谷","org":"近畿地方整備局","avg":365.4,"max":597.0,"latest":307.0,"latestYear":2013,"years":25}},{"type":"Feature","geometry":{"type":"Point","coordinates":[134.749759,35.389183]},"properties":{"name":"八鹿氷ノ山ＩＣ","addr":"兵庫県養父市八鹿町高柳","org":"近畿地方整備局","avg":88.5,"max":94.0,"latest":94.0,"latestYear":2013,"years":2}},{"type":"Feature","geometry":{"type":"Point","coordinates":[134.761857,35.359738]},"properties":{"name":"養父ＩＣ","addr":"兵庫県養父市浅野","org":"近畿地方整備局","avg":111.0,"max":127.0,"latest":127.0,"latestYear":2013,"years":2}},{"type":"Feature","geometry":{"type":"Point","coordinates":[134.812507,35.34081]},"properties":{"name":"大倉部ー石和ＴＮ間","addr":"兵庫県朝来市和田山町岡","org":"近畿地方整備局","avg":185.0,"max":220.0,"latest":220.0,"latestYear":2013,"years":2}},{"type":"Feature","geometry":{"type":"Point","coordinates":[134.847317,35.314739]},"properties":{"name":"和田山ＪＣＴ","addr":"兵庫県朝来市和田山町加都","org":"近畿地方整備局","avg":51.0,"max":52.0,"latest":50.0,"latestYear":2013,"years":2}},{"type":"Feature","geometry":{"type":"Point","coordinates":[134.908049,35.304527]},"properties":{"name":"山東ＩＣ","addr":"兵庫県朝来市山東町一品","org":"近畿地方整備局","avg":169.5,"max":283.0,"latest":148.0,"latestYear":2013,"years":8}},{"type":"Feature","geometry":{"type":"Point","coordinates":[134.978885,35.286611]},"properties":{"name":"和田TN","addr":"兵庫県丹波市青垣町遠阪","org":"近畿地方整備局","avg":122.4,"max":224.0,"latest":120.0,"latestYear":2013,"years":8}},{"type":"Feature","geometry":{"type":"Point","coordinates":[135.023329,35.23057]},"properties":{"name":"栗住野橋","addr":"兵庫県丹波市青垣町栗住野","org":"近畿地方整備局","avg":54.1,"max":106.0,"latest":43.0,"latestYear":2013,"years":8}},{"type":"Feature","geometry":{"type":"Point","coordinates":[134.525274,35.295986]},"properties":{"name":"戸倉峠","addr":"宍粟市波賀町戸倉","org":"中国地方整備局","avg":836.4,"max":1255.0,"latest":738.0,"latestYear":2013,"years":10}},{"type":"Feature","geometry":{"type":"Point","coordinates":[134.594444,35.382222]},"properties":{"name":"葛畑","addr":"養父市葛畑","org":"兵庫県","avg":529.3,"max":777.0,"latest":618.0,"latestYear":2013,"years":10}},{"type":"Feature","geometry":{"type":"Point","coordinates":[134.7925,35.478889]},"properties":{"name":"江原","addr":"豊岡市日高町江原","org":"兵庫県","avg":120.2,"max":312.0,"latest":82.0,"latestYear":2013,"years":10}},{"type":"Feature","geometry":{"type":"Point","coordinates":[134.644444,35.644444]},"properties":{"name":"香住","addr":"美方郡香美町香住区境","org":"兵庫県","avg":137.9,"max":319.0,"latest":45.0,"latestYear":2013,"years":10}},{"type":"Feature","geometry":{"type":"Point","coordinates":[134.9375,35.300278]},"properties":{"name":"山東","addr":"朝来市山東町柴","org":"兵庫県","avg":286.0,"max":448.0,"latest":280.0,"latestYear":2013,"years":10}},{"type":"Feature","geometry":{"type":"Point","coordinates":[134.526111,35.415]},"properties":{"name":"秋岡","addr":"美方郡香美町小代区秋岡","org":"兵庫県","avg":471.2,"max":834.0,"latest":556.0,"latestYear":2013,"years":10}},{"type":"Feature","geometry":{"type":"Point","coordinates":[134.952778,35.465278]},"properties":{"name":"出合","addr":"豊岡市但東町出合","org":"兵庫県","avg":221.6,"max":436.0,"latest":158.0,"latestYear":2013,"years":10}},{"type":"Feature","geometry":{"type":"Point","coordinates":[134.872222,35.465278]},"properties":{"name":"出石","addr":"豊岡市出石町町分","org":"兵庫県","avg":155.4,"max":332.0,"latest":121.0,"latestYear":2013,"years":10}},{"type":"Feature","geometry":{"type":"Point","coordinates":[134.549444,35.507778]},"properties":{"name":"春来","addr":"美方郡新温泉町春来","org":"兵庫県","avg":533.2,"max":779.0,"latest":600.0,"latestYear":2013,"years":10}},{"type":"Feature","geometry":{"type":"Point","coordinates":[134.545556,35.157778]},"properties":{"name":"上野","addr":"宍粟市波賀町有賀","org":"兵庫県","avg":100.0,"max":214.0,"latest":35.0,"latestYear":2013,"years":10}},{"type":"Feature","geometry":{"type":"Point","coordinates":[134.815556,35.625]},"properties":{"name":"城崎","addr":"豊岡市城崎町桃島","org":"兵庫県","avg":100.0,"max":214.0,"latest":35.0,"latestYear":2013,"years":10}},{"type":"Feature","geometry":{"type":"Point","coordinates":[134.793889,35.168611]},"properties":{"name":"生野","addr":"朝来市生野町口銀谷","org":"兵庫県","avg":197.9,"max":319.0,"latest":197.0,"latestYear":2013,"years":10}},{"type":"Feature","geometry":{"type":"Point","coordinates":[135.011111,35.237222]},"properties":{"name":"西芦田","addr":"丹波市青垣町西芦田","org":"兵庫県","avg":61.5,"max":137.0,"latest":39.0,"latestYear":2013,"years":10}},{"type":"Feature","geometry":{"type":"Point","coordinates":[134.447222,35.1475]},"properties":{"name":"千草","addr":"宍粟市千草町千草","org":"兵庫県","avg":148.2,"max":327.0,"latest":54.0,"latestYear":2013,"years":10}},{"type":"Feature","geometry":{"type":"Point","coordinates":[134.608611,35.475]},"properties":{"name":"村岡","addr":"美方郡香美町村岡区村岡","org":"兵庫県","avg":462.7,"max":811.0,"latest":406.0,"latestYear":2013,"years":10}},{"type":"Feature","geometry":{"type":"Point","coordinates":[134.6725,35.328611]},"properties":{"name":"大屋","addr":"養父市大屋町大屋市場","org":"兵庫県","avg":136.6,"max":300.0,"latest":245.0,"latestYear":2013,"years":10}},{"type":"Feature","geometry":{"type":"Point","coordinates":[134.760556,35.653611]},"properties":{"name":"竹野","addr":"豊岡市竹野町竹野","org":"兵庫県","avg":141.6,"max":328.0,"latest":32.0,"latestYear":2013,"years":10}},{"type":"Feature","geometry":{"type":"Point","coordinates":[134.798889,35.240833]},"properties":{"name":"朝来","addr":"朝来市新井","org":"兵庫県","avg":84.1,"max":136.0,"latest":77.0,"latestYear":2013,"years":10}},{"type":"Feature","geometry":{"type":"Point","coordinates":[134.798889,35.340278]},"properties":{"name":"畑","addr":"養父市畑","org":"兵庫県","avg":576.5,"max":1438.0,"latest":276.0,"latestYear":2013,"years":10}},{"type":"Feature","geometry":{"type":"Point","coordinates":[134.785556,35.411667]},"properties":{"name":"八鹿","addr":"養父市八鹿町下網場","org":"兵庫県","avg":125.8,"max":294.0,"latest":41.4,"latestYear":2013,"years":10}},{"type":"Feature","geometry":{"type":"Point","coordinates":[134.424167,35.617222]},"properties":{"name":"浜坂","addr":"美方郡新温泉町諸寄","org":"兵庫県","avg":117.2,"max":219.0,"latest":67.0,"latestYear":2013,"years":10}},{"type":"Feature","geometry":{"type":"Point","coordinates":[134.821944,35.551944]},"properties":{"name":"豊岡","addr":"豊岡市宮島","org":"兵庫県","avg":190.6,"max":395.0,"latest":73.0,"latestYear":2013,"years":10}},{"type":"Feature","geometry":{"type":"Point","coordinates":[134.863333,35.334166]},"properties":{"name":"和田山","addr":"朝来市和田山町玉置","org":"兵庫県","avg":109.3,"max":240.0,"latest":95.0,"latestYear":2013,"years":9}},{"type":"Feature","geometry":{"type":"Point","coordinates":[134.626667,35.625]},"properties":{"name":"香住","addr":"美方郡香美町香住区森","org":"国土交通省気象庁","avg":247.7,"max":700.0,"latest":140.0,"latestYear":2013,"years":33}},{"type":"Feature","geometry":{"type":"Point","coordinates":[134.583333,35.431667]},"properties":{"name":"兎和野高原","addr":"美方郡香美町村岡区宿字菟臥野","org":"国土交通省気象庁","avg":594.3,"max":977.0,"latest":735.0,"latestYear":2013,"years":33}},{"type":"Feature","geometry":{"type":"Point","coordinates":[134.821667,35.535]},"properties":{"name":"豊岡","addr":"豊岡市桜町　豊岡特別地域気象観測所","org":"国土交通省気象庁","avg":291.5,"max":672.0,"latest":150.0,"latestYear":2013,"years":62}},{"type":"Feature","geometry":{"type":"Point","coordinates":[134.848333,35.323333]},"properties":{"name":"和田山","addr":"朝来市和田山町枚田","org":"国土交通省気象庁","avg":191.8,"max":899.0,"latest":187.0,"latestYear":2013,"years":33}},{"type":"Feature","geometry":{"type":"Point","coordinates":[134.410471,35.525039]},"properties":{"name":"蒲生峠","addr":"岩美郡岩美町蒲生","org":"中国地方整備局","avg":351.7,"max":709.0,"latest":297.0,"latestYear":2013,"years":10}},{"type":"Feature","geometry":{"type":"Point","coordinates":[134.227389,35.523222]},"properties":{"name":"鳥取市","addr":"鳥取市山城町","org":"中国地方整備局","avg":116.9,"max":339.0,"latest":37.0,"latestYear":2013,"years":10}},{"type":"Feature","geometry":{"type":"Point","coordinates":[134.253997,35.408469]},"properties":{"name":"郡家町","addr":"八頭郡八頭町郡家","org":"中国地方整備局","avg":210.3,"max":419.0,"latest":93.0,"latestYear":2013,"years":10}},{"type":"Feature","geometry":{"type":"Point","coordinates":[134.203787,35.194941]},"properties":{"name":"黒尾峠","addr":"八頭郡智頭町奥本","org":"中国地方整備局","avg":423.5,"max":596.0,"latest":513.0,"latestYear":2013,"years":10}},{"type":"Feature","geometry":{"type":"Point","coordinates":[134.230092,35.267765]},"properties":{"name":"智頭町","addr":"八頭郡智頭町智頭","org":"中国地方整備局","avg":229.4,"max":428.0,"latest":193.0,"latestYear":2013,"years":10}},{"type":"Feature","geometry":{"type":"Point","coordinates":[133.609921,35.51915]},"properties":{"name":"赤碕","addr":"東伯郡琴浦町箆津","org":"中国地方整備局","avg":105.4,"max":293.0,"latest":56.0,"latestYear":2012,"years":9}},{"type":"Feature","geometry":{"type":"Point","coordinates":[133.333944,35.43325]},"properties":{"name":"米子市","addr":"米子市冨士見町","org":"中国地方整備局","avg":70.6,"max":171.0,"latest":40.0,"latestYear":2013,"years":10}},{"type":"Feature","geometry":{"type":"Point","coordinates":[133.951806,35.514361]},"properties":{"name":"泊村","addr":"東伯郡湯梨浜町石脇","org":"中国地方整備局","avg":87.2,"max":193.0,"latest":26.0,"latestYear":2013,"years":10}},{"type":"Feature","geometry":{"type":"Point","coordinates":[133.326821,35.340324]},"properties":{"name":"法勝寺","addr":"西伯郡南部町法勝寺３７７番地１","org":"南部町","avg":147.9,"max":348.0,"latest":117.0,"latestYear":2013,"years":9}},{"type":"Feature","geometry":{"type":"Point","coordinates":[133.407349,35.385255]},"properties":{"name":"伯耆町役場","addr":"西伯郡伯耆町吉長37-3","org":"伯耆町","avg":182.1,"max":805.0,"latest":95.0,"latestYear":2013,"years":8}},{"type":"Feature","geometry":{"type":"Point","coordinates":[134.236131,35.489025]},"properties":{"name":"鳥取","addr":"鳥取市吉方","org":"鳥取県","avg":1039.1,"max":4026.0,"latest":31.0,"latestYear":2006,"years":32}},{"type":"Feature","geometry":{"type":"Point","coordinates":[133.340388,35.433507]},"properties":{"name":"米子","addr":"米子市博労町","org":"鳥取県","avg":550.2,"max":1570.0,"latest":106.0,"latestYear":2006,"years":32}},{"type":"Feature","geometry":{"type":"Point","coordinates":[133.444023,35.237541]},"properties":{"name":"根雨","addr":"日野郡日野町根雨","org":"鳥取県","avg":1518.7,"max":2740.0,"latest":722.0,"latestYear":1998,"years":24}},{"type":"Feature","geometry":{"type":"Point","coordinates":[133.377328,35.215575]},"properties":{"name":"黒坂","addr":"日野郡日野町黒坂","org":"鳥取県","avg":1579.1,"max":2959.0,"latest":142.0,"latestYear":2006,"years":8}},{"type":"Feature","geometry":{"type":"Point","coordinates":[134.255382,35.408025]},"properties":{"name":"郡家","addr":"八頭郡八頭町郡家","org":"鳥取県","avg":1173.6,"max":3640.0,"latest":889.0,"latestYear":1998,"years":24}},{"type":"Feature","geometry":{"type":"Point","coordinates":[134.237062,35.270183]},"properties":{"name":"智頭","addr":"八頭郡智頭町智頭","org":"鳥取県","avg":1554.9,"max":3165.0,"latest":233.0,"latestYear":2006,"years":8}},{"type":"Feature","geometry":{"type":"Point","coordinates":[133.840104,35.475329]},"properties":{"name":"倉吉","addr":"倉吉市大塚","org":"鳥取県","avg":1124.0,"max":3269.0,"latest":1148.0,"latestYear":1998,"years":24}},{"type":"Feature","geometry":{"type":"Point","coordinates":[133.898213,35.413469]},"properties":{"name":"三朝","addr":"東伯郡三朝町三朝","org":"鳥取県","avg":1215.8,"max":2787.0,"latest":72.0,"latestYear":2006,"years":8}},{"type":"Feature","geometry":{"type":"Point","coordinates":[133.235,35.543333]},"properties":{"name":"境","addr":"境港市東本町　境特別地域気象観測所","org":"国土交通省気象庁","avg":106.1,"max":340.0,"latest":37.0,"latestYear":2013,"years":62}},{"type":"Feature","geometry":{"type":"Point","coordinates":[133.838333,35.473333]},"properties":{"name":"倉吉","addr":"倉吉市大塚字隈ケ坪","org":"国土交通省気象庁","avg":154.1,"max":470.0,"latest":45.0,"latestYear":2013,"years":33}},{"type":"Feature","geometry":{"type":"Point","coordinates":[134.24,35.263333]},"properties":{"name":"智頭","addr":"八頭郡智頭町智頭沖代","org":"国土交通省気象庁","avg":317.4,"max":952.0,"latest":259.0,"latestYear":2013,"years":33}},{"type":"Feature","geometry":{"type":"Point","coordinates":[134.238333,35.486667]},"properties":{"name":"鳥取","addr":"鳥取市吉方　鳥取地方気象台","org":"国土交通省気象庁","avg":184.8,"max":545.0,"latest":101.0,"latestYear":2013,"years":62}},{"type":"Feature","geometry":{"type":"Point","coordinates":[133.338333,35.433333]},"properties":{"name":"米子","addr":"米子市博労町　米子特別地域気象観測所","org":"国土交通省気象庁","avg":130.5,"max":374.0,"latest":86.0,"latestYear":2013,"years":62}},{"type":"Feature","geometry":{"type":"Point","coordinates":[132.770639,35.124722]},"properties":{"name":"恩谷","addr":"雲南市掛合町波多","org":"中国地方整備局","avg":478.7,"max":785.0,"latest":530.0,"latestYear":2013,"years":10}},{"type":"Feature","geometry":{"type":"Point","coordinates":[132.781083,35.077833]},"properties":{"name":"頓原町","addr":"飯石郡飯南町佐見","org":"中国地方整備局","avg":399.0,"max":646.0,"latest":332.0,"latestYear":2013,"years":10}},{"type":"Feature","geometry":{"type":"Point","coordinates":[132.156588,34.736969]},"properties":{"name":"若生","addr":"浜田市金城町波佐若生","org":"浜田市","avg":259.3,"max":441.0,"latest":338.0,"latestYear":2013,"years":21}},{"type":"Feature","geometry":{"type":"Point","coordinates":[133.176292,35.364228]},"properties":{"name":"広瀬","addr":"安来市広瀬町広瀬","org":"島根県","avg":97.3,"max":282.5,"latest":55.0,"latestYear":2013,"years":22}},{"type":"Feature","geometry":{"type":"Point","coordinates":[133.127891,35.238046]},"properties":{"name":"西比田","addr":"安来市広瀬町西比田","org":"島根県","avg":301.6,"max":911.0,"latest":291.0,"latestYear":2013,"years":20}},{"type":"Feature","geometry":{"type":"Point","coordinates":[133.079667,35.286771]},"properties":{"name":"奥田原","addr":"安来市広瀬町奥田原","org":"島根県","avg":408.6,"max":939.0,"latest":621.0,"latestYear":2013,"years":21}},{"type":"Feature","geometry":{"type":"Point","coordinates":[133.256265,35.294765]},"properties":{"name":"赤屋","addr":"安来市伯太町赤屋","org":"島根県","avg":199.5,"max":577.0,"latest":238.0,"latestYear":2013,"years":21}},{"type":"Feature","geometry":{"type":"Point","coordinates":[133.177769,35.251943]},"properties":{"name":"東比田","addr":"安来市広瀬町東比田","org":"島根県","avg":344.5,"max":715.0,"latest":476.0,"latestYear":2013,"years":21}},{"type":"Feature","geometry":{"type":"Point","coordinates":[133.291821,35.27554]},"properties":{"name":"小竹","addr":"安来市伯太町上小竹","org":"島根県","avg":204.4,"max":460.0,"latest":335.0,"latestYear":2011,"years":19}},{"type":"Feature","geometry":{"type":"Point","coordinates":[132.847738,35.164994]},"properties":{"name":"吉田","addr":"雲南市吉田町吉田","org":"島根県","avg":303.6,"max":907.0,"latest":511.0,"latestYear":2013,"years":21}},{"type":"Feature","geometry":{"type":"Point","coordinates":[132.818047,35.194845]},"properties":{"name":"掛合","addr":"雲南市掛合町掛合","org":"島根県","avg":141.7,"max":406.0,"latest":126.0,"latestYear":2013,"years":21}},{"type":"Feature","geometry":{"type":"Point","coordinates":[132.732973,35.14199]},"properties":{"name":"恩谷","addr":"雲南市掛合町波多","org":"島根県","avg":393.4,"max":786.0,"latest":501.5,"latestYear":2013,"years":21}},{"type":"Feature","geometry":{"type":"Point","coordinates":[132.78427,35.079119]},"properties":{"name":"頓原","addr":"飯石郡飯南町頓原","org":"島根県","avg":359.7,"max":2211.5,"latest":302.0,"latestYear":2013,"years":21}},{"type":"Feature","geometry":{"type":"Point","coordinates":[132.714075,35.006052]},"properties":{"name":"赤名","addr":"飯石郡飯南町下赤名","org":"島根県","avg":485.2,"max":3554.0,"latest":356.0,"latestYear":2013,"years":20}},{"type":"Feature","geometry":{"type":"Point","coordinates":[132.668533,35.143578]},"properties":{"name":"角井","addr":"飯石郡飯南町角井","org":"島根県","avg":269.6,"max":605.0,"latest":349.0,"latestYear":2013,"years":20}},{"type":"Feature","geometry":{"type":"Point","coordinates":[132.909309,35.091239]},"properties":{"name":"王貫","addr":"仁多郡奥出雲町上阿井","org":"島根県","avg":496.1,"max":779.0,"latest":535.0,"latestYear":2013,"years":20}},{"type":"Feature","geometry":{"type":"Point","coordinates":[132.978529,35.242095]},"properties":{"name":"佐白","addr":"仁多郡奥出雲町佐白","org":"島根県","avg":296.4,"max":687.2,"latest":328.0,"latestYear":2013,"years":20}},{"type":"Feature","geometry":{"type":"Point","coordinates":[133.054988,35.1082]},"properties":{"name":"馬木","addr":"仁多郡奥出雲町大馬木","org":"島根県","avg":312.7,"max":662.5,"latest":143.0,"latestYear":2013,"years":18}},{"type":"Feature","geometry":{"type":"Point","coordinates":[133.091781,35.145889]},"properties":{"name":"八川","addr":"仁多郡奥出雲町八川","org":"島根県","avg":290.2,"max":942.0,"latest":299.0,"latestYear":2013,"years":20}},{"type":"Feature","geometry":{"type":"Point","coordinates":[133.113707,35.08933]},"properties":{"name":"三井野","addr":"仁多郡奥出雲町八川三井野","org":"島根県","avg":421.6,"max":673.0,"latest":519.0,"latestYear":2013,"years":20}},{"type":"Feature","geometry":{"type":"Point","coordinates":[133.085779,35.226915]},"properties":{"name":"亀嵩","addr":"仁多郡奥出雲町亀嵩","org":"島根県","avg":246.3,"max":607.0,"latest":242.0,"latestYear":2013,"years":20}},{"type":"Feature","geometry":{"type":"Point","coordinates":[133.089035,35.181754]},"properties":{"name":"横田","addr":"仁多郡奥出雲町横田","org":"島根県","avg":289.1,"max":584.0,"latest":242.0,"latestYear":2013,"years":20}},{"type":"Feature","geometry":{"type":"Point","coordinates":[133.009825,35.195057]},"properties":{"name":"三成","addr":"仁多郡奥出雲町三成","org":"島根県","avg":198.6,"max":424.0,"latest":252.0,"latestYear":2013,"years":19}},{"type":"Feature","geometry":{"type":"Point","coordinates":[132.518355,34.85335]},"properties":{"name":"瑞芽","addr":"邑智郡邑南町下田所","org":"島根県","avg":183.9,"max":417.0,"latest":284.0,"latestYear":2013,"years":20}},{"type":"Feature","geometry":{"type":"Point","coordinates":[132.485568,34.803303]},"properties":{"name":"中三坂","addr":"邑智郡邑南町上田所","org":"島根県","avg":240.1,"max":523.3,"latest":261.0,"latestYear":2013,"years":20}},{"type":"Feature","geometry":{"type":"Point","coordinates":[132.438361,34.893384]},"properties":{"name":"矢上","addr":"邑智郡邑南町矢上","org":"島根県","avg":145.2,"max":460.0,"latest":118.0,"latestYear":2013,"years":19}},{"type":"Feature","geometry":{"type":"Point","coordinates":[132.198147,34.783052]},"properties":{"name":"波佐","addr":"浜田市金城町波佐","org":"島根県","avg":221.1,"max":568.0,"latest":347.0,"latestYear":2013,"years":18}},{"type":"Feature","geometry":{"type":"Point","coordinates":[132.262135,34.851809]},"properties":{"name":"今市","addr":"浜田市旭町今市","org":"島根県","avg":94.7,"max":397.3,"latest":152.0,"latestYear":2013,"years":19}},{"type":"Feature","geometry":{"type":"Point","coordinates":[132.316544,34.837821]},"properties":{"name":"都川","addr":"浜田市旭町都川","org":"島根県","avg":146.3,"max":372.0,"latest":117.0,"latestYear":2013,"years":19}},{"type":"Feature","geometry":{"type":"Point","coordinates":[132.283422,34.858359]},"properties":{"name":"和田","addr":"浜田市旭町和田","org":"島根県","avg":109.3,"max":488.0,"latest":90.0,"latestYear":2013,"years":19}},{"type":"Feature","geometry":{"type":"Point","coordinates":[132.37644,34.840395]},"properties":{"name":"市木","addr":"浜田市旭町市木","org":"島根県","avg":143.3,"max":334.0,"latest":178.0,"latestYear":2013,"years":19}},{"type":"Feature","geometry":{"type":"Point","coordinates":[132.219458,34.74966]},"properties":{"name":"大佐山","addr":"浜田市金城町長田","org":"島根県","avg":280.7,"max":1047.0,"latest":555.0,"latestYear":2013,"years":19}},{"type":"Feature","geometry":{"type":"Point","coordinates":[132.091388,34.64288]},"properties":{"name":"道川","addr":"益田市匹見町道川","org":"島根県","avg":298.6,"max":1215.0,"latest":365.0,"latestYear":2013,"years":20}},{"type":"Feature","geometry":{"type":"Point","coordinates":[131.948359,34.602956]},"properties":{"name":"澄川","addr":"益田市匹見町澄川","org":"島根県","avg":108.4,"max":298.2,"latest":123.0,"latestYear":2013,"years":20}},{"type":"Feature","geometry":{"type":"Point","coordinates":[132.017639,34.5726]},"properties":{"name":"匹見","addr":"益田市匹見町匹見","org":"島根県","avg":188.4,"max":679.0,"latest":191.0,"latestYear":2013,"years":19}},{"type":"Feature","geometry":{"type":"Point","coordinates":[132.144229,34.674669]},"properties":{"name":"芸北","addr":"益田市匹見町臼木谷","org":"島根県","avg":410.3,"max":1107.0,"latest":572.0,"latestYear":2013,"years":20}},{"type":"Feature","geometry":{"type":"Point","coordinates":[132.001103,34.487328]},"properties":{"name":"三葛","addr":"益田市匹見町紙祖","org":"島根県","avg":287.6,"max":1017.0,"latest":466.0,"latestYear":2013,"years":20}},{"type":"Feature","geometry":{"type":"Point","coordinates":[133.103333,35.173333]},"properties":{"name":"横田","addr":"仁多郡奥出雲町稲原","org":"国土交通省気象庁","avg":429.3,"max":902.0,"latest":509.0,"latestYear":2013,"years":33}},{"type":"Feature","geometry":{"type":"Point","coordinates":[132.711667,35.001667]},"properties":{"name":"赤名","addr":"飯石郡飯南町下赤名","org":"国土交通省気象庁","avg":475.4,"max":828.0,"latest":523.0,"latestYear":2013,"years":33}},{"type":"Feature","geometry":{"type":"Point","coordinates":[134.212597,35.178673]},"properties":{"name":"馬桑","addr":"勝田郡奈義町馬桑","org":"中国地方整備局","avg":370.6,"max":515.0,"latest":457.0,"latestYear":2013,"years":10}},{"type":"Feature","geometry":{"type":"Point","coordinates":[133.567641,35.179391]},"properties":{"name":"新庄","addr":"岡山県真庭郡新庄村2008-1","org":"新庄村","avg":257.1,"max":435.0,"latest":286.0,"latestYear":2013,"years":22}},{"type":"Feature","geometry":{"type":"Point","coordinates":[134.177381,35.123045]},"properties":{"name":"奈義町役場","addr":"岡山県勝田郡奈義町豊沢306-1","org":"奈義町","avg":67.1,"max":167.0,"latest":40.0,"latestYear":2013,"years":22}},{"type":"Feature","geometry":{"type":"Point","coordinates":[133.483133,34.985195]},"properties":{"name":"新見","addr":"新見市新見","org":"岡山県","avg":54.8,"max":133.0,"latest":38.0,"latestYear":2013,"years":28}},{"type":"Feature","geometry":{"type":"Point","coordinates":[133.385976,35.084292]},"properties":{"name":"釜","addr":"新見市神郷釜村","org":"岡山県","avg":226.8,"max":404.0,"latest":145.0,"latestYear":2013,"years":28}},{"type":"Feature","geometry":{"type":"Point","coordinates":[133.45101,35.117028]},"properties":{"name":"千屋","addr":"新見市千屋実","org":"岡山県","avg":162.7,"max":309.0,"latest":166.0,"latestYear":2013,"years":28}},{"type":"Feature","geometry":{"type":"Point","coordinates":[133.423077,35.164798]},"properties":{"name":"花見","addr":"新見市千屋花見","org":"岡山県","avg":294.7,"max":475.0,"latest":266.0,"latestYear":2013,"years":28}},{"type":"Feature","geometry":{"type":"Point","coordinates":[133.554098,35.087244]},"properties":{"name":"小坂部","addr":"新見市大佐小坂部","org":"岡山県","avg":97.8,"max":196.0,"latest":72.0,"latestYear":2013,"years":28}},{"type":"Feature","geometry":{"type":"Point","coordinates":[133.608825,35.156613]},"properties":{"name":"美甘","addr":"真庭市美甘","org":"岡山県","avg":155.9,"max":241.0,"latest":90.0,"latestYear":2013,"years":28}},{"type":"Feature","geometry":{"type":"Point","coordinates":[133.534558,35.19931]},"properties":{"name":"新庄","addr":"真庭郡新庄村二ツ橋","org":"岡山県","avg":245.3,"max":412.0,"latest":246.0,"latestYear":2013,"years":28}},{"type":"Feature","geometry":{"type":"Point","coordinates":[133.733298,35.174877]},"properties":{"name":"久見","addr":"真庭市久見","org":"岡山県","avg":136.8,"max":345.0,"latest":149.5,"latestYear":2013,"years":28}},{"type":"Feature","geometry":{"type":"Point","coordinates":[133.788359,35.249168]},"properties":{"name":"中和","addr":"真庭市蒜山下和","org":"岡山県","avg":282.1,"max":468.0,"latest":402.0,"latestYear":2013,"years":28}},{"type":"Feature","geometry":{"type":"Point","coordinates":[133.702424,35.304072]},"properties":{"name":"上長田","addr":"真庭市蒜山上長田","org":"岡山県","avg":255.7,"max":422.0,"latest":422.0,"latestYear":2011,"years":26}},{"type":"Feature","geometry":{"type":"Point","coordinates":[133.679291,35.295124]},"properties":{"name":"八束","addr":"真庭市蒜山下福田","org":"岡山県","avg":348.0,"max":430.0,"latest":430.0,"latestYear":2013,"years":2}},{"type":"Feature","geometry":{"type":"Point","coordinates":[133.623323,35.311352]},"properties":{"name":"川上","addr":"真庭市蒜山上福田","org":"岡山県","avg":254.7,"max":462.0,"latest":283.0,"latestYear":2013,"years":28}},{"type":"Feature","geometry":{"type":"Point","coordinates":[133.632512,35.290034]},"properties":{"name":"上福田","addr":"真庭市蒜山上福田1200-4","org":"岡山県","avg":313.9,"max":562.0,"latest":345.0,"latestYear":2013,"years":28}},{"type":"Feature","geometry":{"type":"Point","coordinates":[134.001719,35.062586]},"properties":{"name":"津山","addr":"津山市山下","org":"岡山県","avg":25.1,"max":83.0,"latest":13.0,"latestYear":2013,"years":28}},{"type":"Feature","geometry":{"type":"Point","coordinates":[133.913819,35.233497]},"properties":{"name":"奥津","addr":"苫田郡鏡野町奥津川西","org":"岡山県","avg":228.2,"max":425.0,"latest":212.0,"latestYear":2013,"years":28}},{"type":"Feature","geometry":{"type":"Point","coordinates":[133.955717,35.298804]},"properties":{"name":"人形峠","addr":"苫田郡鏡野町上斎原","org":"岡山県","avg":388.2,"max":624.0,"latest":545.0,"latestYear":2013,"years":28}},{"type":"Feature","geometry":{"type":"Point","coordinates":[134.050572,35.178337]},"properties":{"name":"小中原","addr":"津山市加茂町小中原","org":"岡山県","avg":92.0,"max":203.0,"latest":74.8,"latestYear":2013,"years":28}},{"type":"Feature","geometry":{"type":"Point","coordinates":[133.920564,35.278447]},"properties":{"name":"小林","addr":"苫田郡鏡野町上斎原","org":"岡山県","avg":439.9,"max":707.0,"latest":516.0,"latestYear":2013,"years":28}},{"type":"Feature","geometry":{"type":"Point","coordinates":[134.336254,35.171331]},"properties":{"name":"影石","addr":"英田郡西粟倉村影石","org":"岡山県","avg":152.9,"max":269.5,"latest":107.5,"latestYear":2013,"years":28}},{"type":"Feature","geometry":{"type":"Point","coordinates":[134.332835,35.203011]},"properties":{"name":"坂根","addr":"英田郡西粟倉村坂根","org":"岡山県","avg":197.9,"max":347.0,"latest":160.0,"latestYear":2013,"years":28}},{"type":"Feature","geometry":{"type":"Point","coordinates":[134.3955,35.170996]},"properties":{"name":"後山","addr":"美作市後山","org":"岡山県","avg":152.2,"max":283.0,"latest":125.0,"latestYear":2013,"years":28}},{"type":"Feature","geometry":{"type":"Point","coordinates":[134.245548,35.112902]},"properties":{"name":"梶並","addr":"美作市梶並","org":"岡山県","avg":91.6,"max":217.0,"latest":69.0,"latestYear":2013,"years":28}},{"type":"Feature","geometry":{"type":"Point","coordinates":[134.325,35.098333]},"properties":{"name":"今岡","addr":"美作市今岡","org":"国土交通省気象庁","avg":110.7,"max":295.0,"latest":37.0,"latestYear":2013,"years":23}},{"type":"Feature","geometry":{"type":"Point","coordinates":[133.725,35.296667]},"properties":{"name":"上長田","addr":"真庭市蒜山上長田","org":"国土交通省気象庁","avg":556.5,"max":893.0,"latest":712.0,"latestYear":2013,"years":24}},{"type":"Feature","geometry":{"type":"Point","coordinates":[133.435,35.103333]},"properties":{"name":"千屋","addr":"新見市千屋","org":"国土交通省気象庁","avg":382.9,"max":608.0,"latest":488.0,"latestYear":2013,"years":24}},{"type":"Feature","geometry":{"type":"Point","coordinates":[134.008333,35.063333]},"properties":{"name":"津山","addr":"津山市林田　津山特別地域気象観測所","org":"国土交通省気象庁","avg":48.6,"max":139.0,"latest":11.0,"latestYear":2013,"years":62}},{"type":"Feature","geometry":{"type":"Point","coordinates":[132.736679,34.945576]},"properties":{"name":"横谷","addr":"三次市布野町横谷","org":"中国地方整備局","avg":452.5,"max":821.0,"latest":282.0,"latestYear":2013,"years":10}},{"type":"Feature","geometry":{"type":"Point","coordinates":[132.42508,34.699556]},"properties":{"name":"豊平","addr":"山県郡北広島町志路原鳥越","org":"広島県","avg":292.9,"max":587.0,"latest":299.0,"latestYear":2013,"years":42}},{"type":"Feature","geometry":{"type":"Point","coordinates":[132.274907,34.726814]},"properties":{"name":"芸北","addr":"山県郡北広島町川小田","org":"広島県","avg":420.1,"max":789.0,"latest":500.0,"latestYear":2013,"years":42}},{"type":"Feature","geometry":{"type":"Point","coordinates":[132.534858,34.675238]},"properties":{"name":"千代田","addr":"山県郡北広島町有田","org":"広島県","avg":142.9,"max":317.0,"latest":165.0,"latestYear":2013,"years":42}},{"type":"Feature","geometry":{"type":"Point","coordinates":[132.486638,34.793035]},"properties":{"name":"大朝","addr":"山県郡北広島町大朝鳴滝","org":"広島県","avg":309.9,"max":762.0,"latest":263.0,"latestYear":2013,"years":42}},{"type":"Feature","geometry":{"type":"Point","coordinates":[132.218009,34.595563]},"properties":{"name":"戸河内","addr":"山県郡安芸大田町川手","org":"広島県","avg":234.7,"max":477.0,"latest":153.0,"latestYear":2013,"years":42}},{"type":"Feature","geometry":{"type":"Point","coordinates":[132.16158,34.692679]},"properties":{"name":"八幡","addr":"山県郡北広島町西八幡原","org":"広島県","avg":557.7,"max":1197.0,"latest":526.0,"latestYear":2013,"years":42}},{"type":"Feature","geometry":{"type":"Point","coordinates":[132.141568,34.486918]},"properties":{"name":"吉和","addr":"廿日市市吉和","org":"広島県","avg":346.0,"max":808.0,"latest":394.0,"latestYear":2013,"years":42}},{"type":"Feature","geometry":{"type":"Point","coordinates":[132.901592,34.920394]},"properties":{"name":"口和","addr":"庄原市口和町向泉","org":"広島県","avg":226.0,"max":479.0,"latest":223.0,"latestYear":2013,"years":42}},{"type":"Feature","geometry":{"type":"Point","coordinates":[133.276359,34.889483]},"properties":{"name":"東城","addr":"庄原市東城町川東","org":"広島県","avg":80.2,"max":210.0,"latest":82.0,"latestYear":2013,"years":42}},{"type":"Feature","geometry":{"type":"Point","coordinates":[132.989013,34.99291]},"properties":{"name":"比和","addr":"庄原市比和町森脇","org":"広島県","avg":272.9,"max":527.0,"latest":278.0,"latestYear":2013,"years":42}},{"type":"Feature","geometry":{"type":"Point","coordinates":[133.132256,34.975307]},"properties":{"name":"西城","addr":"庄原市西城町熊野","org":"広島県","avg":183.7,"max":415.0,"latest":186.0,"latestYear":2013,"years":42}},{"type":"Feature","geometry":{"type":"Point","coordinates":[132.905737,35.032786]},"properties":{"name":"高野","addr":"庄原市高野町新市","org":"広島県","avg":455.6,"max":838.0,"latest":443.0,"latestYear":2013,"years":42}},{"type":"Feature","geometry":{"type":"Point","coordinates":[133.188,35.065948]},"properties":{"name":"小鳥原","addr":"庄原市西城町三坂","org":"広島県","avg":478.9,"max":840.0,"latest":550.0,"latestYear":2013,"years":42}},{"type":"Feature","geometry":{"type":"Point","coordinates":[132.737793,34.942365]},"properties":{"name":"横谷","addr":"三次市布野町横谷","org":"広島県","avg":413.9,"max":792.0,"latest":296.0,"latestYear":2013,"years":42}},{"type":"Feature","geometry":{"type":"Point","coordinates":[132.701942,34.934903]},"properties":{"name":"岡三渕","addr":"三次市作木町岡三渕","org":"広島県","avg":404.8,"max":832.0,"latest":332.0,"latestYear":2013,"years":33}},{"type":"Feature","geometry":{"type":"Point","coordinates":[132.722314,34.840429]},"properties":{"name":"作木","addr":"三次市作木町香淀","org":"広島県","avg":163.5,"max":351.0,"latest":81.0,"latestYear":2013,"years":42}},{"type":"Feature","geometry":{"type":"Point","coordinates":[132.791863,34.864809]},"properties":{"name":"布野","addr":"三次市布野町下布野","org":"広島県","avg":178.9,"max":325.0,"latest":74.0,"latestYear":2013,"years":42}},{"type":"Feature","geometry":{"type":"Point","coordinates":[132.846564,34.875056]},"properties":{"name":"君田","addr":"三次市君田町東入君","org":"広島県","avg":149.3,"max":305.0,"latest":81.0,"latestYear":2013,"years":42}},{"type":"Feature","geometry":{"type":"Point","coordinates":[132.677045,34.833509]},"properties":{"name":"川根","addr":"安芸高田市高宮町川根","org":"広島県","avg":168.7,"max":626.0,"latest":101.0,"latestYear":2013,"years":41}},{"type":"Feature","geometry":{"type":"Point","coordinates":[132.714846,34.775747]},"properties":{"name":"佐々部","addr":"安芸高田市高宮町佐々部","org":"広島県","avg":117.8,"max":196.0,"latest":86.0,"latestYear":2013,"years":8}},{"type":"Feature","geometry":{"type":"Point","coordinates":[132.584543,34.816954]},"properties":{"name":"智教寺","addr":"安芸高田市美土里町生田","org":"広島県","avg":275.6,"max":465.0,"latest":290.0,"latestYear":2013,"years":20}},{"type":"Feature","geometry":{"type":"Point","coordinates":[132.589143,34.756323]},"properties":{"name":"桑田","addr":"安芸高田市美土里町桑田","org":"広島県","avg":264.5,"max":440.0,"latest":205.0,"latestYear":2013,"years":8}},{"type":"Feature","geometry":{"type":"Point","coordinates":[132.901667,35.033333]},"properties":{"name":"高野","addr":"庄原市高野町新市","org":"国土交通省気象庁","avg":595.4,"max":918.0,"latest":752.0,"latestYear":2013,"years":24}},{"type":"Feature","geometry":{"type":"Point","coordinates":[132.463333,34.768333]},"properties":{"name":"大朝","addr":"山県郡北広島町大朝字大坪","org":"国土交通省気象庁","avg":332.1,"max":643.0,"latest":323.0,"latestYear":2013,"years":24}},{"type":"Feature","geometry":{"type":"Point","coordinates":[132.173333,34.708333]},"properties":{"name":"八幡","addr":"山県郡北広島町東八幡原","org":"国土交通省気象庁","avg":629.6,"max":959.0,"latest":883.0,"latestYear":2013,"years":24}}]}